filename,id,split,synset,breed,ear_type,file
n02085620_11477.jpg,n02085620_11477,train,n02085620,Chihuahua,pointy,images/train/n02085620_11477.jpg
n02085620_11696.jpg,n02085620_11696,train,n02085620,Chihuahua,pointy,images/train/n02085620_11696.jpg
n02085620_11818.jpg,n02085620_11818,train,n02085620,Chihuahua,pointy,images/train/n02085620_11818.jpg
n02085620_11948.jpg,n02085620_11948,train,n02085620,Chihuahua,pointy,images/train/n02085620_11948.jpg
n02085620_12334.jpg,n02085620_12334,train,n02085620,Chihuahua,pointy,images/train/n02085620_12334.jpg
n02085620_1235.jpg,n02085620_1235,train,n02085620,Chihuahua,pointy,images/train/n02085620_1235.jpg
n02085620_1298.jpg,n02085620_1298,train,n02085620,Chihuahua,pointy,images/train/n02085620_1298.jpg
n02085620_1346.jpg,n02085620_1346,train,n02085620,Chihuahua,pointy,images/train/n02085620_1346.jpg
n02085620_14252.jpg,n02085620_14252,train,n02085620,Chihuahua,pointy,images/train/n02085620_14252.jpg
n02085620_14413.jpg,n02085620_14413,train,n02085620,Chihuahua,pointy,images/train/n02085620_14413.jpg
n02085620_1862.jpg,n02085620_1862,train,n02085620,Chihuahua,pointy,images/train/n02085620_1862.jpg
n02085620_199.jpg,n02085620_199,train,n02085620,Chihuahua,pointy,images/train/n02085620_199.jpg
n02085620_2650.jpg,n02085620_2650,train,n02085620,Chihuahua,pointy,images/train/n02085620_2650.jpg
n02085620_2706.jpg,n02085620_2706,train,n02085620,Chihuahua,pointy,images/train/n02085620_2706.jpg
n02085620_3093.jpg,n02085620_3093,train,n02085620,Chihuahua,pointy,images/train/n02085620_3093.jpg
n02085620_3409.jpg,n02085620_3409,train,n02085620,Chihuahua,pointy,images/train/n02085620_3409.jpg
n02085620_3485.jpg,n02085620_3485,train,n02085620,Chihuahua,pointy,images/train/n02085620_3485.jpg
n02085620_3742.jpg,n02085620_3742,train,n02085620,Chihuahua,pointy,images/train/n02085620_3742.jpg
n02085620_3763.jpg,n02085620_3763,train,n02085620,Chihuahua,pointy,images/train/n02085620_3763.jpg
n02085620_3838.jpg,n02085620_3838,train,n02085620,Chihuahua,pointy,images/train/n02085620_3838.jpg
n02085620_4159.jpg,n02085620_4159,train,n02085620,Chihuahua,pointy,images/train/n02085620_4159.jpg
n02085620_4515.jpg,n02085620_4515,train,n02085620,Chihuahua,pointy,images/train/n02085620_4515.jpg
n02085620_4919.jpg,n02085620_4919,train,n02085620,Chihuahua,pointy,images/train/n02085620_4919.jpg
n02085620_4980.jpg,n02085620_4980,train,n02085620,Chihuahua,pointy,images/train/n02085620_4980.jpg
n02085620_4998.jpg,n02085620_4998,train,n02085620,Chihuahua,pointy,images/train/n02085620_4998.jpg
n02085620_500.jpg,n02085620_500,train,n02085620,Chihuahua,pointy,images/train/n02085620_500.jpg
n02085620_574.jpg,n02085620_574,train,n02085620,Chihuahua,pointy,images/train/n02085620_574.jpg
n02085620_7613.jpg,n02085620_7613,train,n02085620,Chihuahua,pointy,images/train/n02085620_7613.jpg
n02085620_7700.jpg,n02085620_7700,train,n02085620,Chihuahua,pointy,images/train/n02085620_7700.jpg
n02085620_7738.jpg,n02085620_7738,train,n02085620,Chihuahua,pointy,images/train/n02085620_7738.jpg
n02085782_1077.jpg,n02085782_1077,train,n02085782,Japanese_spaniel,floppy,images/train/n02085782_1077.jpg
n02085782_1085.jpg,n02085782_1085,train,n02085782,Japanese_spaniel,floppy,images/train/n02085782_1085.jpg
n02085782_1191.jpg,n02085782_1191,train,n02085782,Japanese_spaniel,floppy,images/train/n02085782_1191.jpg
n02085782_1350.jpg,n02085782_1350,train,n02085782,Japanese_spaniel,floppy,images/train/n02085782_1350.jpg
n02085782_1434.jpg,n02085782_1434,train,n02085782,Japanese_spaniel,floppy,images/train/n02085782_1434.jpg
n02085782_1610.jpg,n02085782_1610,train,n02085782,Japanese_spaniel,floppy,images/train/n02085782_1610.jpg
n02085782_17.jpg,n02085782_17,train,n02085782,Japanese_spaniel,floppy,images/train/n02085782_17.jpg
n02085782_1778.jpg,n02085782_1778,train,n02085782,Japanese_spaniel,floppy,images/train/n02085782_1778.jpg
n02085782_1855.jpg,n02085782_1855,train,n02085782,Japanese_spaniel,floppy,images/train/n02085782_1855.jpg
n02085782_1949.jpg,n02085782_1949,train,n02085782,Japanese_spaniel,floppy,images/train/n02085782_1949.jpg
n02085782_2.jpg,n02085782_2,train,n02085782,Japanese_spaniel,floppy,images/train/n02085782_2.jpg
n02085782_2074.jpg,n02085782_2074,train,n02085782,Japanese_spaniel,floppy,images/train/n02085782_2074.jpg
n02085782_2269.jpg,n02085782_2269,train,n02085782,Japanese_spaniel,floppy,images/train/n02085782_2269.jpg
n02085782_230.jpg,n02085782_230,train,n02085782,Japanese_spaniel,floppy,images/train/n02085782_230.jpg
n02085782_2459.jpg,n02085782_2459,train,n02085782,Japanese_spaniel,floppy,images/train/n02085782_2459.jpg
n02085782_2655.jpg,n02085782_2655,train,n02085782,Japanese_spaniel,floppy,images/train/n02085782_2655.jpg
n02085782_267.jpg,n02085782_267,train,n02085782,Japanese_spaniel,floppy,images/train/n02085782_267.jpg
n02085782_2690.jpg,n02085782_2690,train,n02085782,Japanese_spaniel,floppy,images/train/n02085782_2690.jpg
n02085782_3021.jpg,n02085782_3021,train,n02085782,Japanese_spaniel,floppy,images/train/n02085782_3021.jpg
n02085782_3030.jpg,n02085782_3030,train,n02085782,Japanese_spaniel,floppy,images/train/n02085782_3030.jpg
n02085782_3420.jpg,n02085782_3420,train,n02085782,Japanese_spaniel,floppy,images/train/n02085782_3420.jpg
n02085782_3481.jpg,n02085782_3481,train,n02085782,Japanese_spaniel,floppy,images/train/n02085782_3481.jpg
n02085782_3744.jpg,n02085782_3744,train,n02085782,Japanese_spaniel,floppy,images/train/n02085782_3744.jpg
n02085782_38.jpg,n02085782_38,train,n02085782,Japanese_spaniel,floppy,images/train/n02085782_38.jpg
n02085782_3810.jpg,n02085782_3810,train,n02085782,Japanese_spaniel,floppy,images/train/n02085782_3810.jpg
n02085782_3896.jpg,n02085782_3896,train,n02085782,Japanese_spaniel,floppy,images/train/n02085782_3896.jpg
n02085782_3899.jpg,n02085782_3899,train,n02085782,Japanese_spaniel,floppy,images/train/n02085782_3899.jpg
n02085782_435.jpg,n02085782_435,train,n02085782,Japanese_spaniel,floppy,images/train/n02085782_435.jpg
n02085782_4564.jpg,n02085782_4564,train,n02085782,Japanese_spaniel,floppy,images/train/n02085782_4564.jpg
n02085782_518.jpg,n02085782_518,train,n02085782,Japanese_spaniel,floppy,images/train/n02085782_518.jpg
n02085782_754.jpg,n02085782_754,train,n02085782,Japanese_spaniel,floppy,images/train/n02085782_754.jpg
n02085782_80.jpg,n02085782_80,train,n02085782,Japanese_spaniel,floppy,images/train/n02085782_80.jpg
n02085782_810.jpg,n02085782_810,train,n02085782,Japanese_spaniel,floppy,images/train/n02085782_810.jpg
n02085936_10130.jpg,n02085936_10130,train,n02085936,Maltese_dog,floppy,images/train/n02085936_10130.jpg
n02085936_10197.jpg,n02085936_10197,train,n02085936,Maltese_dog,floppy,images/train/n02085936_10197.jpg
n02085936_10199.jpg,n02085936_10199,train,n02085936,Maltese_dog,floppy,images/train/n02085936_10199.jpg
n02085936_10307.jpg,n02085936_10307,train,n02085936,Maltese_dog,floppy,images/train/n02085936_10307.jpg
n02085936_1155.jpg,n02085936_1155,train,n02085936,Maltese_dog,floppy,images/train/n02085936_1155.jpg
n02085936_126.jpg,n02085936_126,train,n02085936,Maltese_dog,floppy,images/train/n02085936_126.jpg
n02085936_137.jpg,n02085936_137,train,n02085936,Maltese_dog,floppy,images/train/n02085936_137.jpg
n02085936_1424.jpg,n02085936_1424,train,n02085936,Maltese_dog,floppy,images/train/n02085936_1424.jpg
n02085936_1515.jpg,n02085936_1515,train,n02085936,Maltese_dog,floppy,images/train/n02085936_1515.jpg
n02085936_1556.jpg,n02085936_1556,train,n02085936,Maltese_dog,floppy,images/train/n02085936_1556.jpg
n02085936_16331.jpg,n02085936_16331,train,n02085936,Maltese_dog,floppy,images/train/n02085936_16331.jpg
n02085936_17059.jpg,n02085936_17059,train,n02085936,Maltese_dog,floppy,images/train/n02085936_17059.jpg
n02085936_1739.jpg,n02085936_1739,train,n02085936,Maltese_dog,floppy,images/train/n02085936_1739.jpg
n02085936_20102.jpg,n02085936_20102,train,n02085936,Maltese_dog,floppy,images/train/n02085936_20102.jpg
n02085936_20313.jpg,n02085936_20313,train,n02085936,Maltese_dog,floppy,images/train/n02085936_20313.jpg
n02085936_2154.jpg,n02085936_2154,train,n02085936,Maltese_dog,floppy,images/train/n02085936_2154.jpg
n02085936_22167.jpg,n02085936_22167,train,n02085936,Maltese_dog,floppy,images/train/n02085936_22167.jpg
n02085936_22666.jpg,n02085936_22666,train,n02085936,Maltese_dog,floppy,images/train/n02085936_22666.jpg
n02085936_2458.jpg,n02085936_2458,train,n02085936,Maltese_dog,floppy,images/train/n02085936_2458.jpg
n02085936_2927.jpg,n02085936_2927,train,n02085936,Maltese_dog,floppy,images/train/n02085936_2927.jpg
n02085936_3000.jpg,n02085936_3000,train,n02085936,Maltese_dog,floppy,images/train/n02085936_3000.jpg
n02085936_3239.jpg,n02085936_3239,train,n02085936,Maltese_dog,floppy,images/train/n02085936_3239.jpg
n02085936_3313.jpg,n02085936_3313,train,n02085936,Maltese_dog,floppy,images/train/n02085936_3313.jpg
n02085936_338.jpg,n02085936_338,train,n02085936,Maltese_dog,floppy,images/train/n02085936_338.jpg
n02085936_3396.jpg,n02085936_3396,train,n02085936,Maltese_dog,floppy,images/train/n02085936_3396.jpg
n02085936_3451.jpg,n02085936_3451,train,n02085936,Maltese_dog,floppy,images/train/n02085936_3451.jpg
n02085936_3580.jpg,n02085936_3580,train,n02085936,Maltese_dog,floppy,images/train/n02085936_3580.jpg
n02085936_3947.jpg,n02085936_3947,train,n02085936,Maltese_dog,floppy,images/train/n02085936_3947.jpg
n02085936_4318.jpg,n02085936_4318,train,n02085936,Maltese_dog,floppy,images/train/n02085936_4318.jpg
n02085936_4396.jpg,n02085936_4396,train,n02085936,Maltese_dog,floppy,images/train/n02085936_4396.jpg
n02085936_4474.jpg,n02085936_4474,train,n02085936,Maltese_dog,floppy,images/train/n02085936_4474.jpg
n02085936_4480.jpg,n02085936_4480,train,n02085936,Maltese_dog,floppy,images/train/n02085936_4480.jpg
n02085936_4506.jpg,n02085936_4506,train,n02085936,Maltese_dog,floppy,images/train/n02085936_4506.jpg
n02085936_4781.jpg,n02085936_4781,train,n02085936,Maltese_dog,floppy,images/train/n02085936_4781.jpg
n02085936_4897.jpg,n02085936_4897,train,n02085936,Maltese_dog,floppy,images/train/n02085936_4897.jpg
n02085936_4921.jpg,n02085936_4921,train,n02085936,Maltese_dog,floppy,images/train/n02085936_4921.jpg
n02085936_5404.jpg,n02085936_5404,train,n02085936,Maltese_dog,floppy,images/train/n02085936_5404.jpg
n02085936_5435.jpg,n02085936_5435,train,n02085936,Maltese_dog,floppy,images/train/n02085936_5435.jpg
n02085936_548.jpg,n02085936_548,train,n02085936,Maltese_dog,floppy,images/train/n02085936_548.jpg
n02085936_5596.jpg,n02085936_5596,train,n02085936,Maltese_dog,floppy,images/train/n02085936_5596.jpg
n02085936_6278.jpg,n02085936_6278,train,n02085936,Maltese_dog,floppy,images/train/n02085936_6278.jpg
n02085936_6569.jpg,n02085936_6569,train,n02085936,Maltese_dog,floppy,images/train/n02085936_6569.jpg
n02085936_66.jpg,n02085936_66,train,n02085936,Maltese_dog,floppy,images/train/n02085936_66.jpg
n02085936_6927.jpg,n02085936_6927,train,n02085936,Maltese_dog,floppy,images/train/n02085936_6927.jpg
n02085936_7345.jpg,n02085936_7345,train,n02085936,Maltese_dog,floppy,images/train/n02085936_7345.jpg
n02085936_7394.jpg,n02085936_7394,train,n02085936,Maltese_dog,floppy,images/train/n02085936_7394.jpg
n02085936_8417.jpg,n02085936_8417,train,n02085936,Maltese_dog,floppy,images/train/n02085936_8417.jpg
n02085936_8447.jpg,n02085936_8447,train,n02085936,Maltese_dog,floppy,images/train/n02085936_8447.jpg
n02085936_8735.jpg,n02085936_8735,train,n02085936,Maltese_dog,floppy,images/train/n02085936_8735.jpg
n02085936_9088.jpg,n02085936_9088,train,n02085936,Maltese_dog,floppy,images/train/n02085936_9088.jpg
n02085936_9481.jpg,n02085936_9481,train,n02085936,Maltese_dog,floppy,images/train/n02085936_9481.jpg
n02085936_9927.jpg,n02085936_9927,train,n02085936,Maltese_dog,floppy,images/train/n02085936_9927.jpg
n02086079_1020.jpg,n02086079_1020,train,n02086079,Pekinese,floppy,images/train/n02086079_1020.jpg
n02086079_10600.jpg,n02086079_10600,train,n02086079,Pekinese,floppy,images/train/n02086079_10600.jpg
n02086079_10603.jpg,n02086079_10603,train,n02086079,Pekinese,floppy,images/train/n02086079_10603.jpg
n02086079_10613.jpg,n02086079_10613,train,n02086079,Pekinese,floppy,images/train/n02086079_10613.jpg
n02086079_10615.jpg,n02086079_10615,train,n02086079,Pekinese,floppy,images/train/n02086079_10615.jpg
n02086079_10689.jpg,n02086079_10689,train,n02086079,Pekinese,floppy,images/train/n02086079_10689.jpg
n02086079_10932.jpg,n02086079_10932,train,n02086079,Pekinese,floppy,images/train/n02086079_10932.jpg
n02086079_11420.jpg,n02086079_11420,train,n02086079,Pekinese,floppy,images/train/n02086079_11420.jpg
n02086079_11664.jpg,n02086079_11664,train,n02086079,Pekinese,floppy,images/train/n02086079_11664.jpg
n02086079_11984.jpg,n02086079_11984,train,n02086079,Pekinese,floppy,images/train/n02086079_11984.jpg
n02086079_12321.jpg,n02086079_12321,train,n02086079,Pekinese,floppy,images/train/n02086079_12321.jpg
n02086079_14532.jpg,n02086079_14532,train,n02086079,Pekinese,floppy,images/train/n02086079_14532.jpg
n02086079_15220.jpg,n02086079_15220,train,n02086079,Pekinese,floppy,images/train/n02086079_15220.jpg
n02086079_15375.jpg,n02086079_15375,train,n02086079,Pekinese,floppy,images/train/n02086079_15375.jpg
n02086079_155.jpg,n02086079_155,train,n02086079,Pekinese,floppy,images/train/n02086079_155.jpg
n02086079_15871.jpg,n02086079_15871,train,n02086079,Pekinese,floppy,images/train/n02086079_15871.jpg
n02086079_16693.jpg,n02086079_16693,train,n02086079,Pekinese,floppy,images/train/n02086079_16693.jpg
n02086079_17205.jpg,n02086079_17205,train,n02086079,Pekinese,floppy,images/train/n02086079_17205.jpg
n02086079_1820.jpg,n02086079_1820,train,n02086079,Pekinese,floppy,images/train/n02086079_1820.jpg
n02086079_1877.jpg,n02086079_1877,train,n02086079,Pekinese,floppy,images/train/n02086079_1877.jpg
n02086079_19690.jpg,n02086079_19690,train,n02086079,Pekinese,floppy,images/train/n02086079_19690.jpg
n02086079_20360.jpg,n02086079_20360,train,n02086079,Pekinese,floppy,images/train/n02086079_20360.jpg
n02086079_2073.jpg,n02086079_2073,train,n02086079,Pekinese,floppy,images/train/n02086079_2073.jpg
n02086079_22136.jpg,n02086079_22136,train,n02086079,Pekinese,floppy,images/train/n02086079_22136.jpg
n02086079_23100.jpg,n02086079_23100,train,n02086079,Pekinese,floppy,images/train/n02086079_23100.jpg
n02086079_2368.jpg,n02086079_2368,train,n02086079,Pekinese,floppy,images/train/n02086079_2368.jpg
n02086079_2935.jpg,n02086079_2935,train,n02086079,Pekinese,floppy,images/train/n02086079_2935.jpg
n02086079_3149.jpg,n02086079_3149,train,n02086079,Pekinese,floppy,images/train/n02086079_3149.jpg
n02086079_3174.jpg,n02086079_3174,train,n02086079,Pekinese,floppy,images/train/n02086079_3174.jpg
n02086079_356.jpg,n02086079_356,train,n02086079,Pekinese,floppy,images/train/n02086079_356.jpg
n02086079_380.jpg,n02086079_380,train,n02086079,Pekinese,floppy,images/train/n02086079_380.jpg
n02086079_3996.jpg,n02086079_3996,train,n02086079,Pekinese,floppy,images/train/n02086079_3996.jpg
n02086079_422.jpg,n02086079_422,train,n02086079,Pekinese,floppy,images/train/n02086079_422.jpg
n02086079_4350.jpg,n02086079_4350,train,n02086079,Pekinese,floppy,images/train/n02086079_4350.jpg
n02086079_499.jpg,n02086079_499,train,n02086079,Pekinese,floppy,images/train/n02086079_499.jpg
n02086079_5197.jpg,n02086079_5197,train,n02086079,Pekinese,floppy,images/train/n02086079_5197.jpg
n02086079_5590.jpg,n02086079_5590,train,n02086079,Pekinese,floppy,images/train/n02086079_5590.jpg
n02086079_6180.jpg,n02086079_6180,train,n02086079,Pekinese,floppy,images/train/n02086079_6180.jpg
n02086079_7027.jpg,n02086079_7027,train,n02086079,Pekinese,floppy,images/train/n02086079_7027.jpg
n02086079_7068.jpg,n02086079_7068,train,n02086079,Pekinese,floppy,images/train/n02086079_7068.jpg
n02086079_7235.jpg,n02086079_7235,train,n02086079,Pekinese,floppy,images/train/n02086079_7235.jpg
n02086079_7944.jpg,n02086079_7944,train,n02086079,Pekinese,floppy,images/train/n02086079_7944.jpg
n02086079_7959.jpg,n02086079_7959,train,n02086079,Pekinese,floppy,images/train/n02086079_7959.jpg
n02086079_8826.jpg,n02086079_8826,train,n02086079,Pekinese,floppy,images/train/n02086079_8826.jpg
n02086079_9316.jpg,n02086079_9316,train,n02086079,Pekinese,floppy,images/train/n02086079_9316.jpg
n02086240_1059.jpg,n02086240_1059,train,n02086240,Shih-Tzu,floppy,images/train/n02086240_1059.jpg
n02086240_1078.jpg,n02086240_1078,train,n02086240,Shih-Tzu,floppy,images/train/n02086240_1078.jpg
n02086240_11551.jpg,n02086240_11551,train,n02086240,Shih-Tzu,floppy,images/train/n02086240_11551.jpg
n02086240_1170.jpg,n02086240_1170,train,n02086240,Shih-Tzu,floppy,images/train/n02086240_1170.jpg
n02086240_1205.jpg,n02086240_1205,train,n02086240,Shih-Tzu,floppy,images/train/n02086240_1205.jpg
n02086240_12057.jpg,n02086240_12057,train,n02086240,Shih-Tzu,floppy,images/train/n02086240_12057.jpg
n02086240_1215.jpg,n02086240_1215,train,n02086240,Shih-Tzu,floppy,images/train/n02086240_1215.jpg
n02086240_126.jpg,n02086240_126,train,n02086240,Shih-Tzu,floppy,images/train/n02086240_126.jpg
n02086240_1333.jpg,n02086240_1333,train,n02086240,Shih-Tzu,floppy,images/train/n02086240_1333.jpg
n02086240_135.jpg,n02086240_135,train,n02086240,Shih-Tzu,floppy,images/train/n02086240_135.jpg
n02086240_1366.jpg,n02086240_1366,train,n02086240,Shih-Tzu,floppy,images/train/n02086240_1366.jpg
n02086240_1687.jpg,n02086240_1687,train,n02086240,Shih-Tzu,floppy,images/train/n02086240_1687.jpg
n02086240_1770.jpg,n02086240_1770,train,n02086240,Shih-Tzu,floppy,images/train/n02086240_1770.jpg
n02086240_1779.jpg,n02086240_1779,train,n02086240,Shih-Tzu,floppy,images/train/n02086240_1779.jpg
n02086240_2003.jpg,n02086240_2003,train,n02086240,Shih-Tzu,floppy,images/train/n02086240_2003.jpg
n02086240_2705.jpg,n02086240_2705,train,n02086240,Shih-Tzu,floppy,images/train/n02086240_2705.jpg
n02086240_272.jpg,n02086240_272,train,n02086240,Shih-Tzu,floppy,images/train/n02086240_272.jpg
n02086240_3094.jpg,n02086240_3094,train,n02086240,Shih-Tzu,floppy,images/train/n02086240_3094.jpg
n02086240_3137.jpg,n02086240_3137,train,n02086240,Shih-Tzu,floppy,images/train/n02086240_3137.jpg
n02086240_3175.jpg,n02086240_3175,train,n02086240,Shih-Tzu,floppy,images/train/n02086240_3175.jpg
n02086240_3186.jpg,n02086240_3186,train,n02086240,Shih-Tzu,floppy,images/train/n02086240_3186.jpg
n02086240_3217.jpg,n02086240_3217,train,n02086240,Shih-Tzu,floppy,images/train/n02086240_3217.jpg
n02086240_323.jpg,n02086240_323,train,n02086240,Shih-Tzu,floppy,images/train/n02086240_323.jpg
n02086240_34.jpg,n02086240_34,train,n02086240,Shih-Tzu,floppy,images/train/n02086240_34.jpg
n02086240_3424.jpg,n02086240_3424,train,n02086240,Shih-Tzu,floppy,images/train/n02086240_3424.jpg
n02086240_3983.jpg,n02086240_3983,train,n02086240,Shih-Tzu,floppy,images/train/n02086240_3983.jpg
n02086240_4013.jpg,n02086240_4013,train,n02086240,Shih-Tzu,floppy,images/train/n02086240_4013.jpg
n02086240_4127.jpg,n02086240_4127,train,n02086240,Shih-Tzu,floppy,images/train/n02086240_4127.jpg
n02086240_4190.jpg,n02086240_4190,train,n02086240,Shih-Tzu,floppy,images/train/n02086240_4190.jpg
n02086240_4346.jpg,n02086240_4346,train,n02086240,Shih-Tzu,floppy,images/train/n02086240_4346.jpg
n02086240_457.jpg,n02086240_457,train,n02086240,Shih-Tzu,floppy,images/train/n02086240_457.jpg
n02086240_5042.jpg,n02086240_5042,train,n02086240,Shih-Tzu,floppy,images/train/n02086240_5042.jpg
n02086240_5316.jpg,n02086240_5316,train,n02086240,Shih-Tzu,floppy,images/train/n02086240_5316.jpg
n02086240_6106.jpg,n02086240_6106,train,n02086240,Shih-Tzu,floppy,images/train/n02086240_6106.jpg
n02086240_6131.jpg,n02086240_6131,train,n02086240,Shih-Tzu,floppy,images/train/n02086240_6131.jpg
n02086240_6322.jpg,n02086240_6322,train,n02086240,Shih-Tzu,floppy,images/train/n02086240_6322.jpg
n02086240_6463.jpg,n02086240_6463,train,n02086240,Shih-Tzu,floppy,images/train/n02086240_6463.jpg
n02086240_6849.jpg,n02086240_6849,train,n02086240,Shih-Tzu,floppy,images/train/n02086240_6849.jpg
n02086240_7170.jpg,n02086240_7170,train,n02086240,Shih-Tzu,floppy,images/train/n02086240_7170.jpg
n02086240_7207.jpg,n02086240_7207,train,n02086240,Shih-Tzu,floppy,images/train/n02086240_7207.jpg
n02086240_7248.jpg,n02086240_7248,train,n02086240,Shih-Tzu,floppy,images/train/n02086240_7248.jpg
n02086240_7349.jpg,n02086240_7349,train,n02086240,Shih-Tzu,floppy,images/train/n02086240_7349.jpg
n02086240_7404.jpg,n02086240_7404,train,n02086240,Shih-Tzu,floppy,images/train/n02086240_7404.jpg
n02086240_745.jpg,n02086240_745,train,n02086240,Shih-Tzu,floppy,images/train/n02086240_745.jpg
n02086240_7978.jpg,n02086240_7978,train,n02086240,Shih-Tzu,floppy,images/train/n02086240_7978.jpg
n02086646_1023.jpg,n02086646_1023,train,n02086646,Blenheim_spaniel,floppy,images/train/n02086646_1023.jpg
n02086646_1126.jpg,n02086646_1126,train,n02086646,Blenheim_spaniel,floppy,images/train/n02086646_1126.jpg
n02086646_1511.jpg,n02086646_1511,train,n02086646,Blenheim_spaniel,floppy,images/train/n02086646_1511.jpg
n02086646_1586.jpg,n02086646_1586,train,n02086646,Blenheim_spaniel,floppy,images/train/n02086646_1586.jpg
n02086646_1721.jpg,n02086646_1721,train,n02086646,Blenheim_spaniel,floppy,images/train/n02086646_1721.jpg
n02086646_2105.jpg,n02086646_2105,train,n02086646,Blenheim_spaniel,floppy,images/train/n02086646_2105.jpg
n02086646_2173.jpg,n02086646_2173,train,n02086646,Blenheim_spaniel,floppy,images/train/n02086646_2173.jpg
n02086646_2347.jpg,n02086646_2347,train,n02086646,Blenheim_spaniel,floppy,images/train/n02086646_2347.jpg
n02086646_2430.jpg,n02086646_2430,train,n02086646,Blenheim_spaniel,floppy,images/train/n02086646_2430.jpg
n02086646_2641.jpg,n02086646_2641,train,n02086646,Blenheim_spaniel,floppy,images/train/n02086646_2641.jpg
n02086646_2725.jpg,n02086646_2725,train,n02086646,Blenheim_spaniel,floppy,images/train/n02086646_2725.jpg
n02086646_2731.jpg,n02086646_2731,train,n02086646,Blenheim_spaniel,floppy,images/train/n02086646_2731.jpg
n02086646_2813.jpg,n02086646_2813,train,n02086646,Blenheim_spaniel,floppy,images/train/n02086646_2813.jpg
n02086646_2891.jpg,n02086646_2891,train,n02086646,Blenheim_spaniel,floppy,images/train/n02086646_2891.jpg
n02086646_3465.jpg,n02086646_3465,train,n02086646,Blenheim_spaniel,floppy,images/train/n02086646_3465.jpg
n02086646_356.jpg,n02086646_356,train,n02086646,Blenheim_spaniel,floppy,images/train/n02086646_356.jpg
n02086646_371.jpg,n02086646_371,train,n02086646,Blenheim_spaniel,floppy,images/train/n02086646_371.jpg
n02086646_3739.jpg,n02086646_3739,train,n02086646,Blenheim_spaniel,floppy,images/train/n02086646_3739.jpg
n02086646_3766.jpg,n02086646_3766,train,n02086646,Blenheim_spaniel,floppy,images/train/n02086646_3766.jpg
n02086646_380.jpg,n02086646_380,train,n02086646,Blenheim_spaniel,floppy,images/train/n02086646_380.jpg
n02086646_3806.jpg,n02086646_3806,train,n02086646,Blenheim_spaniel,floppy,images/train/n02086646_3806.jpg
n02086646_3917.jpg,n02086646_3917,train,n02086646,Blenheim_spaniel,floppy,images/train/n02086646_3917.jpg
n02086646_3920.jpg,n02086646_3920,train,n02086646,Blenheim_spaniel,floppy,images/train/n02086646_3920.jpg
n02086646_4026.jpg,n02086646_4026,train,n02086646,Blenheim_spaniel,floppy,images/train/n02086646_4026.jpg
n02086646_4045.jpg,n02086646_4045,train,n02086646,Blenheim_spaniel,floppy,images/train/n02086646_4045.jpg
n02086646_414.jpg,n02086646_414,train,n02086646,Blenheim_spaniel,floppy,images/train/n02086646_414.jpg
n02086646_4177.jpg,n02086646_4177,train,n02086646,Blenheim_spaniel,floppy,images/train/n02086646_4177.jpg
n02086646_4199.jpg,n02086646_4199,train,n02086646,Blenheim_spaniel,floppy,images/train/n02086646_4199.jpg
n02086646_4219.jpg,n02086646_4219,train,n02086646,Blenheim_spaniel,floppy,images/train/n02086646_4219.jpg
n02086646_4220.jpg,n02086646_4220,train,n02086646,Blenheim_spaniel,floppy,images/train/n02086646_4220.jpg
n02086646_4226.jpg,n02086646_4226,train,n02086646,Blenheim_spaniel,floppy,images/train/n02086646_4226.jpg
n02086646_4298.jpg,n02086646_4298,train,n02086646,Blenheim_spaniel,floppy,images/train/n02086646_4298.jpg
n02086646_462.jpg,n02086646_462,train,n02086646,Blenheim_spaniel,floppy,images/train/n02086646_462.jpg
n02086646_593.jpg,n02086646_593,train,n02086646,Blenheim_spaniel,floppy,images/train/n02086646_593.jpg
n02086646_602.jpg,n02086646_602,train,n02086646,Blenheim_spaniel,floppy,images/train/n02086646_602.jpg
n02086646_637.jpg,n02086646_637,train,n02086646,Blenheim_spaniel,floppy,images/train/n02086646_637.jpg
n02086646_672.jpg,n02086646_672,train,n02086646,Blenheim_spaniel,floppy,images/train/n02086646_672.jpg
n02086646_851.jpg,n02086646_851,train,n02086646,Blenheim_spaniel,floppy,images/train/n02086646_851.jpg
n02086910_10147.jpg,n02086910_10147,train,n02086910,papillon,pointy,images/train/n02086910_10147.jpg
n02086910_10204.jpg,n02086910_10204,train,n02086910,papillon,pointy,images/train/n02086910_10204.jpg
n02086910_1409.jpg,n02086910_1409,train,n02086910,papillon,pointy,images/train/n02086910_1409.jpg
n02086910_1492.jpg,n02086910_1492,train,n02086910,papillon,pointy,images/train/n02086910_1492.jpg
n02086910_1626.jpg,n02086910_1626,train,n02086910,papillon,pointy,images/train/n02086910_1626.jpg
n02086910_1659.jpg,n02086910_1659,train,n02086910,papillon,pointy,images/train/n02086910_1659.jpg
n02086910_1729.jpg,n02086910_1729,train,n02086910,papillon,pointy,images/train/n02086910_1729.jpg
n02086910_2035.jpg,n02086910_2035,train,n02086910,papillon,pointy,images/train/n02086910_2035.jpg
n02086910_2168.jpg,n02086910_2168,train,n02086910,papillon,pointy,images/train/n02086910_2168.jpg
n02086910_2188.jpg,n02086910_2188,train,n02086910,papillon,pointy,images/train/n02086910_2188.jpg
n02086910_2399.jpg,n02086910_2399,train,n02086910,papillon,pointy,images/train/n02086910_2399.jpg
n02086910_2454.jpg,n02086910_2454,train,n02086910,papillon,pointy,images/train/n02086910_2454.jpg
n02086910_2574.jpg,n02086910_2574,train,n02086910,papillon,pointy,images/train/n02086910_2574.jpg
n02086910_2724.jpg,n02086910_2724,train,n02086910,papillon,pointy,images/train/n02086910_2724.jpg
n02086910_2999.jpg,n02086910_2999,train,n02086910,papillon,pointy,images/train/n02086910_2999.jpg
n02086910_3320.jpg,n02086910_3320,train,n02086910,papillon,pointy,images/train/n02086910_3320.jpg
n02086910_334.jpg,n02086910_334,train,n02086910,papillon,pointy,images/train/n02086910_334.jpg
n02086910_3523.jpg,n02086910_3523,train,n02086910,papillon,pointy,images/train/n02086910_3523.jpg
n02086910_3553.jpg,n02086910_3553,train,n02086910,papillon,pointy,images/train/n02086910_3553.jpg
n02086910_3616.jpg,n02086910_3616,train,n02086910,papillon,pointy,images/train/n02086910_3616.jpg
n02086910_3866.jpg,n02086910_3866,train,n02086910,papillon,pointy,images/train/n02086910_3866.jpg
n02086910_399.jpg,n02086910_399,train,n02086910,papillon,pointy,images/train/n02086910_399.jpg
n02086910_4182.jpg,n02086910_4182,train,n02086910,papillon,pointy,images/train/n02086910_4182.jpg
n02086910_4373.jpg,n02086910_4373,train,n02086910,papillon,pointy,images/train/n02086910_4373.jpg
n02086910_4514.jpg,n02086910_4514,train,n02086910,papillon,pointy,images/train/n02086910_4514.jpg
n02086910_4518.jpg,n02086910_4518,train,n02086910,papillon,pointy,images/train/n02086910_4518.jpg
n02086910_4551.jpg,n02086910_4551,train,n02086910,papillon,pointy,images/train/n02086910_4551.jpg
n02086910_4623.jpg,n02086910_4623,train,n02086910,papillon,pointy,images/train/n02086910_4623.jpg
n02086910_4999.jpg,n02086910_4999,train,n02086910,papillon,pointy,images/train/n02086910_4999.jpg
n02086910_5023.jpg,n02086910_5023,train,n02086910,papillon,pointy,images/train/n02086910_5023.jpg
n02086910_5063.jpg,n02086910_5063,train,n02086910,papillon,pointy,images/train/n02086910_5063.jpg
n02086910_5598.jpg,n02086910_5598,train,n02086910,papillon,pointy,images/train/n02086910_5598.jpg
n02086910_6089.jpg,n02086910_6089,train,n02086910,papillon,pointy,images/train/n02086910_6089.jpg
n02086910_6483.jpg,n02086910_6483,train,n02086910,papillon,pointy,images/train/n02086910_6483.jpg
n02086910_6682.jpg,n02086910_6682,train,n02086910,papillon,pointy,images/train/n02086910_6682.jpg
n02086910_685.jpg,n02086910_685,train,n02086910,papillon,pointy,images/train/n02086910_685.jpg
n02086910_695.jpg,n02086910_695,train,n02086910,papillon,pointy,images/train/n02086910_695.jpg
n02086910_7019.jpg,n02086910_7019,train,n02086910,papillon,pointy,images/train/n02086910_7019.jpg
n02086910_7156.jpg,n02086910_7156,train,n02086910,papillon,pointy,images/train/n02086910_7156.jpg
n02086910_7321.jpg,n02086910_7321,train,n02086910,papillon,pointy,images/train/n02086910_7321.jpg
n02086910_7405.jpg,n02086910_7405,train,n02086910,papillon,pointy,images/train/n02086910_7405.jpg
n02086910_7412.jpg,n02086910_7412,train,n02086910,papillon,pointy,images/train/n02086910_7412.jpg
n02086910_7857.jpg,n02086910_7857,train,n02086910,papillon,pointy,images/train/n02086910_7857.jpg
n02086910_8241.jpg,n02086910_8241,train,n02086910,papillon,pointy,images/train/n02086910_8241.jpg
n02086910_8613.jpg,n02086910_8613,train,n02086910,papillon,pointy,images/train/n02086910_8613.jpg
n02086910_8872.jpg,n02086910_8872,train,n02086910,papillon,pointy,images/train/n02086910_8872.jpg
n02086910_9041.jpg,n02086910_9041,train,n02086910,papillon,pointy,images/train/n02086910_9041.jpg
n02086910_9296.jpg,n02086910_9296,train,n02086910,papillon,pointy,images/train/n02086910_9296.jpg
n02086910_9883.jpg,n02086910_9883,train,n02086910,papillon,pointy,images/train/n02086910_9883.jpg
n02087046_133.jpg,n02087046_133,train,n02087046,toy_terrier,pointy,images/train/n02087046_133.jpg
n02087046_1468.jpg,n02087046_1468,train,n02087046,toy_terrier,pointy,images/train/n02087046_1468.jpg
n02087046_1482.jpg,n02087046_1482,train,n02087046,toy_terrier,pointy,images/train/n02087046_1482.jpg
n02087046_1520.jpg,n02087046_1520,train,n02087046,toy_terrier,pointy,images/train/n02087046_1520.jpg
n02087046_1577.jpg,n02087046_1577,train,n02087046,toy_terrier,pointy,images/train/n02087046_1577.jpg
n02087046_1666.jpg,n02087046_1666,train,n02087046,toy_terrier,pointy,images/train/n02087046_1666.jpg
n02087046_1703.jpg,n02087046_1703,train,n02087046,toy_terrier,pointy,images/train/n02087046_1703.jpg
n02087046_2127.jpg,n02087046_2127,train,n02087046,toy_terrier,pointy,images/train/n02087046_2127.jpg
n02087046_2158.jpg,n02087046_2158,train,n02087046,toy_terrier,pointy,images/train/n02087046_2158.jpg
n02087046_2168.jpg,n02087046_2168,train,n02087046,toy_terrier,pointy,images/train/n02087046_2168.jpg
n02087046_2199.jpg,n02087046_2199,train,n02087046,toy_terrier,pointy,images/train/n02087046_2199.jpg
n02087046_2276.jpg,n02087046_2276,train,n02087046,toy_terrier,pointy,images/train/n02087046_2276.jpg
n02087046_2744.jpg,n02087046_2744,train,n02087046,toy_terrier,pointy,images/train/n02087046_2744.jpg
n02087046_2752.jpg,n02087046_2752,train,n02087046,toy_terrier,pointy,images/train/n02087046_2752.jpg
n02087046_2957.jpg,n02087046_2957,train,n02087046,toy_terrier,pointy,images/train/n02087046_2957.jpg
n02087046_3311.jpg,n02087046_3311,train,n02087046,toy_terrier,pointy,images/train/n02087046_3311.jpg
n02087046_3439.jpg,n02087046_3439,train,n02087046,toy_terrier,pointy,images/train/n02087046_3439.jpg
n02087046_3490.jpg,n02087046_3490,train,n02087046,toy_terrier,pointy,images/train/n02087046_3490.jpg
n02087046_3608.jpg,n02087046_3608,train,n02087046,toy_terrier,pointy,images/train/n02087046_3608.jpg
n02087046_3651.jpg,n02087046_3651,train,n02087046,toy_terrier,pointy,images/train/n02087046_3651.jpg
n02087046_3923.jpg,n02087046_3923,train,n02087046,toy_terrier,pointy,images/train/n02087046_3923.jpg
n02087046_4001.jpg,n02087046_4001,train,n02087046,toy_terrier,pointy,images/train/n02087046_4001.jpg
n02087046_4155.jpg,n02087046_4155,train,n02087046,toy_terrier,pointy,images/train/n02087046_4155.jpg
n02087046_430.jpg,n02087046_430,train,n02087046,toy_terrier,pointy,images/train/n02087046_430.jpg
n02087046_4370.jpg,n02087046_4370,train,n02087046,toy_terrier,pointy,images/train/n02087046_4370.jpg
n02087046_4394.jpg,n02087046_4394,train,n02087046,toy_terrier,pointy,images/train/n02087046_4394.jpg
n02087046_4647.jpg,n02087046_4647,train,n02087046,toy_terrier,pointy,images/train/n02087046_4647.jpg
n02087046_5219.jpg,n02087046_5219,train,n02087046,toy_terrier,pointy,images/train/n02087046_5219.jpg
n02087046_5224.jpg,n02087046_5224,train,n02087046,toy_terrier,pointy,images/train/n02087046_5224.jpg
n02087046_5325.jpg,n02087046_5325,train,n02087046,toy_terrier,pointy,images/train/n02087046_5325.jpg
n02087046_5499.jpg,n02087046_5499,train,n02087046,toy_terrier,pointy,images/train/n02087046_5499.jpg
n02087046_5840.jpg,n02087046_5840,train,n02087046,toy_terrier,pointy,images/train/n02087046_5840.jpg
n02087046_5887.jpg,n02087046_5887,train,n02087046,toy_terrier,pointy,images/train/n02087046_5887.jpg
n02087046_6152.jpg,n02087046_6152,train,n02087046,toy_terrier,pointy,images/train/n02087046_6152.jpg
n02087046_693.jpg,n02087046_693,train,n02087046,toy_terrier,pointy,images/train/n02087046_693.jpg
n02087046_6986.jpg,n02087046_6986,train,n02087046,toy_terrier,pointy,images/train/n02087046_6986.jpg
n02087046_7037.jpg,n02087046_7037,train,n02087046,toy_terrier,pointy,images/train/n02087046_7037.jpg
n02087046_7166.jpg,n02087046_7166,train,n02087046,toy_terrier,pointy,images/train/n02087046_7166.jpg
n02087046_9864.jpg,n02087046_9864,train,n02087046,toy_terrier,pointy,images/train/n02087046_9864.jpg
n02087394_10238.jpg,n02087394_10238,train,n02087394,Rhodesian_ridgeback,floppy,images/train/n02087394_10238.jpg
n02087394_10591.jpg,n02087394_10591,train,n02087394,Rhodesian_ridgeback,floppy,images/train/n02087394_10591.jpg
n02087394_11174.jpg,n02087394_11174,train,n02087394,Rhodesian_ridgeback,floppy,images/train/n02087394_11174.jpg
n02087394_11238.jpg,n02087394_11238,train,n02087394,Rhodesian_ridgeback,floppy,images/train/n02087394_11238.jpg
n02087394_11541.jpg,n02087394_11541,train,n02087394,Rhodesian_ridgeback,floppy,images/train/n02087394_11541.jpg
n02087394_1274.jpg,n02087394_1274,train,n02087394,Rhodesian_ridgeback,floppy,images/train/n02087394_1274.jpg
n02087394_2364.jpg,n02087394_2364,train,n02087394,Rhodesian_ridgeback,floppy,images/train/n02087394_2364.jpg
n02087394_261.jpg,n02087394_261,train,n02087394,Rhodesian_ridgeback,floppy,images/train/n02087394_261.jpg
n02087394_310.jpg,n02087394_310,train,n02087394,Rhodesian_ridgeback,floppy,images/train/n02087394_310.jpg
n02087394_3256.jpg,n02087394_3256,train,n02087394,Rhodesian_ridgeback,floppy,images/train/n02087394_3256.jpg
n02087394_3450.jpg,n02087394_3450,train,n02087394,Rhodesian_ridgeback,floppy,images/train/n02087394_3450.jpg
n02087394_3795.jpg,n02087394_3795,train,n02087394,Rhodesian_ridgeback,floppy,images/train/n02087394_3795.jpg
n02087394_4459.jpg,n02087394_4459,train,n02087394,Rhodesian_ridgeback,floppy,images/train/n02087394_4459.jpg
n02087394_4741.jpg,n02087394_4741,train,n02087394,Rhodesian_ridgeback,floppy,images/train/n02087394_4741.jpg
n02087394_4931.jpg,n02087394_4931,train,n02087394,Rhodesian_ridgeback,floppy,images/train/n02087394_4931.jpg
n02087394_5806.jpg,n02087394_5806,train,n02087394,Rhodesian_ridgeback,floppy,images/train/n02087394_5806.jpg
n02087394_6382.jpg,n02087394_6382,train,n02087394,Rhodesian_ridgeback,floppy,images/train/n02087394_6382.jpg
n02087394_6993.jpg,n02087394_6993,train,n02087394,Rhodesian_ridgeback,floppy,images/train/n02087394_6993.jpg
n02087394_7219.jpg,n02087394_7219,train,n02087394,Rhodesian_ridgeback,floppy,images/train/n02087394_7219.jpg
n02087394_7418.jpg,n02087394_7418,train,n02087394,Rhodesian_ridgeback,floppy,images/train/n02087394_7418.jpg
n02087394_7579.jpg,n02087394_7579,train,n02087394,Rhodesian_ridgeback,floppy,images/train/n02087394_7579.jpg
n02087394_8935.jpg,n02087394_8935,train,n02087394,Rhodesian_ridgeback,floppy,images/train/n02087394_8935.jpg
n02087394_8993.jpg,n02087394_8993,train,n02087394,Rhodesian_ridgeback,floppy,images/train/n02087394_8993.jpg
n02087394_9040.jpg,n02087394_9040,train,n02087394,Rhodesian_ridgeback,floppy,images/train/n02087394_9040.jpg
n02087394_9313.jpg,n02087394_9313,train,n02087394,Rhodesian_ridgeback,floppy,images/train/n02087394_9313.jpg
n02087394_9698.jpg,n02087394_9698,train,n02087394,Rhodesian_ridgeback,floppy,images/train/n02087394_9698.jpg
n02087394_9855.jpg,n02087394_9855,train,n02087394,Rhodesian_ridgeback,floppy,images/train/n02087394_9855.jpg
n02088094_1128.jpg,n02088094_1128,train,n02088094,Afghan_hound,floppy,images/train/n02088094_1128.jpg
n02088094_1254.jpg,n02088094_1254,train,n02088094,Afghan_hound,floppy,images/train/n02088094_1254.jpg
n02088094_1259.jpg,n02088094_1259,train,n02088094,Afghan_hound,floppy,images/train/n02088094_1259.jpg
n02088094_1611.jpg,n02088094_1611,train,n02088094,Afghan_hound,floppy,images/train/n02088094_1611.jpg
n02088094_1917.jpg,n02088094_1917,train,n02088094,Afghan_hound,floppy,images/train/n02088094_1917.jpg
n02088094_2626.jpg,n02088094_2626,train,n02088094,Afghan_hound,floppy,images/train/n02088094_2626.jpg
n02088094_3400.jpg,n02088094_3400,train,n02088094,Afghan_hound,floppy,images/train/n02088094_3400.jpg
n02088094_3593.jpg,n02088094_3593,train,n02088094,Afghan_hound,floppy,images/train/n02088094_3593.jpg
n02088094_4434.jpg,n02088094_4434,train,n02088094,Afghan_hound,floppy,images/train/n02088094_4434.jpg
n02088094_4837.jpg,n02088094_4837,train,n02088094,Afghan_hound,floppy,images/train/n02088094_4837.jpg
n02088094_6493.jpg,n02088094_6493,train,n02088094,Afghan_hound,floppy,images/train/n02088094_6493.jpg
n02088094_8063.jpg,n02088094_8063,train,n02088094,Afghan_hound,floppy,images/train/n02088094_8063.jpg
n02088094_8682.jpg,n02088094_8682,train,n02088094,Afghan_hound,floppy,images/train/n02088094_8682.jpg
n02088094_899.jpg,n02088094_899,train,n02088094,Afghan_hound,floppy,images/train/n02088094_899.jpg
n02088094_9197.jpg,n02088094_9197,train,n02088094,Afghan_hound,floppy,images/train/n02088094_9197.jpg
n02088238_10054.jpg,n02088238_10054,train,n02088238,basset,floppy,images/train/n02088238_10054.jpg
n02088238_10072.jpg,n02088238_10072,train,n02088238,basset,floppy,images/train/n02088238_10072.jpg
n02088238_10113.jpg,n02088238_10113,train,n02088238,basset,floppy,images/train/n02088238_10113.jpg
n02088238_10140.jpg,n02088238_10140,train,n02088238,basset,floppy,images/train/n02088238_10140.jpg
n02088238_10142.jpg,n02088238_10142,train,n02088238,basset,floppy,images/train/n02088238_10142.jpg
n02088238_10451.jpg,n02088238_10451,train,n02088238,basset,floppy,images/train/n02088238_10451.jpg
n02088238_10473.jpg,n02088238_10473,train,n02088238,basset,floppy,images/train/n02088238_10473.jpg
n02088238_10510.jpg,n02088238_10510,train,n02088238,basset,floppy,images/train/n02088238_10510.jpg
n02088238_11200.jpg,n02088238_11200,train,n02088238,basset,floppy,images/train/n02088238_11200.jpg
n02088238_11204.jpg,n02088238_11204,train,n02088238,basset,floppy,images/train/n02088238_11204.jpg
n02088238_11505.jpg,n02088238_11505,train,n02088238,basset,floppy,images/train/n02088238_11505.jpg
n02088238_11511.jpg,n02088238_11511,train,n02088238,basset,floppy,images/train/n02088238_11511.jpg
n02088238_11917.jpg,n02088238_11917,train,n02088238,basset,floppy,images/train/n02088238_11917.jpg
n02088238_12160.jpg,n02088238_12160,train,n02088238,basset,floppy,images/train/n02088238_12160.jpg
n02088238_12196.jpg,n02088238_12196,train,n02088238,basset,floppy,images/train/n02088238_12196.jpg
n02088238_13199.jpg,n02088238_13199,train,n02088238,basset,floppy,images/train/n02088238_13199.jpg
n02088238_13439.jpg,n02088238_13439,train,n02088238,basset,floppy,images/train/n02088238_13439.jpg
n02088238_13720.jpg,n02088238_13720,train,n02088238,basset,floppy,images/train/n02088238_13720.jpg
n02088238_13908.jpg,n02088238_13908,train,n02088238,basset,floppy,images/train/n02088238_13908.jpg
n02088238_1454.jpg,n02088238_1454,train,n02088238,basset,floppy,images/train/n02088238_1454.jpg
n02088238_2674.jpg,n02088238_2674,train,n02088238,basset,floppy,images/train/n02088238_2674.jpg
n02088238_3579.jpg,n02088238_3579,train,n02088238,basset,floppy,images/train/n02088238_3579.jpg
n02088238_490.jpg,n02088238_490,train,n02088238,basset,floppy,images/train/n02088238_490.jpg
n02088238_600.jpg,n02088238_600,train,n02088238,basset,floppy,images/train/n02088238_600.jpg
n02088238_6035.jpg,n02088238_6035,train,n02088238,basset,floppy,images/train/n02088238_6035.jpg
n02088238_6161.jpg,n02088238_6161,train,n02088238,basset,floppy,images/train/n02088238_6161.jpg
n02088238_6532.jpg,n02088238_6532,train,n02088238,basset,floppy,images/train/n02088238_6532.jpg
n02088238_6812.jpg,n02088238_6812,train,n02088238,basset,floppy,images/train/n02088238_6812.jpg
n02088238_7487.jpg,n02088238_7487,train,n02088238,basset,floppy,images/train/n02088238_7487.jpg
n02088238_8520.jpg,n02088238_8520,train,n02088238,basset,floppy,images/train/n02088238_8520.jpg
n02088238_8839.jpg,n02088238_8839,train,n02088238,basset,floppy,images/train/n02088238_8839.jpg
n02088238_9351.jpg,n02088238_9351,train,n02088238,basset,floppy,images/train/n02088238_9351.jpg
n02088238_9446.jpg,n02088238_9446,train,n02088238,basset,floppy,images/train/n02088238_9446.jpg
n02088238_9691.jpg,n02088238_9691,train,n02088238,basset,floppy,images/train/n02088238_9691.jpg
n02088238_9933.jpg,n02088238_9933,train,n02088238,basset,floppy,images/train/n02088238_9933.jpg
n02088238_9947.jpg,n02088238_9947,train,n02088238,basset,floppy,images/train/n02088238_9947.jpg
n02088238_9960.jpg,n02088238_9960,train,n02088238,basset,floppy,images/train/n02088238_9960.jpg
n02088364_10575.jpg,n02088364_10575,train,n02088364,beagle,floppy,images/train/n02088364_10575.jpg
n02088364_10585.jpg,n02088364_10585,train,n02088364,beagle,floppy,images/train/n02088364_10585.jpg
n02088364_11836.jpg,n02088364_11836,train,n02088364,beagle,floppy,images/train/n02088364_11836.jpg
n02088364_12334.jpg,n02088364_12334,train,n02088364,beagle,floppy,images/train/n02088364_12334.jpg
n02088364_12816.jpg,n02088364_12816,train,n02088364,beagle,floppy,images/train/n02088364_12816.jpg
n02088364_12973.jpg,n02088364_12973,train,n02088364,beagle,floppy,images/train/n02088364_12973.jpg
n02088364_13464.jpg,n02088364_13464,train,n02088364,beagle,floppy,images/train/n02088364_13464.jpg
n02088364_14431.jpg,n02088364_14431,train,n02088364,beagle,floppy,images/train/n02088364_14431.jpg
n02088364_14690.jpg,n02088364_14690,train,n02088364,beagle,floppy,images/train/n02088364_14690.jpg
n02088364_161.jpg,n02088364_161,train,n02088364,beagle,floppy,images/train/n02088364_161.jpg
n02088364_16165.jpg,n02088364_16165,train,n02088364,beagle,floppy,images/train/n02088364_16165.jpg
n02088364_16588.jpg,n02088364_16588,train,n02088364,beagle,floppy,images/train/n02088364_16588.jpg
n02088364_17294.jpg,n02088364_17294,train,n02088364,beagle,floppy,images/train/n02088364_17294.jpg
n02088364_17314.jpg,n02088364_17314,train,n02088364,beagle,floppy,images/train/n02088364_17314.jpg
n02088364_17474.jpg,n02088364_17474,train,n02088364,beagle,floppy,images/train/n02088364_17474.jpg
n02088364_2106.jpg,n02088364_2106,train,n02088364,beagle,floppy,images/train/n02088364_2106.jpg
n02088364_2360.jpg,n02088364_2360,train,n02088364,beagle,floppy,images/train/n02088364_2360.jpg
n02088364_2415.jpg,n02088364_2415,train,n02088364,beagle,floppy,images/train/n02088364_2415.jpg
n02088364_2566.jpg,n02088364_2566,train,n02088364,beagle,floppy,images/train/n02088364_2566.jpg
n02088364_3758.jpg,n02088364_3758,train,n02088364,beagle,floppy,images/train/n02088364_3758.jpg
n02088364_4527.jpg,n02088364_4527,train,n02088364,beagle,floppy,images/train/n02088364_4527.jpg
n02088364_5572.jpg,n02088364_5572,train,n02088364,beagle,floppy,images/train/n02088364_5572.jpg
n02088364_6109.jpg,n02088364_6109,train,n02088364,beagle,floppy,images/train/n02088364_6109.jpg
n02088364_7784.jpg,n02088364_7784,train,n02088364,beagle,floppy,images/train/n02088364_7784.jpg
n02088364_8820.jpg,n02088364_8820,train,n02088364,beagle,floppy,images/train/n02088364_8820.jpg
n02088364_8871.jpg,n02088364_8871,train,n02088364,beagle,floppy,images/train/n02088364_8871.jpg
n02088466_12003.jpg,n02088466_12003,train,n02088466,bloodhound,floppy,images/train/n02088466_12003.jpg
n02088466_2332.jpg,n02088466_2332,train,n02088466,bloodhound,floppy,images/train/n02088466_2332.jpg
n02088466_3568.jpg,n02088466_3568,train,n02088466,bloodhound,floppy,images/train/n02088466_3568.jpg
n02088466_4178.jpg,n02088466_4178,train,n02088466,bloodhound,floppy,images/train/n02088466_4178.jpg
n02088466_4731.jpg,n02088466_4731,train,n02088466,bloodhound,floppy,images/train/n02088466_4731.jpg
n02088466_6096.jpg,n02088466_6096,train,n02088466,bloodhound,floppy,images/train/n02088466_6096.jpg
n02088466_6413.jpg,n02088466_6413,train,n02088466,bloodhound,floppy,images/train/n02088466_6413.jpg
n02088466_6775.jpg,n02088466_6775,train,n02088466,bloodhound,floppy,images/train/n02088466_6775.jpg
n02088466_6963.jpg,n02088466_6963,train,n02088466,bloodhound,floppy,images/train/n02088466_6963.jpg
n02088466_7032.jpg,n02088466_7032,train,n02088466,bloodhound,floppy,images/train/n02088466_7032.jpg
n02088466_7162.jpg,n02088466_7162,train,n02088466,bloodhound,floppy,images/train/n02088466_7162.jpg
n02088466_7191.jpg,n02088466_7191,train,n02088466,bloodhound,floppy,images/train/n02088466_7191.jpg
n02088466_7409.jpg,n02088466_7409,train,n02088466,bloodhound,floppy,images/train/n02088466_7409.jpg
n02088466_7703.jpg,n02088466_7703,train,n02088466,bloodhound,floppy,images/train/n02088466_7703.jpg
n02088466_7963.jpg,n02088466_7963,train,n02088466,bloodhound,floppy,images/train/n02088466_7963.jpg
n02088466_8078.jpg,n02088466_8078,train,n02088466,bloodhound,floppy,images/train/n02088466_8078.jpg
n02088466_8144.jpg,n02088466_8144,train,n02088466,bloodhound,floppy,images/train/n02088466_8144.jpg
n02088466_8162.jpg,n02088466_8162,train,n02088466,bloodhound,floppy,images/train/n02088466_8162.jpg
n02088466_8515.jpg,n02088466_8515,train,n02088466,bloodhound,floppy,images/train/n02088466_8515.jpg
n02088466_8772.jpg,n02088466_8772,train,n02088466,bloodhound,floppy,images/train/n02088466_8772.jpg
n02088466_8821.jpg,n02088466_8821,train,n02088466,bloodhound,floppy,images/train/n02088466_8821.jpg
n02088466_9069.jpg,n02088466_9069,train,n02088466,bloodhound,floppy,images/train/n02088466_9069.jpg
n02088466_9983.jpg,n02088466_9983,train,n02088466,bloodhound,floppy,images/train/n02088466_9983.jpg
n02088632_1145.jpg,n02088632_1145,train,n02088632,bluetick,floppy,images/train/n02088632_1145.jpg
n02088632_1277.jpg,n02088632_1277,train,n02088632,bluetick,floppy,images/train/n02088632_1277.jpg
n02088632_1367.jpg,n02088632_1367,train,n02088632,bluetick,floppy,images/train/n02088632_1367.jpg
n02088632_1499.jpg,n02088632_1499,train,n02088632,bluetick,floppy,images/train/n02088632_1499.jpg
n02088632_1592.jpg,n02088632_1592,train,n02088632,bluetick,floppy,images/train/n02088632_1592.jpg
n02088632_1765.jpg,n02088632_1765,train,n02088632,bluetick,floppy,images/train/n02088632_1765.jpg
n02088632_2149.jpg,n02088632_2149,train,n02088632,bluetick,floppy,images/train/n02088632_2149.jpg
n02088632_2155.jpg,n02088632_2155,train,n02088632,bluetick,floppy,images/train/n02088632_2155.jpg
n02088632_2162.jpg,n02088632_2162,train,n02088632,bluetick,floppy,images/train/n02088632_2162.jpg
n02088632_2239.jpg,n02088632_2239,train,n02088632,bluetick,floppy,images/train/n02088632_2239.jpg
n02088632_2439.jpg,n02088632_2439,train,n02088632,bluetick,floppy,images/train/n02088632_2439.jpg
n02088632_2661.jpg,n02088632_2661,train,n02088632,bluetick,floppy,images/train/n02088632_2661.jpg
n02088632_353.jpg,n02088632_353,train,n02088632,bluetick,floppy,images/train/n02088632_353.jpg
n02088632_3531.jpg,n02088632_3531,train,n02088632,bluetick,floppy,images/train/n02088632_3531.jpg
n02088632_3699.jpg,n02088632_3699,train,n02088632,bluetick,floppy,images/train/n02088632_3699.jpg
n02088632_3737.jpg,n02088632_3737,train,n02088632,bluetick,floppy,images/train/n02088632_3737.jpg
n02088632_3828.jpg,n02088632_3828,train,n02088632,bluetick,floppy,images/train/n02088632_3828.jpg
n02088632_3888.jpg,n02088632_3888,train,n02088632,bluetick,floppy,images/train/n02088632_3888.jpg
n02088632_3923.jpg,n02088632_3923,train,n02088632,bluetick,floppy,images/train/n02088632_3923.jpg
n02088632_4024.jpg,n02088632_4024,train,n02088632,bluetick,floppy,images/train/n02088632_4024.jpg
n02088632_4160.jpg,n02088632_4160,train,n02088632,bluetick,floppy,images/train/n02088632_4160.jpg
n02088632_4188.jpg,n02088632_4188,train,n02088632,bluetick,floppy,images/train/n02088632_4188.jpg
n02088632_4389.jpg,n02088632_4389,train,n02088632,bluetick,floppy,images/train/n02088632_4389.jpg
n02088632_4584.jpg,n02088632_4584,train,n02088632,bluetick,floppy,images/train/n02088632_4584.jpg
n02088632_4613.jpg,n02088632_4613,train,n02088632,bluetick,floppy,images/train/n02088632_4613.jpg
n02088632_4625.jpg,n02088632_4625,train,n02088632,bluetick,floppy,images/train/n02088632_4625.jpg
n02088632_70.jpg,n02088632_70,train,n02088632,bluetick,floppy,images/train/n02088632_70.jpg
n02088632_813.jpg,n02088632_813,train,n02088632,bluetick,floppy,images/train/n02088632_813.jpg
n02088632_924.jpg,n02088632_924,train,n02088632,bluetick,floppy,images/train/n02088632_924.jpg
n02088632_982.jpg,n02088632_982,train,n02088632,bluetick,floppy,images/train/n02088632_982.jpg
n02089078_1454.jpg,n02089078_1454,train,n02089078,black-and-tan_coonhound,floppy,images/train/n02089078_1454.jpg
n02089078_1681.jpg,n02089078_1681,train,n02089078,black-and-tan_coonhound,floppy,images/train/n02089078_1681.jpg
n02089078_2225.jpg,n02089078_2225,train,n02089078,black-and-tan_coonhound,floppy,images/train/n02089078_2225.jpg
n02089078_2282.jpg,n02089078_2282,train,n02089078,black-and-tan_coonhound,floppy,images/train/n02089078_2282.jpg
n02089078_2294.jpg,n02089078_2294,train,n02089078,black-and-tan_coonhound,floppy,images/train/n02089078_2294.jpg
n02089078_2404.jpg,n02089078_2404,train,n02089078,black-and-tan_coonhound,floppy,images/train/n02089078_2404.jpg
n02089078_2464.jpg,n02089078_2464,train,n02089078,black-and-tan_coonhound,floppy,images/train/n02089078_2464.jpg
n02089078_2478.jpg,n02089078_2478,train,n02089078,black-and-tan_coonhound,floppy,images/train/n02089078_2478.jpg
n02089078_2498.jpg,n02089078_2498,train,n02089078,black-and-tan_coonhound,floppy,images/train/n02089078_2498.jpg
n02089078_2728.jpg,n02089078_2728,train,n02089078,black-and-tan_coonhound,floppy,images/train/n02089078_2728.jpg
n02089078_2753.jpg,n02089078_2753,train,n02089078,black-and-tan_coonhound,floppy,images/train/n02089078_2753.jpg
n02089078_2829.jpg,n02089078_2829,train,n02089078,black-and-tan_coonhound,floppy,images/train/n02089078_2829.jpg
n02089078_2962.jpg,n02089078_2962,train,n02089078,black-and-tan_coonhound,floppy,images/train/n02089078_2962.jpg
n02089078_3134.jpg,n02089078_3134,train,n02089078,black-and-tan_coonhound,floppy,images/train/n02089078_3134.jpg
n02089078_324.jpg,n02089078_324,train,n02089078,black-and-tan_coonhound,floppy,images/train/n02089078_324.jpg
n02089078_3869.jpg,n02089078_3869,train,n02089078,black-and-tan_coonhound,floppy,images/train/n02089078_3869.jpg
n02089078_3932.jpg,n02089078_3932,train,n02089078,black-and-tan_coonhound,floppy,images/train/n02089078_3932.jpg
n02089078_4065.jpg,n02089078_4065,train,n02089078,black-and-tan_coonhound,floppy,images/train/n02089078_4065.jpg
n02089078_4331.jpg,n02089078_4331,train,n02089078,black-and-tan_coonhound,floppy,images/train/n02089078_4331.jpg
n02089078_482.jpg,n02089078_482,train,n02089078,black-and-tan_coonhound,floppy,images/train/n02089078_482.jpg
n02089867_1310.jpg,n02089867_1310,train,n02089867,Walker_hound,floppy,images/train/n02089867_1310.jpg
n02089867_146.jpg,n02089867_146,train,n02089867,Walker_hound,floppy,images/train/n02089867_146.jpg
n02089867_1697.jpg,n02089867_1697,train,n02089867,Walker_hound,floppy,images/train/n02089867_1697.jpg
n02089867_1824.jpg,n02089867_1824,train,n02089867,Walker_hound,floppy,images/train/n02089867_1824.jpg
n02089867_1912.jpg,n02089867_1912,train,n02089867,Walker_hound,floppy,images/train/n02089867_1912.jpg
n02089867_1988.jpg,n02089867_1988,train,n02089867,Walker_hound,floppy,images/train/n02089867_1988.jpg
n02089867_2102.jpg,n02089867_2102,train,n02089867,Walker_hound,floppy,images/train/n02089867_2102.jpg
n02089867_2287.jpg,n02089867_2287,train,n02089867,Walker_hound,floppy,images/train/n02089867_2287.jpg
n02089867_2295.jpg,n02089867_2295,train,n02089867,Walker_hound,floppy,images/train/n02089867_2295.jpg
n02089867_2479.jpg,n02089867_2479,train,n02089867,Walker_hound,floppy,images/train/n02089867_2479.jpg
n02089867_2596.jpg,n02089867_2596,train,n02089867,Walker_hound,floppy,images/train/n02089867_2596.jpg
n02089867_2688.jpg,n02089867_2688,train,n02089867,Walker_hound,floppy,images/train/n02089867_2688.jpg
n02089867_3044.jpg,n02089867_3044,train,n02089867,Walker_hound,floppy,images/train/n02089867_3044.jpg
n02089867_3072.jpg,n02089867_3072,train,n02089867,Walker_hound,floppy,images/train/n02089867_3072.jpg
n02089867_3108.jpg,n02089867_3108,train,n02089867,Walker_hound,floppy,images/train/n02089867_3108.jpg
n02089867_3360.jpg,n02089867_3360,train,n02089867,Walker_hound,floppy,images/train/n02089867_3360.jpg
n02089867_3448.jpg,n02089867_3448,train,n02089867,Walker_hound,floppy,images/train/n02089867_3448.jpg
n02089867_348.jpg,n02089867_348,train,n02089867,Walker_hound,floppy,images/train/n02089867_348.jpg
n02089867_3602.jpg,n02089867_3602,train,n02089867,Walker_hound,floppy,images/train/n02089867_3602.jpg
n02089867_3953.jpg,n02089867_3953,train,n02089867,Walker_hound,floppy,images/train/n02089867_3953.jpg
n02089867_712.jpg,n02089867_712,train,n02089867,Walker_hound,floppy,images/train/n02089867_712.jpg
n02089867_90.jpg,n02089867_90,train,n02089867,Walker_hound,floppy,images/train/n02089867_90.jpg
n02089973_1.jpg,n02089973_1,train,n02089973,English_foxhound,floppy,images/train/n02089973_1.jpg
n02089973_1106.jpg,n02089973_1106,train,n02089973,English_foxhound,floppy,images/train/n02089973_1106.jpg
n02089973_1232.jpg,n02089973_1232,train,n02089973,English_foxhound,floppy,images/train/n02089973_1232.jpg
n02089973_1324.jpg,n02089973_1324,train,n02089973,English_foxhound,floppy,images/train/n02089973_1324.jpg
n02089973_1492.jpg,n02089973_1492,train,n02089973,English_foxhound,floppy,images/train/n02089973_1492.jpg
n02089973_1623.jpg,n02089973_1623,train,n02089973,English_foxhound,floppy,images/train/n02089973_1623.jpg
n02089973_1890.jpg,n02089973_1890,train,n02089973,English_foxhound,floppy,images/train/n02089973_1890.jpg
n02089973_2110.jpg,n02089973_2110,train,n02089973,English_foxhound,floppy,images/train/n02089973_2110.jpg
n02089973_2181.jpg,n02089973_2181,train,n02089973,English_foxhound,floppy,images/train/n02089973_2181.jpg
n02089973_2404.jpg,n02089973_2404,train,n02089973,English_foxhound,floppy,images/train/n02089973_2404.jpg
n02089973_2905.jpg,n02089973_2905,train,n02089973,English_foxhound,floppy,images/train/n02089973_2905.jpg
n02089973_3040.jpg,n02089973_3040,train,n02089973,English_foxhound,floppy,images/train/n02089973_3040.jpg
n02089973_3089.jpg,n02089973_3089,train,n02089973,English_foxhound,floppy,images/train/n02089973_3089.jpg
n02089973_3159.jpg,n02089973_3159,train,n02089973,English_foxhound,floppy,images/train/n02089973_3159.jpg
n02089973_3982.jpg,n02089973_3982,train,n02089973,English_foxhound,floppy,images/train/n02089973_3982.jpg
n02089973_4084.jpg,n02089973_4084,train,n02089973,English_foxhound,floppy,images/train/n02089973_4084.jpg
n02089973_569.jpg,n02089973_569,train,n02089973,English_foxhound,floppy,images/train/n02089973_569.jpg
n02089973_612.jpg,n02089973_612,train,n02089973,English_foxhound,floppy,images/train/n02089973_612.jpg
n02089973_770.jpg,n02089973_770,train,n02089973,English_foxhound,floppy,images/train/n02089973_770.jpg
n02089973_811.jpg,n02089973_811,train,n02089973,English_foxhound,floppy,images/train/n02089973_811.jpg
n02090379_1199.jpg,n02090379_1199,train,n02090379,redbone,floppy,images/train/n02090379_1199.jpg
n02090379_1438.jpg,n02090379_1438,train,n02090379,redbone,floppy,images/train/n02090379_1438.jpg
n02090379_1670.jpg,n02090379_1670,train,n02090379,redbone,floppy,images/train/n02090379_1670.jpg
n02090379_2003.jpg,n02090379_2003,train,n02090379,redbone,floppy,images/train/n02090379_2003.jpg
n02090379_2335.jpg,n02090379_2335,train,n02090379,redbone,floppy,images/train/n02090379_2335.jpg
n02090379_2771.jpg,n02090379_2771,train,n02090379,redbone,floppy,images/train/n02090379_2771.jpg
n02090379_2836.jpg,n02090379_2836,train,n02090379,redbone,floppy,images/train/n02090379_2836.jpg
n02090379_2934.jpg,n02090379_2934,train,n02090379,redbone,floppy,images/train/n02090379_2934.jpg
n02090379_3300.jpg,n02090379_3300,train,n02090379,redbone,floppy,images/train/n02090379_3300.jpg
n02090379_3320.jpg,n02090379_3320,train,n02090379,redbone,floppy,images/train/n02090379_3320.jpg
n02090379_3372.jpg,n02090379_3372,train,n02090379,redbone,floppy,images/train/n02090379_3372.jpg
n02090379_364.jpg,n02090379_364,train,n02090379,redbone,floppy,images/train/n02090379_364.jpg
n02090379_3943.jpg,n02090379_3943,train,n02090379,redbone,floppy,images/train/n02090379_3943.jpg
n02090379_4138.jpg,n02090379_4138,train,n02090379,redbone,floppy,images/train/n02090379_4138.jpg
n02090379_4150.jpg,n02090379_4150,train,n02090379,redbone,floppy,images/train/n02090379_4150.jpg
n02090379_4271.jpg,n02090379_4271,train,n02090379,redbone,floppy,images/train/n02090379_4271.jpg
n02090379_4324.jpg,n02090379_4324,train,n02090379,redbone,floppy,images/train/n02090379_4324.jpg
n02090379_4388.jpg,n02090379_4388,train,n02090379,redbone,floppy,images/train/n02090379_4388.jpg
n02090379_4426.jpg,n02090379_4426,train,n02090379,redbone,floppy,images/train/n02090379_4426.jpg
n02090379_4561.jpg,n02090379_4561,train,n02090379,redbone,floppy,images/train/n02090379_4561.jpg
n02090379_4611.jpg,n02090379_4611,train,n02090379,redbone,floppy,images/train/n02090379_4611.jpg
n02090379_4708.jpg,n02090379_4708,train,n02090379,redbone,floppy,images/train/n02090379_4708.jpg
n02090379_4918.jpg,n02090379_4918,train,n02090379,redbone,floppy,images/train/n02090379_4918.jpg
n02090379_4963.jpg,n02090379_4963,train,n02090379,redbone,floppy,images/train/n02090379_4963.jpg
n02090379_5005.jpg,n02090379_5005,train,n02090379,redbone,floppy,images/train/n02090379_5005.jpg
n02090379_5153.jpg,n02090379_5153,train,n02090379,redbone,floppy,images/train/n02090379_5153.jpg
n02090379_5182.jpg,n02090379_5182,train,n02090379,redbone,floppy,images/train/n02090379_5182.jpg
n02090379_5196.jpg,n02090379_5196,train,n02090379,redbone,floppy,images/train/n02090379_5196.jpg
n02090379_521.jpg,n02090379_521,train,n02090379,redbone,floppy,images/train/n02090379_521.jpg
n02090379_5326.jpg,n02090379_5326,train,n02090379,redbone,floppy,images/train/n02090379_5326.jpg
n02090379_744.jpg,n02090379_744,train,n02090379,redbone,floppy,images/train/n02090379_744.jpg
n02090379_855.jpg,n02090379_855,train,n02090379,redbone,floppy,images/train/n02090379_855.jpg
n02090379_859.jpg,n02090379_859,train,n02090379,redbone,floppy,images/train/n02090379_859.jpg
n02090379_957.jpg,n02090379_957,train,n02090379,redbone,floppy,images/train/n02090379_957.jpg
n02090379_980.jpg,n02090379_980,train,n02090379,redbone,floppy,images/train/n02090379_980.jpg
n02090622_1253.jpg,n02090622_1253,train,n02090622,borzoi,half_floppy,images/train/n02090622_1253.jpg
n02090622_2518.jpg,n02090622_2518,train,n02090622,borzoi,half_floppy,images/train/n02090622_2518.jpg
n02090622_5057.jpg,n02090622_5057,train,n02090622,borzoi,half_floppy,images/train/n02090622_5057.jpg
n02090622_5556.jpg,n02090622_5556,train,n02090622,borzoi,half_floppy,images/train/n02090622_5556.jpg
n02090622_585.jpg,n02090622_585,train,n02090622,borzoi,half_floppy,images/train/n02090622_585.jpg
n02090622_6303.jpg,n02090622_6303,train,n02090622,borzoi,half_floppy,images/train/n02090622_6303.jpg
n02090622_6408.jpg,n02090622_6408,train,n02090622,borzoi,half_floppy,images/train/n02090622_6408.jpg
n02090622_6777.jpg,n02090622_6777,train,n02090622,borzoi,half_floppy,images/train/n02090622_6777.jpg
n02090622_6971.jpg,n02090622_6971,train,n02090622,borzoi,half_floppy,images/train/n02090622_6971.jpg
n02090622_6979.jpg,n02090622_6979,train,n02090622,borzoi,half_floppy,images/train/n02090622_6979.jpg
n02090622_7135.jpg,n02090622_7135,train,n02090622,borzoi,half_floppy,images/train/n02090622_7135.jpg
n02090622_7905.jpg,n02090622_7905,train,n02090622,borzoi,half_floppy,images/train/n02090622_7905.jpg
n02090622_7960.jpg,n02090622_7960,train,n02090622,borzoi,half_floppy,images/train/n02090622_7960.jpg
n02090622_855.jpg,n02090622_855,train,n02090622,borzoi,half_floppy,images/train/n02090622_855.jpg
n02090622_8806.jpg,n02090622_8806,train,n02090622,borzoi,half_floppy,images/train/n02090622_8806.jpg
n02090622_9662.jpg,n02090622_9662,train,n02090622,borzoi,half_floppy,images/train/n02090622_9662.jpg
n02090622_9708.jpg,n02090622_9708,train,n02090622,borzoi,half_floppy,images/train/n02090622_9708.jpg
n02090622_9786.jpg,n02090622_9786,train,n02090622,borzoi,half_floppy,images/train/n02090622_9786.jpg
n02090721_1003.jpg,n02090721_1003,train,n02090721,Irish_wolfhound,floppy,images/train/n02090721_1003.jpg
n02090721_1026.jpg,n02090721_1026,train,n02090721,Irish_wolfhound,floppy,images/train/n02090721_1026.jpg
n02090721_1105.jpg,n02090721_1105,train,n02090721,Irish_wolfhound,floppy,images/train/n02090721_1105.jpg
n02090721_1234.jpg,n02090721_1234,train,n02090721,Irish_wolfhound,floppy,images/train/n02090721_1234.jpg
n02090721_1688.jpg,n02090721_1688,train,n02090721,Irish_wolfhound,floppy,images/train/n02090721_1688.jpg
n02090721_1862.jpg,n02090721_1862,train,n02090721,Irish_wolfhound,floppy,images/train/n02090721_1862.jpg
n02090721_1981.jpg,n02090721_1981,train,n02090721,Irish_wolfhound,floppy,images/train/n02090721_1981.jpg
n02090721_2347.jpg,n02090721_2347,train,n02090721,Irish_wolfhound,floppy,images/train/n02090721_2347.jpg
n02090721_2651.jpg,n02090721_2651,train,n02090721,Irish_wolfhound,floppy,images/train/n02090721_2651.jpg
n02090721_3527.jpg,n02090721_3527,train,n02090721,Irish_wolfhound,floppy,images/train/n02090721_3527.jpg
n02090721_3811.jpg,n02090721_3811,train,n02090721,Irish_wolfhound,floppy,images/train/n02090721_3811.jpg
n02090721_4203.jpg,n02090721_4203,train,n02090721,Irish_wolfhound,floppy,images/train/n02090721_4203.jpg
n02090721_452.jpg,n02090721_452,train,n02090721,Irish_wolfhound,floppy,images/train/n02090721_452.jpg
n02090721_6999.jpg,n02090721_6999,train,n02090721,Irish_wolfhound,floppy,images/train/n02090721_6999.jpg
n02090721_7104.jpg,n02090721_7104,train,n02090721,Irish_wolfhound,floppy,images/train/n02090721_7104.jpg
n02090721_892.jpg,n02090721_892,train,n02090721,Irish_wolfhound,floppy,images/train/n02090721_892.jpg
n02090721_969.jpg,n02090721_969,train,n02090721,Irish_wolfhound,floppy,images/train/n02090721_969.jpg
n02091032_10314.jpg,n02091032_10314,train,n02091032,Italian_greyhound,half_floppy,images/train/n02091032_10314.jpg
n02091032_11626.jpg,n02091032_11626,train,n02091032,Italian_greyhound,half_floppy,images/train/n02091032_11626.jpg
n02091032_1228.jpg,n02091032_1228,train,n02091032,Italian_greyhound,half_floppy,images/train/n02091032_1228.jpg
n02091032_1470.jpg,n02091032_1470,train,n02091032,Italian_greyhound,half_floppy,images/train/n02091032_1470.jpg
n02091032_1547.jpg,n02091032_1547,train,n02091032,Italian_greyhound,half_floppy,images/train/n02091032_1547.jpg
n02091032_1649.jpg,n02091032_1649,train,n02091032,Italian_greyhound,half_floppy,images/train/n02091032_1649.jpg
n02091032_1773.jpg,n02091032_1773,train,n02091032,Italian_greyhound,half_floppy,images/train/n02091032_1773.jpg
n02091032_2178.jpg,n02091032_2178,train,n02091032,Italian_greyhound,half_floppy,images/train/n02091032_2178.jpg
n02091032_256.jpg,n02091032_256,train,n02091032,Italian_greyhound,half_floppy,images/train/n02091032_256.jpg
n02091032_3875.jpg,n02091032_3875,train,n02091032,Italian_greyhound,half_floppy,images/train/n02091032_3875.jpg
n02091032_4323.jpg,n02091032_4323,train,n02091032,Italian_greyhound,half_floppy,images/train/n02091032_4323.jpg
n02091032_551.jpg,n02091032_551,train,n02091032,Italian_greyhound,half_floppy,images/train/n02091032_551.jpg
n02091032_5638.jpg,n02091032_5638,train,n02091032,Italian_greyhound,half_floppy,images/train/n02091032_5638.jpg
n02091032_636.jpg,n02091032_636,train,n02091032,Italian_greyhound,half_floppy,images/train/n02091032_636.jpg
n02091032_652.jpg,n02091032_652,train,n02091032,Italian_greyhound,half_floppy,images/train/n02091032_652.jpg
n02091032_6537.jpg,n02091032_6537,train,n02091032,Italian_greyhound,half_floppy,images/train/n02091032_6537.jpg
n02091032_7188.jpg,n02091032_7188,train,n02091032,Italian_greyhound,half_floppy,images/train/n02091032_7188.jpg
n02091032_769.jpg,n02091032_769,train,n02091032,Italian_greyhound,half_floppy,images/train/n02091032_769.jpg
n02091032_7831.jpg,n02091032_7831,train,n02091032,Italian_greyhound,half_floppy,images/train/n02091032_7831.jpg
n02091032_8369.jpg,n02091032_8369,train,n02091032,Italian_greyhound,half_floppy,images/train/n02091032_8369.jpg
n02091032_924.jpg,n02091032_924,train,n02091032,Italian_greyhound,half_floppy,images/train/n02091032_924.jpg
n02091032_9613.jpg,n02091032_9613,train,n02091032,Italian_greyhound,half_floppy,images/train/n02091032_9613.jpg
n02091032_9660.jpg,n02091032_9660,train,n02091032,Italian_greyhound,half_floppy,images/train/n02091032_9660.jpg
n02091134_10219.jpg,n02091134_10219,train,n02091134,whippet,half_floppy,images/train/n02091134_10219.jpg
n02091134_10521.jpg,n02091134_10521,train,n02091134,whippet,half_floppy,images/train/n02091134_10521.jpg
n02091134_10618.jpg,n02091134_10618,train,n02091134,whippet,half_floppy,images/train/n02091134_10618.jpg
n02091134_12827.jpg,n02091134_12827,train,n02091134,whippet,half_floppy,images/train/n02091134_12827.jpg
n02091134_14090.jpg,n02091134_14090,train,n02091134,whippet,half_floppy,images/train/n02091134_14090.jpg
n02091134_145.jpg,n02091134_145,train,n02091134,whippet,half_floppy,images/train/n02091134_145.jpg
n02091134_14506.jpg,n02091134_14506,train,n02091134,whippet,half_floppy,images/train/n02091134_14506.jpg
n02091134_14646.jpg,n02091134_14646,train,n02091134,whippet,half_floppy,images/train/n02091134_14646.jpg
n02091134_15398.jpg,n02091134_15398,train,n02091134,whippet,half_floppy,images/train/n02091134_15398.jpg
n02091134_15876.jpg,n02091134_15876,train,n02091134,whippet,half_floppy,images/train/n02091134_15876.jpg
n02091134_17467.jpg,n02091134_17467,train,n02091134,whippet,half_floppy,images/train/n02091134_17467.jpg
n02091134_18069.jpg,n02091134_18069,train,n02091134,whippet,half_floppy,images/train/n02091134_18069.jpg
n02091134_2339.jpg,n02091134_2339,train,n02091134,whippet,half_floppy,images/train/n02091134_2339.jpg
n02091134_392.jpg,n02091134_392,train,n02091134,whippet,half_floppy,images/train/n02091134_392.jpg
n02091134_7736.jpg,n02091134_7736,train,n02091134,whippet,half_floppy,images/train/n02091134_7736.jpg
n02091244_100.jpg,n02091244_100,train,n02091244,Ibizan_hound,pointy,images/train/n02091244_100.jpg
n02091244_1182.jpg,n02091244_1182,train,n02091244,Ibizan_hound,pointy,images/train/n02091244_1182.jpg
n02091244_1252.jpg,n02091244_1252,train,n02091244,Ibizan_hound,pointy,images/train/n02091244_1252.jpg
n02091244_1396.jpg,n02091244_1396,train,n02091244,Ibizan_hound,pointy,images/train/n02091244_1396.jpg
n02091244_142.jpg,n02091244_142,train,n02091244,Ibizan_hound,pointy,images/train/n02091244_142.jpg
n02091244_1438.jpg,n02091244_1438,train,n02091244,Ibizan_hound,pointy,images/train/n02091244_1438.jpg
n02091244_1488.jpg,n02091244_1488,train,n02091244,Ibizan_hound,pointy,images/train/n02091244_1488.jpg
n02091244_150.jpg,n02091244_150,train,n02091244,Ibizan_hound,pointy,images/train/n02091244_150.jpg
n02091244_1525.jpg,n02091244_1525,train,n02091244,Ibizan_hound,pointy,images/train/n02091244_1525.jpg
n02091244_1541.jpg,n02091244_1541,train,n02091244,Ibizan_hound,pointy,images/train/n02091244_1541.jpg
n02091244_175.jpg,n02091244_175,train,n02091244,Ibizan_hound,pointy,images/train/n02091244_175.jpg
n02091244_2062.jpg,n02091244_2062,train,n02091244,Ibizan_hound,pointy,images/train/n02091244_2062.jpg
n02091244_3369.jpg,n02091244_3369,train,n02091244,Ibizan_hound,pointy,images/train/n02091244_3369.jpg
n02091244_3707.jpg,n02091244_3707,train,n02091244,Ibizan_hound,pointy,images/train/n02091244_3707.jpg
n02091244_4879.jpg,n02091244_4879,train,n02091244,Ibizan_hound,pointy,images/train/n02091244_4879.jpg
n02091244_497.jpg,n02091244_497,train,n02091244,Ibizan_hound,pointy,images/train/n02091244_497.jpg
n02091244_4986.jpg,n02091244_4986,train,n02091244,Ibizan_hound,pointy,images/train/n02091244_4986.jpg
n02091244_569.jpg,n02091244_569,train,n02091244,Ibizan_hound,pointy,images/train/n02091244_569.jpg
n02091244_5895.jpg,n02091244_5895,train,n02091244,Ibizan_hound,pointy,images/train/n02091244_5895.jpg
n02091244_61.jpg,n02091244_61,train,n02091244,Ibizan_hound,pointy,images/train/n02091244_61.jpg
n02091244_743.jpg,n02091244_743,train,n02091244,Ibizan_hound,pointy,images/train/n02091244_743.jpg
n02091244_822.jpg,n02091244_822,train,n02091244,Ibizan_hound,pointy,images/train/n02091244_822.jpg
n02091467_1491.jpg,n02091467_1491,train,n02091467,Norwegian_elkhound,pointy,images/train/n02091467_1491.jpg
n02091467_1679.jpg,n02091467_1679,train,n02091467,Norwegian_elkhound,pointy,images/train/n02091467_1679.jpg
n02091467_217.jpg,n02091467_217,train,n02091467,Norwegian_elkhound,pointy,images/train/n02091467_217.jpg
n02091467_2723.jpg,n02091467_2723,train,n02091467,Norwegian_elkhound,pointy,images/train/n02091467_2723.jpg
n02091467_2856.jpg,n02091467_2856,train,n02091467,Norwegian_elkhound,pointy,images/train/n02091467_2856.jpg
n02091467_287.jpg,n02091467_287,train,n02091467,Norwegian_elkhound,pointy,images/train/n02091467_287.jpg
n02091467_2929.jpg,n02091467_2929,train,n02091467,Norwegian_elkhound,pointy,images/train/n02091467_2929.jpg
n02091467_2936.jpg,n02091467_2936,train,n02091467,Norwegian_elkhound,pointy,images/train/n02091467_2936.jpg
n02091467_3135.jpg,n02091467_3135,train,n02091467,Norwegian_elkhound,pointy,images/train/n02091467_3135.jpg
n02091467_332.jpg,n02091467_332,train,n02091467,Norwegian_elkhound,pointy,images/train/n02091467_332.jpg
n02091467_3403.jpg,n02091467_3403,train,n02091467,Norwegian_elkhound,pointy,images/train/n02091467_3403.jpg
n02091467_410.jpg,n02091467_410,train,n02091467,Norwegian_elkhound,pointy,images/train/n02091467_410.jpg
n02091467_4406.jpg,n02091467_4406,train,n02091467,Norwegian_elkhound,pointy,images/train/n02091467_4406.jpg
n02091467_442.jpg,n02091467_442,train,n02091467,Norwegian_elkhound,pointy,images/train/n02091467_442.jpg
n02091467_4421.jpg,n02091467_4421,train,n02091467,Norwegian_elkhound,pointy,images/train/n02091467_4421.jpg
n02091467_4489.jpg,n02091467_4489,train,n02091467,Norwegian_elkhound,pointy,images/train/n02091467_4489.jpg
n02091467_4492.jpg,n02091467_4492,train,n02091467,Norwegian_elkhound,pointy,images/train/n02091467_4492.jpg
n02091467_4761.jpg,n02091467_4761,train,n02091467,Norwegian_elkhound,pointy,images/train/n02091467_4761.jpg
n02091467_5002.jpg,n02091467_5002,train,n02091467,Norwegian_elkhound,pointy,images/train/n02091467_5002.jpg
n02091467_5003.jpg,n02091467_5003,train,n02091467,Norwegian_elkhound,pointy,images/train/n02091467_5003.jpg
n02091467_5367.jpg,n02091467_5367,train,n02091467,Norwegian_elkhound,pointy,images/train/n02091467_5367.jpg
n02091467_5955.jpg,n02091467_5955,train,n02091467,Norwegian_elkhound,pointy,images/train/n02091467_5955.jpg
n02091467_6103.jpg,n02091467_6103,train,n02091467,Norwegian_elkhound,pointy,images/train/n02091467_6103.jpg
n02091467_6235.jpg,n02091467_6235,train,n02091467,Norwegian_elkhound,pointy,images/train/n02091467_6235.jpg
n02091467_6295.jpg,n02091467_6295,train,n02091467,Norwegian_elkhound,pointy,images/train/n02091467_6295.jpg
n02091467_6962.jpg,n02091467_6962,train,n02091467,Norwegian_elkhound,pointy,images/train/n02091467_6962.jpg
n02091467_7085.jpg,n02091467_7085,train,n02091467,Norwegian_elkhound,pointy,images/train/n02091467_7085.jpg
n02091467_7291.jpg,n02091467_7291,train,n02091467,Norwegian_elkhound,pointy,images/train/n02091467_7291.jpg
n02091467_7363.jpg,n02091467_7363,train,n02091467,Norwegian_elkhound,pointy,images/train/n02091467_7363.jpg
n02091635_1164.jpg,n02091635_1164,train,n02091635,otterhound,floppy,images/train/n02091635_1164.jpg
n02091635_1234.jpg,n02091635_1234,train,n02091635,otterhound,floppy,images/train/n02091635_1234.jpg
n02091635_1266.jpg,n02091635_1266,train,n02091635,otterhound,floppy,images/train/n02091635_1266.jpg
n02091635_1396.jpg,n02091635_1396,train,n02091635,otterhound,floppy,images/train/n02091635_1396.jpg
n02091635_1590.jpg,n02091635_1590,train,n02091635,otterhound,floppy,images/train/n02091635_1590.jpg
n02091635_2.jpg,n02091635_2,train,n02091635,otterhound,floppy,images/train/n02091635_2.jpg
n02091635_2014.jpg,n02091635_2014,train,n02091635,otterhound,floppy,images/train/n02091635_2014.jpg
n02091635_2277.jpg,n02091635_2277,train,n02091635,otterhound,floppy,images/train/n02091635_2277.jpg
n02091635_3475.jpg,n02091635_3475,train,n02091635,otterhound,floppy,images/train/n02091635_3475.jpg
n02091635_3703.jpg,n02091635_3703,train,n02091635,otterhound,floppy,images/train/n02091635_3703.jpg
n02091635_386.jpg,n02091635_386,train,n02091635,otterhound,floppy,images/train/n02091635_386.jpg
n02091635_4422.jpg,n02091635_4422,train,n02091635,otterhound,floppy,images/train/n02091635_4422.jpg
n02091635_452.jpg,n02091635_452,train,n02091635,otterhound,floppy,images/train/n02091635_452.jpg
n02091635_658.jpg,n02091635_658,train,n02091635,otterhound,floppy,images/train/n02091635_658.jpg
n02091635_873.jpg,n02091635_873,train,n02091635,otterhound,floppy,images/train/n02091635_873.jpg
n02091635_920.jpg,n02091635_920,train,n02091635,otterhound,floppy,images/train/n02091635_920.jpg
n02091831_10576.jpg,n02091831_10576,train,n02091831,Saluki,floppy,images/train/n02091831_10576.jpg
n02091831_10733.jpg,n02091831_10733,train,n02091831,Saluki,floppy,images/train/n02091831_10733.jpg
n02091831_10978.jpg,n02091831_10978,train,n02091831,Saluki,floppy,images/train/n02091831_10978.jpg
n02091831_1110.jpg,n02091831_1110,train,n02091831,Saluki,floppy,images/train/n02091831_1110.jpg
n02091831_12945.jpg,n02091831_12945,train,n02091831,Saluki,floppy,images/train/n02091831_12945.jpg
n02091831_2288.jpg,n02091831_2288,train,n02091831,Saluki,floppy,images/train/n02091831_2288.jpg
n02091831_2838.jpg,n02091831_2838,train,n02091831,Saluki,floppy,images/train/n02091831_2838.jpg
n02091831_4626.jpg,n02091831_4626,train,n02091831,Saluki,floppy,images/train/n02091831_4626.jpg
n02091831_4644.jpg,n02091831_4644,train,n02091831,Saluki,floppy,images/train/n02091831_4644.jpg
n02091831_4755.jpg,n02091831_4755,train,n02091831,Saluki,floppy,images/train/n02091831_4755.jpg
n02091831_5369.jpg,n02091831_5369,train,n02091831,Saluki,floppy,images/train/n02091831_5369.jpg
n02091831_5596.jpg,n02091831_5596,train,n02091831,Saluki,floppy,images/train/n02091831_5596.jpg
n02091831_5692.jpg,n02091831_5692,train,n02091831,Saluki,floppy,images/train/n02091831_5692.jpg
n02091831_5745.jpg,n02091831_5745,train,n02091831,Saluki,floppy,images/train/n02091831_5745.jpg
n02091831_6139.jpg,n02091831_6139,train,n02091831,Saluki,floppy,images/train/n02091831_6139.jpg
n02091831_749.jpg,n02091831_749,train,n02091831,Saluki,floppy,images/train/n02091831_749.jpg
n02091831_8404.jpg,n02091831_8404,train,n02091831,Saluki,floppy,images/train/n02091831_8404.jpg
n02092002_10699.jpg,n02092002_10699,train,n02092002,Scottish_deerhound,floppy,images/train/n02092002_10699.jpg
n02092002_11088.jpg,n02092002_11088,train,n02092002,Scottish_deerhound,floppy,images/train/n02092002_11088.jpg
n02092002_11245.jpg,n02092002_11245,train,n02092002,Scottish_deerhound,floppy,images/train/n02092002_11245.jpg
n02092002_1147.jpg,n02092002_1147,train,n02092002,Scottish_deerhound,floppy,images/train/n02092002_1147.jpg
n02092002_1200.jpg,n02092002_1200,train,n02092002,Scottish_deerhound,floppy,images/train/n02092002_1200.jpg
n02092002_12394.jpg,n02092002_12394,train,n02092002,Scottish_deerhound,floppy,images/train/n02092002_12394.jpg
n02092002_14369.jpg,n02092002_14369,train,n02092002,Scottish_deerhound,floppy,images/train/n02092002_14369.jpg
n02092002_14540.jpg,n02092002_14540,train,n02092002,Scottish_deerhound,floppy,images/train/n02092002_14540.jpg
n02092002_14771.jpg,n02092002_14771,train,n02092002,Scottish_deerhound,floppy,images/train/n02092002_14771.jpg
n02092002_15112.jpg,n02092002_15112,train,n02092002,Scottish_deerhound,floppy,images/train/n02092002_15112.jpg
n02092002_15342.jpg,n02092002_15342,train,n02092002,Scottish_deerhound,floppy,images/train/n02092002_15342.jpg
n02092002_15354.jpg,n02092002_15354,train,n02092002,Scottish_deerhound,floppy,images/train/n02092002_15354.jpg
n02092002_1693.jpg,n02092002_1693,train,n02092002,Scottish_deerhound,floppy,images/train/n02092002_1693.jpg
n02092002_2008.jpg,n02092002_2008,train,n02092002,Scottish_deerhound,floppy,images/train/n02092002_2008.jpg
n02092002_2184.jpg,n02092002_2184,train,n02092002,Scottish_deerhound,floppy,images/train/n02092002_2184.jpg
n02092002_2294.jpg,n02092002_2294,train,n02092002,Scottish_deerhound,floppy,images/train/n02092002_2294.jpg
n02092002_2851.jpg,n02092002_2851,train,n02092002,Scottish_deerhound,floppy,images/train/n02092002_2851.jpg
n02092002_3301.jpg,n02092002_3301,train,n02092002,Scottish_deerhound,floppy,images/train/n02092002_3301.jpg
n02092002_3867.jpg,n02092002_3867,train,n02092002,Scottish_deerhound,floppy,images/train/n02092002_3867.jpg
n02092002_4131.jpg,n02092002_4131,train,n02092002,Scottish_deerhound,floppy,images/train/n02092002_4131.jpg
n02092002_5222.jpg,n02092002_5222,train,n02092002,Scottish_deerhound,floppy,images/train/n02092002_5222.jpg
n02092002_5668.jpg,n02092002_5668,train,n02092002,Scottish_deerhound,floppy,images/train/n02092002_5668.jpg
n02092002_6503.jpg,n02092002_6503,train,n02092002,Scottish_deerhound,floppy,images/train/n02092002_6503.jpg
n02092002_6618.jpg,n02092002_6618,train,n02092002,Scottish_deerhound,floppy,images/train/n02092002_6618.jpg
n02092002_6723.jpg,n02092002_6723,train,n02092002,Scottish_deerhound,floppy,images/train/n02092002_6723.jpg
n02092002_6963.jpg,n02092002_6963,train,n02092002,Scottish_deerhound,floppy,images/train/n02092002_6963.jpg
n02092002_7268.jpg,n02092002_7268,train,n02092002,Scottish_deerhound,floppy,images/train/n02092002_7268.jpg
n02092002_7835.jpg,n02092002_7835,train,n02092002,Scottish_deerhound,floppy,images/train/n02092002_7835.jpg
n02092002_846.jpg,n02092002_846,train,n02092002,Scottish_deerhound,floppy,images/train/n02092002_846.jpg
n02092002_9862.jpg,n02092002_9862,train,n02092002,Scottish_deerhound,floppy,images/train/n02092002_9862.jpg
n02092339_107.jpg,n02092339_107,train,n02092339,Weimaraner,floppy,images/train/n02092339_107.jpg
n02092339_110.jpg,n02092339_110,train,n02092339,Weimaraner,floppy,images/train/n02092339_110.jpg
n02092339_1521.jpg,n02092339_1521,train,n02092339,Weimaraner,floppy,images/train/n02092339_1521.jpg
n02092339_1700.jpg,n02092339_1700,train,n02092339,Weimaraner,floppy,images/train/n02092339_1700.jpg
n02092339_1796.jpg,n02092339_1796,train,n02092339,Weimaraner,floppy,images/train/n02092339_1796.jpg
n02092339_1849.jpg,n02092339_1849,train,n02092339,Weimaraner,floppy,images/train/n02092339_1849.jpg
n02092339_235.jpg,n02092339_235,train,n02092339,Weimaraner,floppy,images/train/n02092339_235.jpg
n02092339_272.jpg,n02092339_272,train,n02092339,Weimaraner,floppy,images/train/n02092339_272.jpg
n02092339_3091.jpg,n02092339_3091,train,n02092339,Weimaraner,floppy,images/train/n02092339_3091.jpg
n02092339_31.jpg,n02092339_31,train,n02092339,Weimaraner,floppy,images/train/n02092339_31.jpg
n02092339_3171.jpg,n02092339_3171,train,n02092339,Weimaraner,floppy,images/train/n02092339_3171.jpg
n02092339_3222.jpg,n02092339_3222,train,n02092339,Weimaraner,floppy,images/train/n02092339_3222.jpg
n02092339_3306.jpg,n02092339_3306,train,n02092339,Weimaraner,floppy,images/train/n02092339_3306.jpg
n02092339_3345.jpg,n02092339_3345,train,n02092339,Weimaraner,floppy,images/train/n02092339_3345.jpg
n02092339_3979.jpg,n02092339_3979,train,n02092339,Weimaraner,floppy,images/train/n02092339_3979.jpg
n02092339_4169.jpg,n02092339_4169,train,n02092339,Weimaraner,floppy,images/train/n02092339_4169.jpg
n02092339_4936.jpg,n02092339_4936,train,n02092339,Weimaraner,floppy,images/train/n02092339_4936.jpg
n02092339_4965.jpg,n02092339_4965,train,n02092339,Weimaraner,floppy,images/train/n02092339_4965.jpg
n02092339_514.jpg,n02092339_514,train,n02092339,Weimaraner,floppy,images/train/n02092339_514.jpg
n02092339_5329.jpg,n02092339_5329,train,n02092339,Weimaraner,floppy,images/train/n02092339_5329.jpg
n02092339_5981.jpg,n02092339_5981,train,n02092339,Weimaraner,floppy,images/train/n02092339_5981.jpg
n02092339_6209.jpg,n02092339_6209,train,n02092339,Weimaraner,floppy,images/train/n02092339_6209.jpg
n02092339_6543.jpg,n02092339_6543,train,n02092339,Weimaraner,floppy,images/train/n02092339_6543.jpg
n02092339_6548.jpg,n02092339_6548,train,n02092339,Weimaraner,floppy,images/train/n02092339_6548.jpg
n02092339_6620.jpg,n02092339_6620,train,n02092339,Weimaraner,floppy,images/train/n02092339_6620.jpg
n02092339_7210.jpg,n02092339_7210,train,n02092339,Weimaraner,floppy,images/train/n02092339_7210.jpg
n02092339_7224.jpg,n02092339_7224,train,n02092339,Weimaraner,floppy,images/train/n02092339_7224.jpg
n02092339_747.jpg,n02092339_747,train,n02092339,Weimaraner,floppy,images/train/n02092339_747.jpg
n02092339_7491.jpg,n02092339_7491,train,n02092339,Weimaraner,floppy,images/train/n02092339_7491.jpg
n02092339_7500.jpg,n02092339_7500,train,n02092339,Weimaraner,floppy,images/train/n02092339_7500.jpg
n02092339_767.jpg,n02092339_767,train,n02092339,Weimaraner,floppy,images/train/n02092339_767.jpg
n02092339_792.jpg,n02092339_792,train,n02092339,Weimaraner,floppy,images/train/n02092339_792.jpg
n02092339_8029.jpg,n02092339_8029,train,n02092339,Weimaraner,floppy,images/train/n02092339_8029.jpg
n02092339_93.jpg,n02092339_93,train,n02092339,Weimaraner,floppy,images/train/n02092339_93.jpg
n02093256_10078.jpg,n02093256_10078,train,n02093256,Staffordshire_bullterrier,half_floppy,images/train/n02093256_10078.jpg
n02093256_11836.jpg,n02093256_11836,train,n02093256,Staffordshire_bullterrier,half_floppy,images/train/n02093256_11836.jpg
n02093256_1275.jpg,n02093256_1275,train,n02093256,Staffordshire_bullterrier,half_floppy,images/train/n02093256_1275.jpg
n02093256_13419.jpg,n02093256_13419,train,n02093256,Staffordshire_bullterrier,half_floppy,images/train/n02093256_13419.jpg
n02093256_14522.jpg,n02093256_14522,train,n02093256,Staffordshire_bullterrier,half_floppy,images/train/n02093256_14522.jpg
n02093256_1487.jpg,n02093256_1487,train,n02093256,Staffordshire_bullterrier,half_floppy,images/train/n02093256_1487.jpg
n02093256_1546.jpg,n02093256_1546,train,n02093256,Staffordshire_bullterrier,half_floppy,images/train/n02093256_1546.jpg
n02093256_1727.jpg,n02093256_1727,train,n02093256,Staffordshire_bullterrier,half_floppy,images/train/n02093256_1727.jpg
n02093256_1826.jpg,n02093256_1826,train,n02093256,Staffordshire_bullterrier,half_floppy,images/train/n02093256_1826.jpg
n02093256_1939.jpg,n02093256_1939,train,n02093256,Staffordshire_bullterrier,half_floppy,images/train/n02093256_1939.jpg
n02093256_2737.jpg,n02093256_2737,train,n02093256,Staffordshire_bullterrier,half_floppy,images/train/n02093256_2737.jpg
n02093256_291.jpg,n02093256_291,train,n02093256,Staffordshire_bullterrier,half_floppy,images/train/n02093256_291.jpg
n02093256_3190.jpg,n02093256_3190,train,n02093256,Staffordshire_bullterrier,half_floppy,images/train/n02093256_3190.jpg
n02093256_3462.jpg,n02093256_3462,train,n02093256,Staffordshire_bullterrier,half_floppy,images/train/n02093256_3462.jpg
n02093256_3529.jpg,n02093256_3529,train,n02093256,Staffordshire_bullterrier,half_floppy,images/train/n02093256_3529.jpg
n02093256_3614.jpg,n02093256_3614,train,n02093256,Staffordshire_bullterrier,half_floppy,images/train/n02093256_3614.jpg
n02093256_3941.jpg,n02093256_3941,train,n02093256,Staffordshire_bullterrier,half_floppy,images/train/n02093256_3941.jpg
n02093256_417.jpg,n02093256_417,train,n02093256,Staffordshire_bullterrier,half_floppy,images/train/n02093256_417.jpg
n02093256_4245.jpg,n02093256_4245,train,n02093256,Staffordshire_bullterrier,half_floppy,images/train/n02093256_4245.jpg
n02093256_4374.jpg,n02093256_4374,train,n02093256,Staffordshire_bullterrier,half_floppy,images/train/n02093256_4374.jpg
n02093256_4452.jpg,n02093256_4452,train,n02093256,Staffordshire_bullterrier,half_floppy,images/train/n02093256_4452.jpg
n02093256_4972.jpg,n02093256_4972,train,n02093256,Staffordshire_bullterrier,half_floppy,images/train/n02093256_4972.jpg
n02093256_5139.jpg,n02093256_5139,train,n02093256,Staffordshire_bullterrier,half_floppy,images/train/n02093256_5139.jpg
n02093256_5295.jpg,n02093256_5295,train,n02093256,Staffordshire_bullterrier,half_floppy,images/train/n02093256_5295.jpg
n02093256_5428.jpg,n02093256_5428,train,n02093256,Staffordshire_bullterrier,half_floppy,images/train/n02093256_5428.jpg
n02093256_5647.jpg,n02093256_5647,train,n02093256,Staffordshire_bullterrier,half_floppy,images/train/n02093256_5647.jpg
n02093256_5943.jpg,n02093256_5943,train,n02093256,Staffordshire_bullterrier,half_floppy,images/train/n02093256_5943.jpg
n02093256_6969.jpg,n02093256_6969,train,n02093256,Staffordshire_bullterrier,half_floppy,images/train/n02093256_6969.jpg
n02093256_6992.jpg,n02093256_6992,train,n02093256,Staffordshire_bullterrier,half_floppy,images/train/n02093256_6992.jpg
n02093256_7043.jpg,n02093256_7043,train,n02093256,Staffordshire_bullterrier,half_floppy,images/train/n02093256_7043.jpg
n02093256_7577.jpg,n02093256_7577,train,n02093256,Staffordshire_bullterrier,half_floppy,images/train/n02093256_7577.jpg
n02093256_774.jpg,n02093256_774,train,n02093256,Staffordshire_bullterrier,half_floppy,images/train/n02093256_774.jpg
n02093428_10164.jpg,n02093428_10164,train,n02093428,American_Staffordshire_terrier,half_floppy,images/train/n02093428_10164.jpg
n02093428_10381.jpg,n02093428_10381,train,n02093428,American_Staffordshire_terrier,half_floppy,images/train/n02093428_10381.jpg
n02093428_10761.jpg,n02093428_10761,train,n02093428,American_Staffordshire_terrier,half_floppy,images/train/n02093428_10761.jpg
n02093428_10908.jpg,n02093428_10908,train,n02093428,American_Staffordshire_terrier,half_floppy,images/train/n02093428_10908.jpg
n02093428_10947.jpg,n02093428_10947,train,n02093428,American_Staffordshire_terrier,half_floppy,images/train/n02093428_10947.jpg
n02093428_111.jpg,n02093428_111,train,n02093428,American_Staffordshire_terrier,half_floppy,images/train/n02093428_111.jpg
n02093428_11598.jpg,n02093428_11598,train,n02093428,American_Staffordshire_terrier,half_floppy,images/train/n02093428_11598.jpg
n02093428_11926.jpg,n02093428_11926,train,n02093428,American_Staffordshire_terrier,half_floppy,images/train/n02093428_11926.jpg
n02093428_12219.jpg,n02093428_12219,train,n02093428,American_Staffordshire_terrier,half_floppy,images/train/n02093428_12219.jpg
n02093428_1278.jpg,n02093428_1278,train,n02093428,American_Staffordshire_terrier,half_floppy,images/train/n02093428_1278.jpg
n02093428_1345.jpg,n02093428_1345,train,n02093428,American_Staffordshire_terrier,half_floppy,images/train/n02093428_1345.jpg
n02093428_1351.jpg,n02093428_1351,train,n02093428,American_Staffordshire_terrier,half_floppy,images/train/n02093428_1351.jpg
n02093428_13615.jpg,n02093428_13615,train,n02093428,American_Staffordshire_terrier,half_floppy,images/train/n02093428_13615.jpg
n02093428_14252.jpg,n02093428_14252,train,n02093428,American_Staffordshire_terrier,half_floppy,images/train/n02093428_14252.jpg
n02093428_1439.jpg,n02093428_1439,train,n02093428,American_Staffordshire_terrier,half_floppy,images/train/n02093428_1439.jpg
n02093428_14612.jpg,n02093428_14612,train,n02093428,American_Staffordshire_terrier,half_floppy,images/train/n02093428_14612.jpg
n02093428_14706.jpg,n02093428_14706,train,n02093428,American_Staffordshire_terrier,half_floppy,images/train/n02093428_14706.jpg
n02093428_15747.jpg,n02093428_15747,train,n02093428,American_Staffordshire_terrier,half_floppy,images/train/n02093428_15747.jpg
n02093428_16386.jpg,n02093428_16386,train,n02093428,American_Staffordshire_terrier,half_floppy,images/train/n02093428_16386.jpg
n02093428_17280.jpg,n02093428_17280,train,n02093428,American_Staffordshire_terrier,half_floppy,images/train/n02093428_17280.jpg
n02093428_17332.jpg,n02093428_17332,train,n02093428,American_Staffordshire_terrier,half_floppy,images/train/n02093428_17332.jpg
n02093428_1746.jpg,n02093428_1746,train,n02093428,American_Staffordshire_terrier,half_floppy,images/train/n02093428_1746.jpg
n02093428_17557.jpg,n02093428_17557,train,n02093428,American_Staffordshire_terrier,half_floppy,images/train/n02093428_17557.jpg
n02093428_18881.jpg,n02093428_18881,train,n02093428,American_Staffordshire_terrier,half_floppy,images/train/n02093428_18881.jpg
n02093428_18916.jpg,n02093428_18916,train,n02093428,American_Staffordshire_terrier,half_floppy,images/train/n02093428_18916.jpg
n02093428_2049.jpg,n02093428_2049,train,n02093428,American_Staffordshire_terrier,half_floppy,images/train/n02093428_2049.jpg
n02093428_2199.jpg,n02093428_2199,train,n02093428,American_Staffordshire_terrier,half_floppy,images/train/n02093428_2199.jpg
n02093428_225.jpg,n02093428_225,train,n02093428,American_Staffordshire_terrier,half_floppy,images/train/n02093428_225.jpg
n02093428_2576.jpg,n02093428_2576,train,n02093428,American_Staffordshire_terrier,half_floppy,images/train/n02093428_2576.jpg
n02093428_3020.jpg,n02093428_3020,train,n02093428,American_Staffordshire_terrier,half_floppy,images/train/n02093428_3020.jpg
n02093428_3397.jpg,n02093428_3397,train,n02093428,American_Staffordshire_terrier,half_floppy,images/train/n02093428_3397.jpg
n02093428_3481.jpg,n02093428_3481,train,n02093428,American_Staffordshire_terrier,half_floppy,images/train/n02093428_3481.jpg
n02093428_3587.jpg,n02093428_3587,train,n02093428,American_Staffordshire_terrier,half_floppy,images/train/n02093428_3587.jpg
n02093428_3657.jpg,n02093428_3657,train,n02093428,American_Staffordshire_terrier,half_floppy,images/train/n02093428_3657.jpg
n02093428_416.jpg,n02093428_416,train,n02093428,American_Staffordshire_terrier,half_floppy,images/train/n02093428_416.jpg
n02093428_4654.jpg,n02093428_4654,train,n02093428,American_Staffordshire_terrier,half_floppy,images/train/n02093428_4654.jpg
n02093428_4997.jpg,n02093428_4997,train,n02093428,American_Staffordshire_terrier,half_floppy,images/train/n02093428_4997.jpg
n02093428_5331.jpg,n02093428_5331,train,n02093428,American_Staffordshire_terrier,half_floppy,images/train/n02093428_5331.jpg
n02093428_5617.jpg,n02093428_5617,train,n02093428,American_Staffordshire_terrier,half_floppy,images/train/n02093428_5617.jpg
n02093428_5635.jpg,n02093428_5635,train,n02093428,American_Staffordshire_terrier,half_floppy,images/train/n02093428_5635.jpg
n02093428_7007.jpg,n02093428_7007,train,n02093428,American_Staffordshire_terrier,half_floppy,images/train/n02093428_7007.jpg
n02093428_7164.jpg,n02093428_7164,train,n02093428,American_Staffordshire_terrier,half_floppy,images/train/n02093428_7164.jpg
n02093428_8324.jpg,n02093428_8324,train,n02093428,American_Staffordshire_terrier,half_floppy,images/train/n02093428_8324.jpg
n02093428_8696.jpg,n02093428_8696,train,n02093428,American_Staffordshire_terrier,half_floppy,images/train/n02093428_8696.jpg
n02093428_905.jpg,n02093428_905,train,n02093428,American_Staffordshire_terrier,half_floppy,images/train/n02093428_905.jpg
n02093428_995.jpg,n02093428_995,train,n02093428,American_Staffordshire_terrier,half_floppy,images/train/n02093428_995.jpg
n02093647_1120.jpg,n02093647_1120,train,n02093647,Bedlington_terrier,floppy,images/train/n02093647_1120.jpg
n02093647_1433.jpg,n02093647_1433,train,n02093647,Bedlington_terrier,floppy,images/train/n02093647_1433.jpg
n02093647_2027.jpg,n02093647_2027,train,n02093647,Bedlington_terrier,floppy,images/train/n02093647_2027.jpg
n02093647_2147.jpg,n02093647_2147,train,n02093647,Bedlington_terrier,floppy,images/train/n02093647_2147.jpg
n02093647_2156.jpg,n02093647_2156,train,n02093647,Bedlington_terrier,floppy,images/train/n02093647_2156.jpg
n02093647_2321.jpg,n02093647_2321,train,n02093647,Bedlington_terrier,floppy,images/train/n02093647_2321.jpg
n02093647_2326.jpg,n02093647_2326,train,n02093647,Bedlington_terrier,floppy,images/train/n02093647_2326.jpg
n02093647_2335.jpg,n02093647_2335,train,n02093647,Bedlington_terrier,floppy,images/train/n02093647_2335.jpg
n02093647_2427.jpg,n02093647_2427,train,n02093647,Bedlington_terrier,floppy,images/train/n02093647_2427.jpg
n02093647_2433.jpg,n02093647_2433,train,n02093647,Bedlington_terrier,floppy,images/train/n02093647_2433.jpg
n02093647_2616.jpg,n02093647_2616,train,n02093647,Bedlington_terrier,floppy,images/train/n02093647_2616.jpg
n02093647_2673.jpg,n02093647_2673,train,n02093647,Bedlington_terrier,floppy,images/train/n02093647_2673.jpg
n02093647_3058.jpg,n02093647_3058,train,n02093647,Bedlington_terrier,floppy,images/train/n02093647_3058.jpg
n02093647_630.jpg,n02093647_630,train,n02093647,Bedlington_terrier,floppy,images/train/n02093647_630.jpg
n02093647_655.jpg,n02093647_655,train,n02093647,Bedlington_terrier,floppy,images/train/n02093647_655.jpg
n02093647_680.jpg,n02093647_680,train,n02093647,Bedlington_terrier,floppy,images/train/n02093647_680.jpg
n02093647_933.jpg,n02093647_933,train,n02093647,Bedlington_terrier,floppy,images/train/n02093647_933.jpg
n02093754_1111.jpg,n02093754_1111,train,n02093754,Border_terrier,floppy,images/train/n02093754_1111.jpg
n02093754_1148.jpg,n02093754_1148,train,n02093754,Border_terrier,floppy,images/train/n02093754_1148.jpg
n02093754_1247.jpg,n02093754_1247,train,n02093754,Border_terrier,floppy,images/train/n02093754_1247.jpg
n02093754_1422.jpg,n02093754_1422,train,n02093754,Border_terrier,floppy,images/train/n02093754_1422.jpg
n02093754_1536.jpg,n02093754_1536,train,n02093754,Border_terrier,floppy,images/train/n02093754_1536.jpg
n02093754_180.jpg,n02093754_180,train,n02093754,Border_terrier,floppy,images/train/n02093754_180.jpg
n02093754_186.jpg,n02093754_186,train,n02093754,Border_terrier,floppy,images/train/n02093754_186.jpg
n02093754_1861.jpg,n02093754_1861,train,n02093754,Border_terrier,floppy,images/train/n02093754_1861.jpg
n02093754_2742.jpg,n02093754_2742,train,n02093754,Border_terrier,floppy,images/train/n02093754_2742.jpg
n02093754_2801.jpg,n02093754_2801,train,n02093754,Border_terrier,floppy,images/train/n02093754_2801.jpg
n02093754_3152.jpg,n02093754_3152,train,n02093754,Border_terrier,floppy,images/train/n02093754_3152.jpg
n02093754_329.jpg,n02093754_329,train,n02093754,Border_terrier,floppy,images/train/n02093754_329.jpg
n02093754_3725.jpg,n02093754_3725,train,n02093754,Border_terrier,floppy,images/train/n02093754_3725.jpg
n02093754_373.jpg,n02093754_373,train,n02093754,Border_terrier,floppy,images/train/n02093754_373.jpg
n02093754_4332.jpg,n02093754_4332,train,n02093754,Border_terrier,floppy,images/train/n02093754_4332.jpg
n02093754_4354.jpg,n02093754_4354,train,n02093754,Border_terrier,floppy,images/train/n02093754_4354.jpg
n02093754_4730.jpg,n02093754_4730,train,n02093754,Border_terrier,floppy,images/train/n02093754_4730.jpg
n02093754_4859.jpg,n02093754_4859,train,n02093754,Border_terrier,floppy,images/train/n02093754_4859.jpg
n02093754_4879.jpg,n02093754_4879,train,n02093754,Border_terrier,floppy,images/train/n02093754_4879.jpg
n02093754_5029.jpg,n02093754_5029,train,n02093754,Border_terrier,floppy,images/train/n02093754_5029.jpg
n02093754_5037.jpg,n02093754_5037,train,n02093754,Border_terrier,floppy,images/train/n02093754_5037.jpg
n02093754_51.jpg,n02093754_51,train,n02093754,Border_terrier,floppy,images/train/n02093754_51.jpg
n02093754_5175.jpg,n02093754_5175,train,n02093754,Border_terrier,floppy,images/train/n02093754_5175.jpg
n02093754_5192.jpg,n02093754_5192,train,n02093754,Border_terrier,floppy,images/train/n02093754_5192.jpg
n02093754_521.jpg,n02093754_521,train,n02093754,Border_terrier,floppy,images/train/n02093754_521.jpg
n02093754_5298.jpg,n02093754_5298,train,n02093754,Border_terrier,floppy,images/train/n02093754_5298.jpg
n02093754_5342.jpg,n02093754_5342,train,n02093754,Border_terrier,floppy,images/train/n02093754_5342.jpg
n02093754_5391.jpg,n02093754_5391,train,n02093754,Border_terrier,floppy,images/train/n02093754_5391.jpg
n02093754_5639.jpg,n02093754_5639,train,n02093754,Border_terrier,floppy,images/train/n02093754_5639.jpg
n02093754_5660.jpg,n02093754_5660,train,n02093754,Border_terrier,floppy,images/train/n02093754_5660.jpg
n02093754_5662.jpg,n02093754_5662,train,n02093754,Border_terrier,floppy,images/train/n02093754_5662.jpg
n02093754_5891.jpg,n02093754_5891,train,n02093754,Border_terrier,floppy,images/train/n02093754_5891.jpg
n02093754_5971.jpg,n02093754_5971,train,n02093754,Border_terrier,floppy,images/train/n02093754_5971.jpg
n02093754_6082.jpg,n02093754_6082,train,n02093754,Border_terrier,floppy,images/train/n02093754_6082.jpg
n02093754_6189.jpg,n02093754_6189,train,n02093754,Border_terrier,floppy,images/train/n02093754_6189.jpg
n02093754_6437.jpg,n02093754_6437,train,n02093754,Border_terrier,floppy,images/train/n02093754_6437.jpg
n02093754_6548.jpg,n02093754_6548,train,n02093754,Border_terrier,floppy,images/train/n02093754_6548.jpg
n02093754_6760.jpg,n02093754_6760,train,n02093754,Border_terrier,floppy,images/train/n02093754_6760.jpg
n02093754_6817.jpg,n02093754_6817,train,n02093754,Border_terrier,floppy,images/train/n02093754_6817.jpg
n02093754_717.jpg,n02093754_717,train,n02093754,Border_terrier,floppy,images/train/n02093754_717.jpg
n02093754_7403.jpg,n02093754_7403,train,n02093754,Border_terrier,floppy,images/train/n02093754_7403.jpg
n02093754_7552.jpg,n02093754_7552,train,n02093754,Border_terrier,floppy,images/train/n02093754_7552.jpg
n02093754_7575.jpg,n02093754_7575,train,n02093754,Border_terrier,floppy,images/train/n02093754_7575.jpg
n02093754_7820.jpg,n02093754_7820,train,n02093754,Border_terrier,floppy,images/train/n02093754_7820.jpg
n02093754_785.jpg,n02093754_785,train,n02093754,Border_terrier,floppy,images/train/n02093754_785.jpg
n02093754_7923.jpg,n02093754_7923,train,n02093754,Border_terrier,floppy,images/train/n02093754_7923.jpg
n02093754_8093.jpg,n02093754_8093,train,n02093754,Border_terrier,floppy,images/train/n02093754_8093.jpg
n02093754_875.jpg,n02093754_875,train,n02093754,Border_terrier,floppy,images/train/n02093754_875.jpg
n02093859_1127.jpg,n02093859_1127,train,n02093859,Kerry_blue_terrier,half_floppy,images/train/n02093859_1127.jpg
n02093859_1213.jpg,n02093859_1213,train,n02093859,Kerry_blue_terrier,half_floppy,images/train/n02093859_1213.jpg
n02093859_1640.jpg,n02093859_1640,train,n02093859,Kerry_blue_terrier,half_floppy,images/train/n02093859_1640.jpg
n02093859_1655.jpg,n02093859_1655,train,n02093859,Kerry_blue_terrier,half_floppy,images/train/n02093859_1655.jpg
n02093859_1697.jpg,n02093859_1697,train,n02093859,Kerry_blue_terrier,half_floppy,images/train/n02093859_1697.jpg
n02093859_1777.jpg,n02093859_1777,train,n02093859,Kerry_blue_terrier,half_floppy,images/train/n02093859_1777.jpg
n02093859_189.jpg,n02093859_189,train,n02093859,Kerry_blue_terrier,half_floppy,images/train/n02093859_189.jpg
n02093859_2073.jpg,n02093859_2073,train,n02093859,Kerry_blue_terrier,half_floppy,images/train/n02093859_2073.jpg
n02093859_2279.jpg,n02093859_2279,train,n02093859,Kerry_blue_terrier,half_floppy,images/train/n02093859_2279.jpg
n02093859_3179.jpg,n02093859_3179,train,n02093859,Kerry_blue_terrier,half_floppy,images/train/n02093859_3179.jpg
n02093859_3329.jpg,n02093859_3329,train,n02093859,Kerry_blue_terrier,half_floppy,images/train/n02093859_3329.jpg
n02093859_87.jpg,n02093859_87,train,n02093859,Kerry_blue_terrier,half_floppy,images/train/n02093859_87.jpg
n02093859_992.jpg,n02093859_992,train,n02093859,Kerry_blue_terrier,half_floppy,images/train/n02093859_992.jpg
n02093991_1105.jpg,n02093991_1105,train,n02093991,Irish_terrier,half_floppy,images/train/n02093991_1105.jpg
n02093991_1282.jpg,n02093991_1282,train,n02093991,Irish_terrier,half_floppy,images/train/n02093991_1282.jpg
n02093991_1339.jpg,n02093991_1339,train,n02093991,Irish_terrier,half_floppy,images/train/n02093991_1339.jpg
n02093991_1565.jpg,n02093991_1565,train,n02093991,Irish_terrier,half_floppy,images/train/n02093991_1565.jpg
n02093991_180.jpg,n02093991_180,train,n02093991,Irish_terrier,half_floppy,images/train/n02093991_180.jpg
n02093991_1895.jpg,n02093991_1895,train,n02093991,Irish_terrier,half_floppy,images/train/n02093991_1895.jpg
n02093991_2126.jpg,n02093991_2126,train,n02093991,Irish_terrier,half_floppy,images/train/n02093991_2126.jpg
n02093991_2437.jpg,n02093991_2437,train,n02093991,Irish_terrier,half_floppy,images/train/n02093991_2437.jpg
n02093991_2442.jpg,n02093991_2442,train,n02093991,Irish_terrier,half_floppy,images/train/n02093991_2442.jpg
n02093991_2498.jpg,n02093991_2498,train,n02093991,Irish_terrier,half_floppy,images/train/n02093991_2498.jpg
n02093991_2502.jpg,n02093991_2502,train,n02093991,Irish_terrier,half_floppy,images/train/n02093991_2502.jpg
n02093991_2716.jpg,n02093991_2716,train,n02093991,Irish_terrier,half_floppy,images/train/n02093991_2716.jpg
n02093991_2765.jpg,n02093991_2765,train,n02093991,Irish_terrier,half_floppy,images/train/n02093991_2765.jpg
n02093991_2969.jpg,n02093991_2969,train,n02093991,Irish_terrier,half_floppy,images/train/n02093991_2969.jpg
n02093991_3061.jpg,n02093991_3061,train,n02093991,Irish_terrier,half_floppy,images/train/n02093991_3061.jpg
n02093991_3234.jpg,n02093991_3234,train,n02093991,Irish_terrier,half_floppy,images/train/n02093991_3234.jpg
n02093991_3603.jpg,n02093991_3603,train,n02093991,Irish_terrier,half_floppy,images/train/n02093991_3603.jpg
n02093991_3604.jpg,n02093991_3604,train,n02093991,Irish_terrier,half_floppy,images/train/n02093991_3604.jpg
n02093991_3623.jpg,n02093991_3623,train,n02093991,Irish_terrier,half_floppy,images/train/n02093991_3623.jpg
n02093991_3735.jpg,n02093991_3735,train,n02093991,Irish_terrier,half_floppy,images/train/n02093991_3735.jpg
n02093991_3824.jpg,n02093991_3824,train,n02093991,Irish_terrier,half_floppy,images/train/n02093991_3824.jpg
n02093991_3935.jpg,n02093991_3935,train,n02093991,Irish_terrier,half_floppy,images/train/n02093991_3935.jpg
n02093991_3952.jpg,n02093991_3952,train,n02093991,Irish_terrier,half_floppy,images/train/n02093991_3952.jpg
n02093991_4396.jpg,n02093991_4396,train,n02093991,Irish_terrier,half_floppy,images/train/n02093991_4396.jpg
n02093991_4482.jpg,n02093991_4482,train,n02093991,Irish_terrier,half_floppy,images/train/n02093991_4482.jpg
n02093991_4506.jpg,n02093991_4506,train,n02093991,Irish_terrier,half_floppy,images/train/n02093991_4506.jpg
n02093991_4524.jpg,n02093991_4524,train,n02093991,Irish_terrier,half_floppy,images/train/n02093991_4524.jpg
n02093991_4589.jpg,n02093991_4589,train,n02093991,Irish_terrier,half_floppy,images/train/n02093991_4589.jpg
n02093991_4626.jpg,n02093991_4626,train,n02093991,Irish_terrier,half_floppy,images/train/n02093991_4626.jpg
n02093991_4627.jpg,n02093991_4627,train,n02093991,Irish_terrier,half_floppy,images/train/n02093991_4627.jpg
n02093991_4819.jpg,n02093991_4819,train,n02093991,Irish_terrier,half_floppy,images/train/n02093991_4819.jpg
n02093991_4866.jpg,n02093991_4866,train,n02093991,Irish_terrier,half_floppy,images/train/n02093991_4866.jpg
n02093991_727.jpg,n02093991_727,train,n02093991,Irish_terrier,half_floppy,images/train/n02093991_727.jpg
n02093991_805.jpg,n02093991_805,train,n02093991,Irish_terrier,half_floppy,images/train/n02093991_805.jpg
n02093991_86.jpg,n02093991_86,train,n02093991,Irish_terrier,half_floppy,images/train/n02093991_86.jpg
n02093991_942.jpg,n02093991_942,train,n02093991,Irish_terrier,half_floppy,images/train/n02093991_942.jpg
n02094114_1020.jpg,n02094114_1020,train,n02094114,Norfolk_terrier,half_floppy,images/train/n02094114_1020.jpg
n02094114_1179.jpg,n02094114_1179,train,n02094114,Norfolk_terrier,half_floppy,images/train/n02094114_1179.jpg
n02094114_1230.jpg,n02094114_1230,train,n02094114,Norfolk_terrier,half_floppy,images/train/n02094114_1230.jpg
n02094114_1232.jpg,n02094114_1232,train,n02094114,Norfolk_terrier,half_floppy,images/train/n02094114_1232.jpg
n02094114_1505.jpg,n02094114_1505,train,n02094114,Norfolk_terrier,half_floppy,images/train/n02094114_1505.jpg
n02094114_1519.jpg,n02094114_1519,train,n02094114,Norfolk_terrier,half_floppy,images/train/n02094114_1519.jpg
n02094114_1637.jpg,n02094114_1637,train,n02094114,Norfolk_terrier,half_floppy,images/train/n02094114_1637.jpg
n02094114_1676.jpg,n02094114_1676,train,n02094114,Norfolk_terrier,half_floppy,images/train/n02094114_1676.jpg
n02094114_1698.jpg,n02094114_1698,train,n02094114,Norfolk_terrier,half_floppy,images/train/n02094114_1698.jpg
n02094114_1790.jpg,n02094114_1790,train,n02094114,Norfolk_terrier,half_floppy,images/train/n02094114_1790.jpg
n02094114_1852.jpg,n02094114_1852,train,n02094114,Norfolk_terrier,half_floppy,images/train/n02094114_1852.jpg
n02094114_1860.jpg,n02094114_1860,train,n02094114,Norfolk_terrier,half_floppy,images/train/n02094114_1860.jpg
n02094114_1913.jpg,n02094114_1913,train,n02094114,Norfolk_terrier,half_floppy,images/train/n02094114_1913.jpg
n02094114_1944.jpg,n02094114_1944,train,n02094114,Norfolk_terrier,half_floppy,images/train/n02094114_1944.jpg
n02094114_2165.jpg,n02094114_2165,train,n02094114,Norfolk_terrier,half_floppy,images/train/n02094114_2165.jpg
n02094114_2394.jpg,n02094114_2394,train,n02094114,Norfolk_terrier,half_floppy,images/train/n02094114_2394.jpg
n02094114_2428.jpg,n02094114_2428,train,n02094114,Norfolk_terrier,half_floppy,images/train/n02094114_2428.jpg
n02094114_2691.jpg,n02094114_2691,train,n02094114,Norfolk_terrier,half_floppy,images/train/n02094114_2691.jpg
n02094114_2706.jpg,n02094114_2706,train,n02094114,Norfolk_terrier,half_floppy,images/train/n02094114_2706.jpg
n02094114_2819.jpg,n02094114_2819,train,n02094114,Norfolk_terrier,half_floppy,images/train/n02094114_2819.jpg
n02094114_2823.jpg,n02094114_2823,train,n02094114,Norfolk_terrier,half_floppy,images/train/n02094114_2823.jpg
n02094114_2911.jpg,n02094114_2911,train,n02094114,Norfolk_terrier,half_floppy,images/train/n02094114_2911.jpg
n02094114_2923.jpg,n02094114_2923,train,n02094114,Norfolk_terrier,half_floppy,images/train/n02094114_2923.jpg
n02094114_2990.jpg,n02094114_2990,train,n02094114,Norfolk_terrier,half_floppy,images/train/n02094114_2990.jpg
n02094114_3130.jpg,n02094114_3130,train,n02094114,Norfolk_terrier,half_floppy,images/train/n02094114_3130.jpg
n02094114_3248.jpg,n02094114_3248,train,n02094114,Norfolk_terrier,half_floppy,images/train/n02094114_3248.jpg
n02094114_347.jpg,n02094114_347,train,n02094114,Norfolk_terrier,half_floppy,images/train/n02094114_347.jpg
n02094114_3667.jpg,n02094114_3667,train,n02094114,Norfolk_terrier,half_floppy,images/train/n02094114_3667.jpg
n02094114_3737.jpg,n02094114_3737,train,n02094114,Norfolk_terrier,half_floppy,images/train/n02094114_3737.jpg
n02094114_3935.jpg,n02094114_3935,train,n02094114,Norfolk_terrier,half_floppy,images/train/n02094114_3935.jpg
n02094114_3970.jpg,n02094114_3970,train,n02094114,Norfolk_terrier,half_floppy,images/train/n02094114_3970.jpg
n02094114_4158.jpg,n02094114_4158,train,n02094114,Norfolk_terrier,half_floppy,images/train/n02094114_4158.jpg
n02094114_4394.jpg,n02094114_4394,train,n02094114,Norfolk_terrier,half_floppy,images/train/n02094114_4394.jpg
n02094114_445.jpg,n02094114_445,train,n02094114,Norfolk_terrier,half_floppy,images/train/n02094114_445.jpg
n02094114_4611.jpg,n02094114_4611,train,n02094114,Norfolk_terrier,half_floppy,images/train/n02094114_4611.jpg
n02094114_482.jpg,n02094114_482,train,n02094114,Norfolk_terrier,half_floppy,images/train/n02094114_482.jpg
n02094114_496.jpg,n02094114_496,train,n02094114,Norfolk_terrier,half_floppy,images/train/n02094114_496.jpg
n02094114_61.jpg,n02094114_61,train,n02094114,Norfolk_terrier,half_floppy,images/train/n02094114_61.jpg
n02094114_876.jpg,n02094114_876,train,n02094114,Norfolk_terrier,half_floppy,images/train/n02094114_876.jpg
n02094114_907.jpg,n02094114_907,train,n02094114,Norfolk_terrier,half_floppy,images/train/n02094114_907.jpg
n02094258_1003.jpg,n02094258_1003,train,n02094258,Norwich_terrier,pointy,images/train/n02094258_1003.jpg
n02094258_103.jpg,n02094258_103,train,n02094258,Norwich_terrier,pointy,images/train/n02094258_103.jpg
n02094258_1065.jpg,n02094258_1065,train,n02094258,Norwich_terrier,pointy,images/train/n02094258_1065.jpg
n02094258_112.jpg,n02094258_112,train,n02094258,Norwich_terrier,pointy,images/train/n02094258_112.jpg
n02094258_1132.jpg,n02094258_1132,train,n02094258,Norwich_terrier,pointy,images/train/n02094258_1132.jpg
n02094258_1407.jpg,n02094258_1407,train,n02094258,Norwich_terrier,pointy,images/train/n02094258_1407.jpg
n02094258_166.jpg,n02094258_166,train,n02094258,Norwich_terrier,pointy,images/train/n02094258_166.jpg
n02094258_1704.jpg,n02094258_1704,train,n02094258,Norwich_terrier,pointy,images/train/n02094258_1704.jpg
n02094258_1985.jpg,n02094258_1985,train,n02094258,Norwich_terrier,pointy,images/train/n02094258_1985.jpg
n02094258_201.jpg,n02094258_201,train,n02094258,Norwich_terrier,pointy,images/train/n02094258_201.jpg
n02094258_230.jpg,n02094258_230,train,n02094258,Norwich_terrier,pointy,images/train/n02094258_230.jpg
n02094258_2672.jpg,n02094258_2672,train,n02094258,Norwich_terrier,pointy,images/train/n02094258_2672.jpg
n02094258_2711.jpg,n02094258_2711,train,n02094258,Norwich_terrier,pointy,images/train/n02094258_2711.jpg
n02094258_2816.jpg,n02094258_2816,train,n02094258,Norwich_terrier,pointy,images/train/n02094258_2816.jpg
n02094258_3036.jpg,n02094258_3036,train,n02094258,Norwich_terrier,pointy,images/train/n02094258_3036.jpg
n02094258_307.jpg,n02094258_307,train,n02094258,Norwich_terrier,pointy,images/train/n02094258_307.jpg
n02094258_3165.jpg,n02094258_3165,train,n02094258,Norwich_terrier,pointy,images/train/n02094258_3165.jpg
n02094258_3167.jpg,n02094258_3167,train,n02094258,Norwich_terrier,pointy,images/train/n02094258_3167.jpg
n02094258_3435.jpg,n02094258_3435,train,n02094258,Norwich_terrier,pointy,images/train/n02094258_3435.jpg
n02094258_50.jpg,n02094258_50,train,n02094258,Norwich_terrier,pointy,images/train/n02094258_50.jpg
n02094258_645.jpg,n02094258_645,train,n02094258,Norwich_terrier,pointy,images/train/n02094258_645.jpg
n02094258_72.jpg,n02094258_72,train,n02094258,Norwich_terrier,pointy,images/train/n02094258_72.jpg
n02094258_739.jpg,n02094258_739,train,n02094258,Norwich_terrier,pointy,images/train/n02094258_739.jpg
n02094258_847.jpg,n02094258_847,train,n02094258,Norwich_terrier,pointy,images/train/n02094258_847.jpg
n02094258_90.jpg,n02094258_90,train,n02094258,Norwich_terrier,pointy,images/train/n02094258_90.jpg
n02094258_936.jpg,n02094258_936,train,n02094258,Norwich_terrier,pointy,images/train/n02094258_936.jpg
n02094258_95.jpg,n02094258_95,train,n02094258,Norwich_terrier,pointy,images/train/n02094258_95.jpg
n02094433_10126.jpg,n02094433_10126,train,n02094433,Yorkshire_terrier,pointy,images/train/n02094433_10126.jpg
n02094433_1301.jpg,n02094433_1301,train,n02094433,Yorkshire_terrier,pointy,images/train/n02094433_1301.jpg
n02094433_1634.jpg,n02094433_1634,train,n02094433,Yorkshire_terrier,pointy,images/train/n02094433_1634.jpg
n02094433_1770.jpg,n02094433_1770,train,n02094433,Yorkshire_terrier,pointy,images/train/n02094433_1770.jpg
n02094433_2006.jpg,n02094433_2006,train,n02094433,Yorkshire_terrier,pointy,images/train/n02094433_2006.jpg
n02094433_2022.jpg,n02094433_2022,train,n02094433,Yorkshire_terrier,pointy,images/train/n02094433_2022.jpg
n02094433_2041.jpg,n02094433_2041,train,n02094433,Yorkshire_terrier,pointy,images/train/n02094433_2041.jpg
n02094433_2125.jpg,n02094433_2125,train,n02094433,Yorkshire_terrier,pointy,images/train/n02094433_2125.jpg
n02094433_2127.jpg,n02094433_2127,train,n02094433,Yorkshire_terrier,pointy,images/train/n02094433_2127.jpg
n02094433_2328.jpg,n02094433_2328,train,n02094433,Yorkshire_terrier,pointy,images/train/n02094433_2328.jpg
n02094433_2375.jpg,n02094433_2375,train,n02094433,Yorkshire_terrier,pointy,images/train/n02094433_2375.jpg
n02094433_259.jpg,n02094433_259,train,n02094433,Yorkshire_terrier,pointy,images/train/n02094433_259.jpg
n02094433_266.jpg,n02094433_266,train,n02094433,Yorkshire_terrier,pointy,images/train/n02094433_266.jpg
n02094433_2685.jpg,n02094433_2685,train,n02094433,Yorkshire_terrier,pointy,images/train/n02094433_2685.jpg
n02094433_2740.jpg,n02094433_2740,train,n02094433,Yorkshire_terrier,pointy,images/train/n02094433_2740.jpg
n02094433_2748.jpg,n02094433_2748,train,n02094433,Yorkshire_terrier,pointy,images/train/n02094433_2748.jpg
n02094433_2759.jpg,n02094433_2759,train,n02094433,Yorkshire_terrier,pointy,images/train/n02094433_2759.jpg
n02094433_2776.jpg,n02094433_2776,train,n02094433,Yorkshire_terrier,pointy,images/train/n02094433_2776.jpg
n02094433_2901.jpg,n02094433_2901,train,n02094433,Yorkshire_terrier,pointy,images/train/n02094433_2901.jpg
n02094433_2919.jpg,n02094433_2919,train,n02094433,Yorkshire_terrier,pointy,images/train/n02094433_2919.jpg
n02094433_3296.jpg,n02094433_3296,train,n02094433,Yorkshire_terrier,pointy,images/train/n02094433_3296.jpg
n02094433_3431.jpg,n02094433_3431,train,n02094433,Yorkshire_terrier,pointy,images/train/n02094433_3431.jpg
n02094433_3640.jpg,n02094433_3640,train,n02094433,Yorkshire_terrier,pointy,images/train/n02094433_3640.jpg
n02094433_3704.jpg,n02094433_3704,train,n02094433,Yorkshire_terrier,pointy,images/train/n02094433_3704.jpg
n02094433_4005.jpg,n02094433_4005,train,n02094433,Yorkshire_terrier,pointy,images/train/n02094433_4005.jpg
n02094433_4248.jpg,n02094433_4248,train,n02094433,Yorkshire_terrier,pointy,images/train/n02094433_4248.jpg
n02094433_4916.jpg,n02094433_4916,train,n02094433,Yorkshire_terrier,pointy,images/train/n02094433_4916.jpg
n02094433_515.jpg,n02094433_515,train,n02094433,Yorkshire_terrier,pointy,images/train/n02094433_515.jpg
n02094433_5384.jpg,n02094433_5384,train,n02094433,Yorkshire_terrier,pointy,images/train/n02094433_5384.jpg
n02094433_540.jpg,n02094433_540,train,n02094433,Yorkshire_terrier,pointy,images/train/n02094433_540.jpg
n02094433_6258.jpg,n02094433_6258,train,n02094433,Yorkshire_terrier,pointy,images/train/n02094433_6258.jpg
n02094433_63.jpg,n02094433_63,train,n02094433,Yorkshire_terrier,pointy,images/train/n02094433_63.jpg
n02094433_6328.jpg,n02094433_6328,train,n02094433,Yorkshire_terrier,pointy,images/train/n02094433_6328.jpg
n02094433_6338.jpg,n02094433_6338,train,n02094433,Yorkshire_terrier,pointy,images/train/n02094433_6338.jpg
n02094433_708.jpg,n02094433_708,train,n02094433,Yorkshire_terrier,pointy,images/train/n02094433_708.jpg
n02094433_7191.jpg,n02094433_7191,train,n02094433,Yorkshire_terrier,pointy,images/train/n02094433_7191.jpg
n02094433_7445.jpg,n02094433_7445,train,n02094433,Yorkshire_terrier,pointy,images/train/n02094433_7445.jpg
n02094433_7702.jpg,n02094433_7702,train,n02094433,Yorkshire_terrier,pointy,images/train/n02094433_7702.jpg
n02094433_795.jpg,n02094433_795,train,n02094433,Yorkshire_terrier,pointy,images/train/n02094433_795.jpg
n02094433_8419.jpg,n02094433_8419,train,n02094433,Yorkshire_terrier,pointy,images/train/n02094433_8419.jpg
n02094433_96.jpg,n02094433_96,train,n02094433,Yorkshire_terrier,pointy,images/train/n02094433_96.jpg
n02094433_9618.jpg,n02094433_9618,train,n02094433,Yorkshire_terrier,pointy,images/train/n02094433_9618.jpg
n02094433_9739.jpg,n02094433_9739,train,n02094433,Yorkshire_terrier,pointy,images/train/n02094433_9739.jpg
n02095314_1100.jpg,n02095314_1100,train,n02095314,wire-haired_fox_terrier,half_floppy,images/train/n02095314_1100.jpg
n02095314_138.jpg,n02095314_138,train,n02095314,wire-haired_fox_terrier,half_floppy,images/train/n02095314_138.jpg
n02095314_1577.jpg,n02095314_1577,train,n02095314,wire-haired_fox_terrier,half_floppy,images/train/n02095314_1577.jpg
n02095314_1717.jpg,n02095314_1717,train,n02095314,wire-haired_fox_terrier,half_floppy,images/train/n02095314_1717.jpg
n02095314_1754.jpg,n02095314_1754,train,n02095314,wire-haired_fox_terrier,half_floppy,images/train/n02095314_1754.jpg
n02095314_1829.jpg,n02095314_1829,train,n02095314,wire-haired_fox_terrier,half_floppy,images/train/n02095314_1829.jpg
n02095314_188.jpg,n02095314_188,train,n02095314,wire-haired_fox_terrier,half_floppy,images/train/n02095314_188.jpg
n02095314_1976.jpg,n02095314_1976,train,n02095314,wire-haired_fox_terrier,half_floppy,images/train/n02095314_1976.jpg
n02095314_2130.jpg,n02095314_2130,train,n02095314,wire-haired_fox_terrier,half_floppy,images/train/n02095314_2130.jpg
n02095314_2230.jpg,n02095314_2230,train,n02095314,wire-haired_fox_terrier,half_floppy,images/train/n02095314_2230.jpg
n02095314_2308.jpg,n02095314_2308,train,n02095314,wire-haired_fox_terrier,half_floppy,images/train/n02095314_2308.jpg
n02095314_2424.jpg,n02095314_2424,train,n02095314,wire-haired_fox_terrier,half_floppy,images/train/n02095314_2424.jpg
n02095314_2460.jpg,n02095314_2460,train,n02095314,wire-haired_fox_terrier,half_floppy,images/train/n02095314_2460.jpg
n02095314_2564.jpg,n02095314_2564,train,n02095314,wire-haired_fox_terrier,half_floppy,images/train/n02095314_2564.jpg
n02095314_2609.jpg,n02095314_2609,train,n02095314,wire-haired_fox_terrier,half_floppy,images/train/n02095314_2609.jpg
n02095314_289.jpg,n02095314_289,train,n02095314,wire-haired_fox_terrier,half_floppy,images/train/n02095314_289.jpg
n02095314_2890.jpg,n02095314_2890,train,n02095314,wire-haired_fox_terrier,half_floppy,images/train/n02095314_2890.jpg
n02095314_293.jpg,n02095314_293,train,n02095314,wire-haired_fox_terrier,half_floppy,images/train/n02095314_293.jpg
n02095314_2932.jpg,n02095314_2932,train,n02095314,wire-haired_fox_terrier,half_floppy,images/train/n02095314_2932.jpg
n02095314_3052.jpg,n02095314_3052,train,n02095314,wire-haired_fox_terrier,half_floppy,images/train/n02095314_3052.jpg
n02095314_318.jpg,n02095314_318,train,n02095314,wire-haired_fox_terrier,half_floppy,images/train/n02095314_318.jpg
n02095314_3189.jpg,n02095314_3189,train,n02095314,wire-haired_fox_terrier,half_floppy,images/train/n02095314_3189.jpg
n02095314_3217.jpg,n02095314_3217,train,n02095314,wire-haired_fox_terrier,half_floppy,images/train/n02095314_3217.jpg
n02095314_3227.jpg,n02095314_3227,train,n02095314,wire-haired_fox_terrier,half_floppy,images/train/n02095314_3227.jpg
n02095314_3343.jpg,n02095314_3343,train,n02095314,wire-haired_fox_terrier,half_floppy,images/train/n02095314_3343.jpg
n02095314_3372.jpg,n02095314_3372,train,n02095314,wire-haired_fox_terrier,half_floppy,images/train/n02095314_3372.jpg
n02095314_397.jpg,n02095314_397,train,n02095314,wire-haired_fox_terrier,half_floppy,images/train/n02095314_397.jpg
n02095314_550.jpg,n02095314_550,train,n02095314,wire-haired_fox_terrier,half_floppy,images/train/n02095314_550.jpg
n02095314_651.jpg,n02095314_651,train,n02095314,wire-haired_fox_terrier,half_floppy,images/train/n02095314_651.jpg
n02095314_662.jpg,n02095314_662,train,n02095314,wire-haired_fox_terrier,half_floppy,images/train/n02095314_662.jpg
n02095314_669.jpg,n02095314_669,train,n02095314,wire-haired_fox_terrier,half_floppy,images/train/n02095314_669.jpg
n02095314_691.jpg,n02095314_691,train,n02095314,wire-haired_fox_terrier,half_floppy,images/train/n02095314_691.jpg
n02095314_777.jpg,n02095314_777,train,n02095314,wire-haired_fox_terrier,half_floppy,images/train/n02095314_777.jpg
n02095314_792.jpg,n02095314_792,train,n02095314,wire-haired_fox_terrier,half_floppy,images/train/n02095314_792.jpg
n02095570_1131.jpg,n02095570_1131,train,n02095570,Lakeland_terrier,half_floppy,images/train/n02095570_1131.jpg
n02095570_1149.jpg,n02095570_1149,train,n02095570,Lakeland_terrier,half_floppy,images/train/n02095570_1149.jpg
n02095570_1437.jpg,n02095570_1437,train,n02095570,Lakeland_terrier,half_floppy,images/train/n02095570_1437.jpg
n02095570_1482.jpg,n02095570_1482,train,n02095570,Lakeland_terrier,half_floppy,images/train/n02095570_1482.jpg
n02095570_1590.jpg,n02095570_1590,train,n02095570,Lakeland_terrier,half_floppy,images/train/n02095570_1590.jpg
n02095570_1663.jpg,n02095570_1663,train,n02095570,Lakeland_terrier,half_floppy,images/train/n02095570_1663.jpg
n02095570_1816.jpg,n02095570_1816,train,n02095570,Lakeland_terrier,half_floppy,images/train/n02095570_1816.jpg
n02095570_1867.jpg,n02095570_1867,train,n02095570,Lakeland_terrier,half_floppy,images/train/n02095570_1867.jpg
n02095570_199.jpg,n02095570_199,train,n02095570,Lakeland_terrier,half_floppy,images/train/n02095570_199.jpg
n02095570_2418.jpg,n02095570_2418,train,n02095570,Lakeland_terrier,half_floppy,images/train/n02095570_2418.jpg
n02095570_2748.jpg,n02095570_2748,train,n02095570,Lakeland_terrier,half_floppy,images/train/n02095570_2748.jpg
n02095570_280.jpg,n02095570_280,train,n02095570,Lakeland_terrier,half_floppy,images/train/n02095570_280.jpg
n02095570_2815.jpg,n02095570_2815,train,n02095570,Lakeland_terrier,half_floppy,images/train/n02095570_2815.jpg
n02095570_3284.jpg,n02095570_3284,train,n02095570,Lakeland_terrier,half_floppy,images/train/n02095570_3284.jpg
n02095570_3493.jpg,n02095570_3493,train,n02095570,Lakeland_terrier,half_floppy,images/train/n02095570_3493.jpg
n02095570_3699.jpg,n02095570_3699,train,n02095570,Lakeland_terrier,half_floppy,images/train/n02095570_3699.jpg
n02095570_3711.jpg,n02095570_3711,train,n02095570,Lakeland_terrier,half_floppy,images/train/n02095570_3711.jpg
n02095570_4256.jpg,n02095570_4256,train,n02095570,Lakeland_terrier,half_floppy,images/train/n02095570_4256.jpg
n02095570_427.jpg,n02095570_427,train,n02095570,Lakeland_terrier,half_floppy,images/train/n02095570_427.jpg
n02095570_429.jpg,n02095570_429,train,n02095570,Lakeland_terrier,half_floppy,images/train/n02095570_429.jpg
n02095570_4347.jpg,n02095570_4347,train,n02095570,Lakeland_terrier,half_floppy,images/train/n02095570_4347.jpg
n02095570_4560.jpg,n02095570_4560,train,n02095570,Lakeland_terrier,half_floppy,images/train/n02095570_4560.jpg
n02095570_4854.jpg,n02095570_4854,train,n02095570,Lakeland_terrier,half_floppy,images/train/n02095570_4854.jpg
n02095570_4985.jpg,n02095570_4985,train,n02095570,Lakeland_terrier,half_floppy,images/train/n02095570_4985.jpg
n02095570_5024.jpg,n02095570_5024,train,n02095570,Lakeland_terrier,half_floppy,images/train/n02095570_5024.jpg
n02095570_5484.jpg,n02095570_5484,train,n02095570,Lakeland_terrier,half_floppy,images/train/n02095570_5484.jpg
n02095570_5796.jpg,n02095570_5796,train,n02095570,Lakeland_terrier,half_floppy,images/train/n02095570_5796.jpg
n02095570_5800.jpg,n02095570_5800,train,n02095570,Lakeland_terrier,half_floppy,images/train/n02095570_5800.jpg
n02095570_601.jpg,n02095570_601,train,n02095570,Lakeland_terrier,half_floppy,images/train/n02095570_601.jpg
n02095570_816.jpg,n02095570_816,train,n02095570,Lakeland_terrier,half_floppy,images/train/n02095570_816.jpg
n02095889_1003.jpg,n02095889_1003,train,n02095889,Sealyham_terrier,floppy,images/train/n02095889_1003.jpg
n02095889_1044.jpg,n02095889_1044,train,n02095889,Sealyham_terrier,floppy,images/train/n02095889_1044.jpg
n02095889_1290.jpg,n02095889_1290,train,n02095889,Sealyham_terrier,floppy,images/train/n02095889_1290.jpg
n02095889_1820.jpg,n02095889_1820,train,n02095889,Sealyham_terrier,floppy,images/train/n02095889_1820.jpg
n02095889_1854.jpg,n02095889_1854,train,n02095889,Sealyham_terrier,floppy,images/train/n02095889_1854.jpg
n02095889_199.jpg,n02095889_199,train,n02095889,Sealyham_terrier,floppy,images/train/n02095889_199.jpg
n02095889_2074.jpg,n02095889_2074,train,n02095889,Sealyham_terrier,floppy,images/train/n02095889_2074.jpg
n02095889_2539.jpg,n02095889_2539,train,n02095889,Sealyham_terrier,floppy,images/train/n02095889_2539.jpg
n02095889_2733.jpg,n02095889_2733,train,n02095889,Sealyham_terrier,floppy,images/train/n02095889_2733.jpg
n02095889_2927.jpg,n02095889_2927,train,n02095889,Sealyham_terrier,floppy,images/train/n02095889_2927.jpg
n02095889_298.jpg,n02095889_298,train,n02095889,Sealyham_terrier,floppy,images/train/n02095889_298.jpg
n02095889_4034.jpg,n02095889_4034,train,n02095889,Sealyham_terrier,floppy,images/train/n02095889_4034.jpg
n02095889_4039.jpg,n02095889_4039,train,n02095889,Sealyham_terrier,floppy,images/train/n02095889_4039.jpg
n02095889_4789.jpg,n02095889_4789,train,n02095889,Sealyham_terrier,floppy,images/train/n02095889_4789.jpg
n02095889_4899.jpg,n02095889_4899,train,n02095889,Sealyham_terrier,floppy,images/train/n02095889_4899.jpg
n02095889_5609.jpg,n02095889_5609,train,n02095889,Sealyham_terrier,floppy,images/train/n02095889_5609.jpg
n02095889_5628.jpg,n02095889_5628,train,n02095889,Sealyham_terrier,floppy,images/train/n02095889_5628.jpg
n02095889_6039.jpg,n02095889_6039,train,n02095889,Sealyham_terrier,floppy,images/train/n02095889_6039.jpg
n02095889_673.jpg,n02095889_673,train,n02095889,Sealyham_terrier,floppy,images/train/n02095889_673.jpg
n02095889_783.jpg,n02095889_783,train,n02095889,Sealyham_terrier,floppy,images/train/n02095889_783.jpg
n02095889_941.jpg,n02095889_941,train,n02095889,Sealyham_terrier,floppy,images/train/n02095889_941.jpg
n02096051_1110.jpg,n02096051_1110,train,n02096051,Airedale,half_floppy,images/train/n02096051_1110.jpg
n02096051_1235.jpg,n02096051_1235,train,n02096051,Airedale,half_floppy,images/train/n02096051_1235.jpg
n02096051_1625.jpg,n02096051_1625,train,n02096051,Airedale,half_floppy,images/train/n02096051_1625.jpg
n02096051_1912.jpg,n02096051_1912,train,n02096051,Airedale,half_floppy,images/train/n02096051_1912.jpg
n02096051_2170.jpg,n02096051_2170,train,n02096051,Airedale,half_floppy,images/train/n02096051_2170.jpg
n02096051_225.jpg,n02096051_225,train,n02096051,Airedale,half_floppy,images/train/n02096051_225.jpg
n02096051_2314.jpg,n02096051_2314,train,n02096051,Airedale,half_floppy,images/train/n02096051_2314.jpg
n02096051_2333.jpg,n02096051_2333,train,n02096051,Airedale,half_floppy,images/train/n02096051_2333.jpg
n02096051_249.jpg,n02096051_249,train,n02096051,Airedale,half_floppy,images/train/n02096051_249.jpg
n02096051_2550.jpg,n02096051_2550,train,n02096051,Airedale,half_floppy,images/train/n02096051_2550.jpg
n02096051_2717.jpg,n02096051_2717,train,n02096051,Airedale,half_floppy,images/train/n02096051_2717.jpg
n02096051_3030.jpg,n02096051_3030,train,n02096051,Airedale,half_floppy,images/train/n02096051_3030.jpg
n02096051_3317.jpg,n02096051_3317,train,n02096051,Airedale,half_floppy,images/train/n02096051_3317.jpg
n02096051_3665.jpg,n02096051_3665,train,n02096051,Airedale,half_floppy,images/train/n02096051_3665.jpg
n02096051_3750.jpg,n02096051_3750,train,n02096051,Airedale,half_floppy,images/train/n02096051_3750.jpg
n02096051_3823.jpg,n02096051_3823,train,n02096051,Airedale,half_floppy,images/train/n02096051_3823.jpg
n02096051_4196.jpg,n02096051_4196,train,n02096051,Airedale,half_floppy,images/train/n02096051_4196.jpg
n02096051_5048.jpg,n02096051_5048,train,n02096051,Airedale,half_floppy,images/train/n02096051_5048.jpg
n02096051_5356.jpg,n02096051_5356,train,n02096051,Airedale,half_floppy,images/train/n02096051_5356.jpg
n02096051_5432.jpg,n02096051_5432,train,n02096051,Airedale,half_floppy,images/train/n02096051_5432.jpg
n02096051_5776.jpg,n02096051_5776,train,n02096051,Airedale,half_floppy,images/train/n02096051_5776.jpg
n02096051_6315.jpg,n02096051_6315,train,n02096051,Airedale,half_floppy,images/train/n02096051_6315.jpg
n02096051_6332.jpg,n02096051_6332,train,n02096051,Airedale,half_floppy,images/train/n02096051_6332.jpg
n02096051_6733.jpg,n02096051_6733,train,n02096051,Airedale,half_floppy,images/train/n02096051_6733.jpg
n02096051_6812.jpg,n02096051_6812,train,n02096051,Airedale,half_floppy,images/train/n02096051_6812.jpg
n02096051_6855.jpg,n02096051_6855,train,n02096051,Airedale,half_floppy,images/train/n02096051_6855.jpg
n02096051_6933.jpg,n02096051_6933,train,n02096051,Airedale,half_floppy,images/train/n02096051_6933.jpg
n02096051_7077.jpg,n02096051_7077,train,n02096051,Airedale,half_floppy,images/train/n02096051_7077.jpg
n02096051_7394.jpg,n02096051_7394,train,n02096051,Airedale,half_floppy,images/train/n02096051_7394.jpg
n02096051_7516.jpg,n02096051_7516,train,n02096051,Airedale,half_floppy,images/train/n02096051_7516.jpg
n02096051_7647.jpg,n02096051_7647,train,n02096051,Airedale,half_floppy,images/train/n02096051_7647.jpg
n02096051_7762.jpg,n02096051_7762,train,n02096051,Airedale,half_floppy,images/train/n02096051_7762.jpg
n02096051_7847.jpg,n02096051_7847,train,n02096051,Airedale,half_floppy,images/train/n02096051_7847.jpg
n02096051_8103.jpg,n02096051_8103,train,n02096051,Airedale,half_floppy,images/train/n02096051_8103.jpg
n02096051_8270.jpg,n02096051_8270,train,n02096051,Airedale,half_floppy,images/train/n02096051_8270.jpg
n02096051_8392.jpg,n02096051_8392,train,n02096051,Airedale,half_floppy,images/train/n02096051_8392.jpg
n02096051_8553.jpg,n02096051_8553,train,n02096051,Airedale,half_floppy,images/train/n02096051_8553.jpg
n02096051_910.jpg,n02096051_910,train,n02096051,Airedale,half_floppy,images/train/n02096051_910.jpg
n02096051_9319.jpg,n02096051_9319,train,n02096051,Airedale,half_floppy,images/train/n02096051_9319.jpg
n02096051_9329.jpg,n02096051_9329,train,n02096051,Airedale,half_floppy,images/train/n02096051_9329.jpg
n02096051_9391.jpg,n02096051_9391,train,n02096051,Airedale,half_floppy,images/train/n02096051_9391.jpg
n02096051_9617.jpg,n02096051_9617,train,n02096051,Airedale,half_floppy,images/train/n02096051_9617.jpg
n02096051_9631.jpg,n02096051_9631,train,n02096051,Airedale,half_floppy,images/train/n02096051_9631.jpg
n02096051_982.jpg,n02096051_982,train,n02096051,Airedale,half_floppy,images/train/n02096051_982.jpg
n02096177_1000.jpg,n02096177_1000,train,n02096177,cairn,pointy,images/train/n02096177_1000.jpg
n02096177_11012.jpg,n02096177_11012,train,n02096177,cairn,pointy,images/train/n02096177_11012.jpg
n02096177_11415.jpg,n02096177_11415,train,n02096177,cairn,pointy,images/train/n02096177_11415.jpg
n02096177_11642.jpg,n02096177_11642,train,n02096177,cairn,pointy,images/train/n02096177_11642.jpg
n02096177_12507.jpg,n02096177_12507,train,n02096177,cairn,pointy,images/train/n02096177_12507.jpg
n02096177_133.jpg,n02096177_133,train,n02096177,cairn,pointy,images/train/n02096177_133.jpg
n02096177_1385.jpg,n02096177_1385,train,n02096177,cairn,pointy,images/train/n02096177_1385.jpg
n02096177_1390.jpg,n02096177_1390,train,n02096177,cairn,pointy,images/train/n02096177_1390.jpg
n02096177_1405.jpg,n02096177_1405,train,n02096177,cairn,pointy,images/train/n02096177_1405.jpg
n02096177_1420.jpg,n02096177_1420,train,n02096177,cairn,pointy,images/train/n02096177_1420.jpg
n02096177_1503.jpg,n02096177_1503,train,n02096177,cairn,pointy,images/train/n02096177_1503.jpg
n02096177_1589.jpg,n02096177_1589,train,n02096177,cairn,pointy,images/train/n02096177_1589.jpg
n02096177_1596.jpg,n02096177_1596,train,n02096177,cairn,pointy,images/train/n02096177_1596.jpg
n02096177_1713.jpg,n02096177_1713,train,n02096177,cairn,pointy,images/train/n02096177_1713.jpg
n02096177_1732.jpg,n02096177_1732,train,n02096177,cairn,pointy,images/train/n02096177_1732.jpg
n02096177_1946.jpg,n02096177_1946,train,n02096177,cairn,pointy,images/train/n02096177_1946.jpg
n02096177_2414.jpg,n02096177_2414,train,n02096177,cairn,pointy,images/train/n02096177_2414.jpg
n02096177_2553.jpg,n02096177_2553,train,n02096177,cairn,pointy,images/train/n02096177_2553.jpg
n02096177_2687.jpg,n02096177_2687,train,n02096177,cairn,pointy,images/train/n02096177_2687.jpg
n02096177_2917.jpg,n02096177_2917,train,n02096177,cairn,pointy,images/train/n02096177_2917.jpg
n02096177_2935.jpg,n02096177_2935,train,n02096177,cairn,pointy,images/train/n02096177_2935.jpg
n02096177_3224.jpg,n02096177_3224,train,n02096177,cairn,pointy,images/train/n02096177_3224.jpg
n02096177_3476.jpg,n02096177_3476,train,n02096177,cairn,pointy,images/train/n02096177_3476.jpg
n02096177_4154.jpg,n02096177_4154,train,n02096177,cairn,pointy,images/train/n02096177_4154.jpg
n02096177_417.jpg,n02096177_417,train,n02096177,cairn,pointy,images/train/n02096177_417.jpg
n02096177_430.jpg,n02096177_430,train,n02096177,cairn,pointy,images/train/n02096177_430.jpg
n02096177_4611.jpg,n02096177_4611,train,n02096177,cairn,pointy,images/train/n02096177_4611.jpg
n02096177_470.jpg,n02096177_470,train,n02096177,cairn,pointy,images/train/n02096177_470.jpg
n02096177_475.jpg,n02096177_475,train,n02096177,cairn,pointy,images/train/n02096177_475.jpg
n02096177_5117.jpg,n02096177_5117,train,n02096177,cairn,pointy,images/train/n02096177_5117.jpg
n02096177_571.jpg,n02096177_571,train,n02096177,cairn,pointy,images/train/n02096177_571.jpg
n02096177_579.jpg,n02096177_579,train,n02096177,cairn,pointy,images/train/n02096177_579.jpg
n02096177_580.jpg,n02096177_580,train,n02096177,cairn,pointy,images/train/n02096177_580.jpg
n02096177_627.jpg,n02096177_627,train,n02096177,cairn,pointy,images/train/n02096177_627.jpg
n02096177_6555.jpg,n02096177_6555,train,n02096177,cairn,pointy,images/train/n02096177_6555.jpg
n02096177_679.jpg,n02096177_679,train,n02096177,cairn,pointy,images/train/n02096177_679.jpg
n02096177_680.jpg,n02096177_680,train,n02096177,cairn,pointy,images/train/n02096177_680.jpg
n02096177_8014.jpg,n02096177_8014,train,n02096177,cairn,pointy,images/train/n02096177_8014.jpg
n02096177_8173.jpg,n02096177_8173,train,n02096177,cairn,pointy,images/train/n02096177_8173.jpg
n02096177_9208.jpg,n02096177_9208,train,n02096177,cairn,pointy,images/train/n02096177_9208.jpg
n02096177_9528.jpg,n02096177_9528,train,n02096177,cairn,pointy,images/train/n02096177_9528.jpg
n02096177_9630.jpg,n02096177_9630,train,n02096177,cairn,pointy,images/train/n02096177_9630.jpg
n02096177_9727.jpg,n02096177_9727,train,n02096177,cairn,pointy,images/train/n02096177_9727.jpg
n02096177_9880.jpg,n02096177_9880,train,n02096177,cairn,pointy,images/train/n02096177_9880.jpg
n02096294_1147.jpg,n02096294_1147,train,n02096294,Australian_terrier,pointy,images/train/n02096294_1147.jpg
n02096294_1243.jpg,n02096294_1243,train,n02096294,Australian_terrier,pointy,images/train/n02096294_1243.jpg
n02096294_1299.jpg,n02096294_1299,train,n02096294,Australian_terrier,pointy,images/train/n02096294_1299.jpg
n02096294_1375.jpg,n02096294_1375,train,n02096294,Australian_terrier,pointy,images/train/n02096294_1375.jpg
n02096294_1409.jpg,n02096294_1409,train,n02096294,Australian_terrier,pointy,images/train/n02096294_1409.jpg
n02096294_1411.jpg,n02096294_1411,train,n02096294,Australian_terrier,pointy,images/train/n02096294_1411.jpg
n02096294_1429.jpg,n02096294_1429,train,n02096294,Australian_terrier,pointy,images/train/n02096294_1429.jpg
n02096294_1470.jpg,n02096294_1470,train,n02096294,Australian_terrier,pointy,images/train/n02096294_1470.jpg
n02096294_1553.jpg,n02096294_1553,train,n02096294,Australian_terrier,pointy,images/train/n02096294_1553.jpg
n02096294_1754.jpg,n02096294_1754,train,n02096294,Australian_terrier,pointy,images/train/n02096294_1754.jpg
n02096294_1783.jpg,n02096294_1783,train,n02096294,Australian_terrier,pointy,images/train/n02096294_1783.jpg
n02096294_1805.jpg,n02096294_1805,train,n02096294,Australian_terrier,pointy,images/train/n02096294_1805.jpg
n02096294_2176.jpg,n02096294_2176,train,n02096294,Australian_terrier,pointy,images/train/n02096294_2176.jpg
n02096294_2215.jpg,n02096294_2215,train,n02096294,Australian_terrier,pointy,images/train/n02096294_2215.jpg
n02096294_2378.jpg,n02096294_2378,train,n02096294,Australian_terrier,pointy,images/train/n02096294_2378.jpg
n02096294_250.jpg,n02096294_250,train,n02096294,Australian_terrier,pointy,images/train/n02096294_250.jpg
n02096294_2504.jpg,n02096294_2504,train,n02096294,Australian_terrier,pointy,images/train/n02096294_2504.jpg
n02096294_2750.jpg,n02096294_2750,train,n02096294,Australian_terrier,pointy,images/train/n02096294_2750.jpg
n02096294_2821.jpg,n02096294_2821,train,n02096294,Australian_terrier,pointy,images/train/n02096294_2821.jpg
n02096294_3174.jpg,n02096294_3174,train,n02096294,Australian_terrier,pointy,images/train/n02096294_3174.jpg
n02096294_3344.jpg,n02096294_3344,train,n02096294,Australian_terrier,pointy,images/train/n02096294_3344.jpg
n02096294_3494.jpg,n02096294_3494,train,n02096294,Australian_terrier,pointy,images/train/n02096294_3494.jpg
n02096294_3967.jpg,n02096294_3967,train,n02096294,Australian_terrier,pointy,images/train/n02096294_3967.jpg
n02096294_4137.jpg,n02096294_4137,train,n02096294,Australian_terrier,pointy,images/train/n02096294_4137.jpg
n02096294_4295.jpg,n02096294_4295,train,n02096294,Australian_terrier,pointy,images/train/n02096294_4295.jpg
n02096294_459.jpg,n02096294_459,train,n02096294,Australian_terrier,pointy,images/train/n02096294_459.jpg
n02096294_5466.jpg,n02096294_5466,train,n02096294,Australian_terrier,pointy,images/train/n02096294_5466.jpg
n02096294_5552.jpg,n02096294_5552,train,n02096294,Australian_terrier,pointy,images/train/n02096294_5552.jpg
n02096294_5602.jpg,n02096294_5602,train,n02096294,Australian_terrier,pointy,images/train/n02096294_5602.jpg
n02096294_5817.jpg,n02096294_5817,train,n02096294,Australian_terrier,pointy,images/train/n02096294_5817.jpg
n02096294_5861.jpg,n02096294_5861,train,n02096294,Australian_terrier,pointy,images/train/n02096294_5861.jpg
n02096294_6027.jpg,n02096294_6027,train,n02096294,Australian_terrier,pointy,images/train/n02096294_6027.jpg
n02096294_6455.jpg,n02096294_6455,train,n02096294,Australian_terrier,pointy,images/train/n02096294_6455.jpg
n02096294_6905.jpg,n02096294_6905,train,n02096294,Australian_terrier,pointy,images/train/n02096294_6905.jpg
n02096294_6931.jpg,n02096294_6931,train,n02096294,Australian_terrier,pointy,images/train/n02096294_6931.jpg
n02096294_6988.jpg,n02096294_6988,train,n02096294,Australian_terrier,pointy,images/train/n02096294_6988.jpg
n02096294_6995.jpg,n02096294_6995,train,n02096294,Australian_terrier,pointy,images/train/n02096294_6995.jpg
n02096294_7097.jpg,n02096294_7097,train,n02096294,Australian_terrier,pointy,images/train/n02096294_7097.jpg
n02096294_720.jpg,n02096294_720,train,n02096294,Australian_terrier,pointy,images/train/n02096294_720.jpg
n02096294_7456.jpg,n02096294_7456,train,n02096294,Australian_terrier,pointy,images/train/n02096294_7456.jpg
n02096294_7804.jpg,n02096294_7804,train,n02096294,Australian_terrier,pointy,images/train/n02096294_7804.jpg
n02096294_8476.jpg,n02096294_8476,train,n02096294,Australian_terrier,pointy,images/train/n02096294_8476.jpg
n02096294_8531.jpg,n02096294_8531,train,n02096294,Australian_terrier,pointy,images/train/n02096294_8531.jpg
n02096294_8594.jpg,n02096294_8594,train,n02096294,Australian_terrier,pointy,images/train/n02096294_8594.jpg
n02096294_987.jpg,n02096294_987,train,n02096294,Australian_terrier,pointy,images/train/n02096294_987.jpg
n02096437_1055.jpg,n02096437_1055,train,n02096437,Dandie_Dinmont,floppy,images/train/n02096437_1055.jpg
n02096437_1070.jpg,n02096437_1070,train,n02096437,Dandie_Dinmont,floppy,images/train/n02096437_1070.jpg
n02096437_1320.jpg,n02096437_1320,train,n02096437,Dandie_Dinmont,floppy,images/train/n02096437_1320.jpg
n02096437_1385.jpg,n02096437_1385,train,n02096437,Dandie_Dinmont,floppy,images/train/n02096437_1385.jpg
n02096437_1456.jpg,n02096437_1456,train,n02096437,Dandie_Dinmont,floppy,images/train/n02096437_1456.jpg
n02096437_148.jpg,n02096437_148,train,n02096437,Dandie_Dinmont,floppy,images/train/n02096437_148.jpg
n02096437_1511.jpg,n02096437_1511,train,n02096437,Dandie_Dinmont,floppy,images/train/n02096437_1511.jpg
n02096437_1605.jpg,n02096437_1605,train,n02096437,Dandie_Dinmont,floppy,images/train/n02096437_1605.jpg
n02096437_1613.jpg,n02096437_1613,train,n02096437,Dandie_Dinmont,floppy,images/train/n02096437_1613.jpg
n02096437_1790.jpg,n02096437_1790,train,n02096437,Dandie_Dinmont,floppy,images/train/n02096437_1790.jpg
n02096437_1793.jpg,n02096437_1793,train,n02096437,Dandie_Dinmont,floppy,images/train/n02096437_1793.jpg
n02096437_183.jpg,n02096437_183,train,n02096437,Dandie_Dinmont,floppy,images/train/n02096437_183.jpg
n02096437_1926.jpg,n02096437_1926,train,n02096437,Dandie_Dinmont,floppy,images/train/n02096437_1926.jpg
n02096437_2070.jpg,n02096437_2070,train,n02096437,Dandie_Dinmont,floppy,images/train/n02096437_2070.jpg
n02096437_2309.jpg,n02096437_2309,train,n02096437,Dandie_Dinmont,floppy,images/train/n02096437_2309.jpg
n02096437_2376.jpg,n02096437_2376,train,n02096437,Dandie_Dinmont,floppy,images/train/n02096437_2376.jpg
n02096437_2603.jpg,n02096437_2603,train,n02096437,Dandie_Dinmont,floppy,images/train/n02096437_2603.jpg
n02096437_2711.jpg,n02096437_2711,train,n02096437,Dandie_Dinmont,floppy,images/train/n02096437_2711.jpg
n02096437_3306.jpg,n02096437_3306,train,n02096437,Dandie_Dinmont,floppy,images/train/n02096437_3306.jpg
n02096437_3311.jpg,n02096437_3311,train,n02096437,Dandie_Dinmont,floppy,images/train/n02096437_3311.jpg
n02096437_3731.jpg,n02096437_3731,train,n02096437,Dandie_Dinmont,floppy,images/train/n02096437_3731.jpg
n02096437_3832.jpg,n02096437_3832,train,n02096437,Dandie_Dinmont,floppy,images/train/n02096437_3832.jpg
n02096437_3848.jpg,n02096437_3848,train,n02096437,Dandie_Dinmont,floppy,images/train/n02096437_3848.jpg
n02096437_3992.jpg,n02096437_3992,train,n02096437,Dandie_Dinmont,floppy,images/train/n02096437_3992.jpg
n02096437_4.jpg,n02096437_4,train,n02096437,Dandie_Dinmont,floppy,images/train/n02096437_4.jpg
n02096437_4041.jpg,n02096437_4041,train,n02096437,Dandie_Dinmont,floppy,images/train/n02096437_4041.jpg
n02096437_4131.jpg,n02096437_4131,train,n02096437,Dandie_Dinmont,floppy,images/train/n02096437_4131.jpg
n02096437_4184.jpg,n02096437_4184,train,n02096437,Dandie_Dinmont,floppy,images/train/n02096437_4184.jpg
n02096437_4435.jpg,n02096437_4435,train,n02096437,Dandie_Dinmont,floppy,images/train/n02096437_4435.jpg
n02096437_4466.jpg,n02096437_4466,train,n02096437,Dandie_Dinmont,floppy,images/train/n02096437_4466.jpg
n02096437_514.jpg,n02096437_514,train,n02096437,Dandie_Dinmont,floppy,images/train/n02096437_514.jpg
n02096437_647.jpg,n02096437_647,train,n02096437,Dandie_Dinmont,floppy,images/train/n02096437_647.jpg
n02096437_728.jpg,n02096437_728,train,n02096437,Dandie_Dinmont,floppy,images/train/n02096437_728.jpg
n02096437_91.jpg,n02096437_91,train,n02096437,Dandie_Dinmont,floppy,images/train/n02096437_91.jpg
n02096437_92.jpg,n02096437_92,train,n02096437,Dandie_Dinmont,floppy,images/train/n02096437_92.jpg
n02096437_926.jpg,n02096437_926,train,n02096437,Dandie_Dinmont,floppy,images/train/n02096437_926.jpg
n02096437_930.jpg,n02096437_930,train,n02096437,Dandie_Dinmont,floppy,images/train/n02096437_930.jpg
n02096437_967.jpg,n02096437_967,train,n02096437,Dandie_Dinmont,floppy,images/train/n02096437_967.jpg
n02096585_10768.jpg,n02096585_10768,train,n02096585,Boston_bull,pointy,images/train/n02096585_10768.jpg
n02096585_10846.jpg,n02096585_10846,train,n02096585,Boston_bull,pointy,images/train/n02096585_10846.jpg
n02096585_11427.jpg,n02096585_11427,train,n02096585,Boston_bull,pointy,images/train/n02096585_11427.jpg
n02096585_1172.jpg,n02096585_1172,train,n02096585,Boston_bull,pointy,images/train/n02096585_1172.jpg
n02096585_1179.jpg,n02096585_1179,train,n02096585,Boston_bull,pointy,images/train/n02096585_1179.jpg
n02096585_11808.jpg,n02096585_11808,train,n02096585,Boston_bull,pointy,images/train/n02096585_11808.jpg
n02096585_11836.jpg,n02096585_11836,train,n02096585,Boston_bull,pointy,images/train/n02096585_11836.jpg
n02096585_1207.jpg,n02096585_1207,train,n02096585,Boston_bull,pointy,images/train/n02096585_1207.jpg
n02096585_12352.jpg,n02096585_12352,train,n02096585,Boston_bull,pointy,images/train/n02096585_12352.jpg
n02096585_12372.jpg,n02096585_12372,train,n02096585,Boston_bull,pointy,images/train/n02096585_12372.jpg
n02096585_12464.jpg,n02096585_12464,train,n02096585,Boston_bull,pointy,images/train/n02096585_12464.jpg
n02096585_1281.jpg,n02096585_1281,train,n02096585,Boston_bull,pointy,images/train/n02096585_1281.jpg
n02096585_12844.jpg,n02096585_12844,train,n02096585,Boston_bull,pointy,images/train/n02096585_12844.jpg
n02096585_1295.jpg,n02096585_1295,train,n02096585,Boston_bull,pointy,images/train/n02096585_1295.jpg
n02096585_1347.jpg,n02096585_1347,train,n02096585,Boston_bull,pointy,images/train/n02096585_1347.jpg
n02096585_1449.jpg,n02096585_1449,train,n02096585,Boston_bull,pointy,images/train/n02096585_1449.jpg
n02096585_1562.jpg,n02096585_1562,train,n02096585,Boston_bull,pointy,images/train/n02096585_1562.jpg
n02096585_1571.jpg,n02096585_1571,train,n02096585,Boston_bull,pointy,images/train/n02096585_1571.jpg
n02096585_1572.jpg,n02096585_1572,train,n02096585,Boston_bull,pointy,images/train/n02096585_1572.jpg
n02096585_1645.jpg,n02096585_1645,train,n02096585,Boston_bull,pointy,images/train/n02096585_1645.jpg
n02096585_1856.jpg,n02096585_1856,train,n02096585,Boston_bull,pointy,images/train/n02096585_1856.jpg
n02096585_1992.jpg,n02096585_1992,train,n02096585,Boston_bull,pointy,images/train/n02096585_1992.jpg
n02096585_2082.jpg,n02096585_2082,train,n02096585,Boston_bull,pointy,images/train/n02096585_2082.jpg
n02096585_2108.jpg,n02096585_2108,train,n02096585,Boston_bull,pointy,images/train/n02096585_2108.jpg
n02096585_2354.jpg,n02096585_2354,train,n02096585,Boston_bull,pointy,images/train/n02096585_2354.jpg
n02096585_2419.jpg,n02096585_2419,train,n02096585,Boston_bull,pointy,images/train/n02096585_2419.jpg
n02096585_2450.jpg,n02096585_2450,train,n02096585,Boston_bull,pointy,images/train/n02096585_2450.jpg
n02096585_2560.jpg,n02096585_2560,train,n02096585,Boston_bull,pointy,images/train/n02096585_2560.jpg
n02096585_2583.jpg,n02096585_2583,train,n02096585,Boston_bull,pointy,images/train/n02096585_2583.jpg
n02096585_2725.jpg,n02096585_2725,train,n02096585,Boston_bull,pointy,images/train/n02096585_2725.jpg
n02096585_2727.jpg,n02096585_2727,train,n02096585,Boston_bull,pointy,images/train/n02096585_2727.jpg
n02096585_2828.jpg,n02096585_2828,train,n02096585,Boston_bull,pointy,images/train/n02096585_2828.jpg
n02096585_32.jpg,n02096585_32,train,n02096585,Boston_bull,pointy,images/train/n02096585_32.jpg
n02096585_341.jpg,n02096585_341,train,n02096585,Boston_bull,pointy,images/train/n02096585_341.jpg
n02096585_353.jpg,n02096585_353,train,n02096585,Boston_bull,pointy,images/train/n02096585_353.jpg
n02096585_3861.jpg,n02096585_3861,train,n02096585,Boston_bull,pointy,images/train/n02096585_3861.jpg
n02096585_4103.jpg,n02096585_4103,train,n02096585,Boston_bull,pointy,images/train/n02096585_4103.jpg
n02096585_4136.jpg,n02096585_4136,train,n02096585,Boston_bull,pointy,images/train/n02096585_4136.jpg
n02096585_5855.jpg,n02096585_5855,train,n02096585,Boston_bull,pointy,images/train/n02096585_5855.jpg
n02096585_664.jpg,n02096585_664,train,n02096585,Boston_bull,pointy,images/train/n02096585_664.jpg
n02096585_7101.jpg,n02096585_7101,train,n02096585,Boston_bull,pointy,images/train/n02096585_7101.jpg
n02096585_7933.jpg,n02096585_7933,train,n02096585,Boston_bull,pointy,images/train/n02096585_7933.jpg
n02096585_865.jpg,n02096585_865,train,n02096585,Boston_bull,pointy,images/train/n02096585_865.jpg
n02096585_9534.jpg,n02096585_9534,train,n02096585,Boston_bull,pointy,images/train/n02096585_9534.jpg
n02096585_976.jpg,n02096585_976,train,n02096585,Boston_bull,pointy,images/train/n02096585_976.jpg
n02097047_1093.jpg,n02097047_1093,train,n02097047,miniature_schnauzer,half_floppy,images/train/n02097047_1093.jpg
n02097047_1443.jpg,n02097047_1443,train,n02097047,miniature_schnauzer,half_floppy,images/train/n02097047_1443.jpg
n02097047_1487.jpg,n02097047_1487,train,n02097047,miniature_schnauzer,half_floppy,images/train/n02097047_1487.jpg
n02097047_151.jpg,n02097047_151,train,n02097047,miniature_schnauzer,half_floppy,images/train/n02097047_151.jpg
n02097047_1539.jpg,n02097047_1539,train,n02097047,miniature_schnauzer,half_floppy,images/train/n02097047_1539.jpg
n02097047_1545.jpg,n02097047_1545,train,n02097047,miniature_schnauzer,half_floppy,images/train/n02097047_1545.jpg
n02097047_1791.jpg,n02097047_1791,train,n02097047,miniature_schnauzer,half_floppy,images/train/n02097047_1791.jpg
n02097047_1820.jpg,n02097047_1820,train,n02097047,miniature_schnauzer,half_floppy,images/train/n02097047_1820.jpg
n02097047_1917.jpg,n02097047_1917,train,n02097047,miniature_schnauzer,half_floppy,images/train/n02097047_1917.jpg
n02097047_1936.jpg,n02097047_1936,train,n02097047,miniature_schnauzer,half_floppy,images/train/n02097047_1936.jpg
n02097047_2190.jpg,n02097047_2190,train,n02097047,miniature_schnauzer,half_floppy,images/train/n02097047_2190.jpg
n02097047_232.jpg,n02097047_232,train,n02097047,miniature_schnauzer,half_floppy,images/train/n02097047_232.jpg
n02097047_2439.jpg,n02097047_2439,train,n02097047,miniature_schnauzer,half_floppy,images/train/n02097047_2439.jpg
n02097047_2487.jpg,n02097047_2487,train,n02097047,miniature_schnauzer,half_floppy,images/train/n02097047_2487.jpg
n02097047_2511.jpg,n02097047_2511,train,n02097047,miniature_schnauzer,half_floppy,images/train/n02097047_2511.jpg
n02097047_255.jpg,n02097047_255,train,n02097047,miniature_schnauzer,half_floppy,images/train/n02097047_255.jpg
n02097047_2589.jpg,n02097047_2589,train,n02097047,miniature_schnauzer,half_floppy,images/train/n02097047_2589.jpg
n02097047_263.jpg,n02097047_263,train,n02097047,miniature_schnauzer,half_floppy,images/train/n02097047_263.jpg
n02097047_2649.jpg,n02097047_2649,train,n02097047,miniature_schnauzer,half_floppy,images/train/n02097047_2649.jpg
n02097047_2776.jpg,n02097047_2776,train,n02097047,miniature_schnauzer,half_floppy,images/train/n02097047_2776.jpg
n02097047_2910.jpg,n02097047_2910,train,n02097047,miniature_schnauzer,half_floppy,images/train/n02097047_2910.jpg
n02097047_2917.jpg,n02097047_2917,train,n02097047,miniature_schnauzer,half_floppy,images/train/n02097047_2917.jpg
n02097047_2984.jpg,n02097047_2984,train,n02097047,miniature_schnauzer,half_floppy,images/train/n02097047_2984.jpg
n02097047_3035.jpg,n02097047_3035,train,n02097047,miniature_schnauzer,half_floppy,images/train/n02097047_3035.jpg
n02097047_3093.jpg,n02097047_3093,train,n02097047,miniature_schnauzer,half_floppy,images/train/n02097047_3093.jpg
n02097047_3429.jpg,n02097047_3429,train,n02097047,miniature_schnauzer,half_floppy,images/train/n02097047_3429.jpg
n02097047_3579.jpg,n02097047_3579,train,n02097047,miniature_schnauzer,half_floppy,images/train/n02097047_3579.jpg
n02097047_4644.jpg,n02097047_4644,train,n02097047,miniature_schnauzer,half_floppy,images/train/n02097047_4644.jpg
n02097047_5030.jpg,n02097047_5030,train,n02097047,miniature_schnauzer,half_floppy,images/train/n02097047_5030.jpg
n02097047_5205.jpg,n02097047_5205,train,n02097047,miniature_schnauzer,half_floppy,images/train/n02097047_5205.jpg
n02097047_5223.jpg,n02097047_5223,train,n02097047,miniature_schnauzer,half_floppy,images/train/n02097047_5223.jpg
n02097047_535.jpg,n02097047_535,train,n02097047,miniature_schnauzer,half_floppy,images/train/n02097047_535.jpg
n02097047_5581.jpg,n02097047_5581,train,n02097047,miniature_schnauzer,half_floppy,images/train/n02097047_5581.jpg
n02097047_60.jpg,n02097047_60,train,n02097047,miniature_schnauzer,half_floppy,images/train/n02097047_60.jpg
n02097047_610.jpg,n02097047_610,train,n02097047,miniature_schnauzer,half_floppy,images/train/n02097047_610.jpg
n02097047_6434.jpg,n02097047_6434,train,n02097047,miniature_schnauzer,half_floppy,images/train/n02097047_6434.jpg
n02097047_6534.jpg,n02097047_6534,train,n02097047,miniature_schnauzer,half_floppy,images/train/n02097047_6534.jpg
n02097047_6567.jpg,n02097047_6567,train,n02097047,miniature_schnauzer,half_floppy,images/train/n02097047_6567.jpg
n02097047_6627.jpg,n02097047_6627,train,n02097047,miniature_schnauzer,half_floppy,images/train/n02097047_6627.jpg
n02097047_73.jpg,n02097047_73,train,n02097047,miniature_schnauzer,half_floppy,images/train/n02097047_73.jpg
n02097047_731.jpg,n02097047_731,train,n02097047,miniature_schnauzer,half_floppy,images/train/n02097047_731.jpg
n02097130_1193.jpg,n02097130_1193,train,n02097130,giant_schnauzer,half_floppy,images/train/n02097130_1193.jpg
n02097130_1235.jpg,n02097130_1235,train,n02097130,giant_schnauzer,half_floppy,images/train/n02097130_1235.jpg
n02097130_1438.jpg,n02097130_1438,train,n02097130,giant_schnauzer,half_floppy,images/train/n02097130_1438.jpg
n02097130_1463.jpg,n02097130_1463,train,n02097130,giant_schnauzer,half_floppy,images/train/n02097130_1463.jpg
n02097130_1531.jpg,n02097130_1531,train,n02097130,giant_schnauzer,half_floppy,images/train/n02097130_1531.jpg
n02097130_1649.jpg,n02097130_1649,train,n02097130,giant_schnauzer,half_floppy,images/train/n02097130_1649.jpg
n02097130_1761.jpg,n02097130_1761,train,n02097130,giant_schnauzer,half_floppy,images/train/n02097130_1761.jpg
n02097130_1791.jpg,n02097130_1791,train,n02097130,giant_schnauzer,half_floppy,images/train/n02097130_1791.jpg
n02097130_1822.jpg,n02097130_1822,train,n02097130,giant_schnauzer,half_floppy,images/train/n02097130_1822.jpg
n02097130_1894.jpg,n02097130_1894,train,n02097130,giant_schnauzer,half_floppy,images/train/n02097130_1894.jpg
n02097130_2487.jpg,n02097130_2487,train,n02097130,giant_schnauzer,half_floppy,images/train/n02097130_2487.jpg
n02097130_2552.jpg,n02097130_2552,train,n02097130,giant_schnauzer,half_floppy,images/train/n02097130_2552.jpg
n02097130_2728.jpg,n02097130_2728,train,n02097130,giant_schnauzer,half_floppy,images/train/n02097130_2728.jpg
n02097130_2969.jpg,n02097130_2969,train,n02097130,giant_schnauzer,half_floppy,images/train/n02097130_2969.jpg
n02097130_3005.jpg,n02097130_3005,train,n02097130,giant_schnauzer,half_floppy,images/train/n02097130_3005.jpg
n02097130_3359.jpg,n02097130_3359,train,n02097130,giant_schnauzer,half_floppy,images/train/n02097130_3359.jpg
n02097130_3452.jpg,n02097130_3452,train,n02097130,giant_schnauzer,half_floppy,images/train/n02097130_3452.jpg
n02097130_3489.jpg,n02097130_3489,train,n02097130,giant_schnauzer,half_floppy,images/train/n02097130_3489.jpg
n02097130_3619.jpg,n02097130_3619,train,n02097130,giant_schnauzer,half_floppy,images/train/n02097130_3619.jpg
n02097130_4050.jpg,n02097130_4050,train,n02097130,giant_schnauzer,half_floppy,images/train/n02097130_4050.jpg
n02097130_4060.jpg,n02097130_4060,train,n02097130,giant_schnauzer,half_floppy,images/train/n02097130_4060.jpg
n02097130_4193.jpg,n02097130_4193,train,n02097130,giant_schnauzer,half_floppy,images/train/n02097130_4193.jpg
n02097130_4321.jpg,n02097130_4321,train,n02097130,giant_schnauzer,half_floppy,images/train/n02097130_4321.jpg
n02097130_4467.jpg,n02097130_4467,train,n02097130,giant_schnauzer,half_floppy,images/train/n02097130_4467.jpg
n02097130_4558.jpg,n02097130_4558,train,n02097130,giant_schnauzer,half_floppy,images/train/n02097130_4558.jpg
n02097130_4740.jpg,n02097130_4740,train,n02097130,giant_schnauzer,half_floppy,images/train/n02097130_4740.jpg
n02097130_5117.jpg,n02097130_5117,train,n02097130,giant_schnauzer,half_floppy,images/train/n02097130_5117.jpg
n02097130_5121.jpg,n02097130_5121,train,n02097130,giant_schnauzer,half_floppy,images/train/n02097130_5121.jpg
n02097130_5453.jpg,n02097130_5453,train,n02097130,giant_schnauzer,half_floppy,images/train/n02097130_5453.jpg
n02097130_5560.jpg,n02097130_5560,train,n02097130,giant_schnauzer,half_floppy,images/train/n02097130_5560.jpg
n02097130_5840.jpg,n02097130_5840,train,n02097130,giant_schnauzer,half_floppy,images/train/n02097130_5840.jpg
n02097130_5882.jpg,n02097130_5882,train,n02097130,giant_schnauzer,half_floppy,images/train/n02097130_5882.jpg
n02097130_603.jpg,n02097130_603,train,n02097130,giant_schnauzer,half_floppy,images/train/n02097130_603.jpg
n02097130_609.jpg,n02097130_609,train,n02097130,giant_schnauzer,half_floppy,images/train/n02097130_609.jpg
n02097130_6116.jpg,n02097130_6116,train,n02097130,giant_schnauzer,half_floppy,images/train/n02097130_6116.jpg
n02097130_6120.jpg,n02097130_6120,train,n02097130,giant_schnauzer,half_floppy,images/train/n02097130_6120.jpg
n02097130_800.jpg,n02097130_800,train,n02097130,giant_schnauzer,half_floppy,images/train/n02097130_800.jpg
n02097130_857.jpg,n02097130_857,train,n02097130,giant_schnauzer,half_floppy,images/train/n02097130_857.jpg
n02097130_899.jpg,n02097130_899,train,n02097130,giant_schnauzer,half_floppy,images/train/n02097130_899.jpg
n02097130_983.jpg,n02097130_983,train,n02097130,giant_schnauzer,half_floppy,images/train/n02097130_983.jpg
n02097209_1063.jpg,n02097209_1063,train,n02097209,standard_schnauzer,half_floppy,images/train/n02097209_1063.jpg
n02097209_1164.jpg,n02097209_1164,train,n02097209,standard_schnauzer,half_floppy,images/train/n02097209_1164.jpg
n02097209_1387.jpg,n02097209_1387,train,n02097209,standard_schnauzer,half_floppy,images/train/n02097209_1387.jpg
n02097209_1491.jpg,n02097209_1491,train,n02097209,standard_schnauzer,half_floppy,images/train/n02097209_1491.jpg
n02097209_1514.jpg,n02097209_1514,train,n02097209,standard_schnauzer,half_floppy,images/train/n02097209_1514.jpg
n02097209_1531.jpg,n02097209_1531,train,n02097209,standard_schnauzer,half_floppy,images/train/n02097209_1531.jpg
n02097209_1653.jpg,n02097209_1653,train,n02097209,standard_schnauzer,half_floppy,images/train/n02097209_1653.jpg
n02097209_1923.jpg,n02097209_1923,train,n02097209,standard_schnauzer,half_floppy,images/train/n02097209_1923.jpg
n02097209_1954.jpg,n02097209_1954,train,n02097209,standard_schnauzer,half_floppy,images/train/n02097209_1954.jpg
n02097209_2084.jpg,n02097209_2084,train,n02097209,standard_schnauzer,half_floppy,images/train/n02097209_2084.jpg
n02097209_213.jpg,n02097209_213,train,n02097209,standard_schnauzer,half_floppy,images/train/n02097209_213.jpg
n02097209_2205.jpg,n02097209_2205,train,n02097209,standard_schnauzer,half_floppy,images/train/n02097209_2205.jpg
n02097209_2214.jpg,n02097209_2214,train,n02097209,standard_schnauzer,half_floppy,images/train/n02097209_2214.jpg
n02097209_2347.jpg,n02097209_2347,train,n02097209,standard_schnauzer,half_floppy,images/train/n02097209_2347.jpg
n02097209_2382.jpg,n02097209_2382,train,n02097209,standard_schnauzer,half_floppy,images/train/n02097209_2382.jpg
n02097209_2423.jpg,n02097209_2423,train,n02097209,standard_schnauzer,half_floppy,images/train/n02097209_2423.jpg
n02097209_2555.jpg,n02097209_2555,train,n02097209,standard_schnauzer,half_floppy,images/train/n02097209_2555.jpg
n02097209_2629.jpg,n02097209_2629,train,n02097209,standard_schnauzer,half_floppy,images/train/n02097209_2629.jpg
n02097209_2676.jpg,n02097209_2676,train,n02097209,standard_schnauzer,half_floppy,images/train/n02097209_2676.jpg
n02097209_2684.jpg,n02097209_2684,train,n02097209,standard_schnauzer,half_floppy,images/train/n02097209_2684.jpg
n02097209_2714.jpg,n02097209_2714,train,n02097209,standard_schnauzer,half_floppy,images/train/n02097209_2714.jpg
n02097209_2722.jpg,n02097209_2722,train,n02097209,standard_schnauzer,half_floppy,images/train/n02097209_2722.jpg
n02097209_2810.jpg,n02097209_2810,train,n02097209,standard_schnauzer,half_floppy,images/train/n02097209_2810.jpg
n02097209_2956.jpg,n02097209_2956,train,n02097209,standard_schnauzer,half_floppy,images/train/n02097209_2956.jpg
n02097209_3089.jpg,n02097209_3089,train,n02097209,standard_schnauzer,half_floppy,images/train/n02097209_3089.jpg
n02097209_3172.jpg,n02097209_3172,train,n02097209,standard_schnauzer,half_floppy,images/train/n02097209_3172.jpg
n02097209_3430.jpg,n02097209_3430,train,n02097209,standard_schnauzer,half_floppy,images/train/n02097209_3430.jpg
n02097209_3811.jpg,n02097209_3811,train,n02097209,standard_schnauzer,half_floppy,images/train/n02097209_3811.jpg
n02097209_3874.jpg,n02097209_3874,train,n02097209,standard_schnauzer,half_floppy,images/train/n02097209_3874.jpg
n02097209_4024.jpg,n02097209_4024,train,n02097209,standard_schnauzer,half_floppy,images/train/n02097209_4024.jpg
n02097209_4183.jpg,n02097209_4183,train,n02097209,standard_schnauzer,half_floppy,images/train/n02097209_4183.jpg
n02097209_4206.jpg,n02097209_4206,train,n02097209,standard_schnauzer,half_floppy,images/train/n02097209_4206.jpg
n02097209_46.jpg,n02097209_46,train,n02097209,standard_schnauzer,half_floppy,images/train/n02097209_46.jpg
n02097209_632.jpg,n02097209_632,train,n02097209,standard_schnauzer,half_floppy,images/train/n02097209_632.jpg
n02097209_675.jpg,n02097209_675,train,n02097209,standard_schnauzer,half_floppy,images/train/n02097209_675.jpg
n02097209_944.jpg,n02097209_944,train,n02097209,standard_schnauzer,half_floppy,images/train/n02097209_944.jpg
n02097298_13186.jpg,n02097298_13186,train,n02097298,Scotch_terrier,pointy,images/train/n02097298_13186.jpg
n02097298_132.jpg,n02097298_132,train,n02097298,Scotch_terrier,pointy,images/train/n02097298_132.jpg
n02097298_1327.jpg,n02097298_1327,train,n02097298,Scotch_terrier,pointy,images/train/n02097298_1327.jpg
n02097298_200.jpg,n02097298_200,train,n02097298,Scotch_terrier,pointy,images/train/n02097298_200.jpg
n02097298_2443.jpg,n02097298_2443,train,n02097298,Scotch_terrier,pointy,images/train/n02097298_2443.jpg
n02097298_2500.jpg,n02097298_2500,train,n02097298,Scotch_terrier,pointy,images/train/n02097298_2500.jpg
n02097298_2609.jpg,n02097298_2609,train,n02097298,Scotch_terrier,pointy,images/train/n02097298_2609.jpg
n02097298_2671.jpg,n02097298_2671,train,n02097298,Scotch_terrier,pointy,images/train/n02097298_2671.jpg
n02097298_3238.jpg,n02097298_3238,train,n02097298,Scotch_terrier,pointy,images/train/n02097298_3238.jpg
n02097298_3516.jpg,n02097298_3516,train,n02097298,Scotch_terrier,pointy,images/train/n02097298_3516.jpg
n02097298_3589.jpg,n02097298_3589,train,n02097298,Scotch_terrier,pointy,images/train/n02097298_3589.jpg
n02097298_3641.jpg,n02097298_3641,train,n02097298,Scotch_terrier,pointy,images/train/n02097298_3641.jpg
n02097298_39.jpg,n02097298_39,train,n02097298,Scotch_terrier,pointy,images/train/n02097298_39.jpg
n02097298_4092.jpg,n02097298_4092,train,n02097298,Scotch_terrier,pointy,images/train/n02097298_4092.jpg
n02097298_4126.jpg,n02097298_4126,train,n02097298,Scotch_terrier,pointy,images/train/n02097298_4126.jpg
n02097298_4485.jpg,n02097298_4485,train,n02097298,Scotch_terrier,pointy,images/train/n02097298_4485.jpg
n02097298_4872.jpg,n02097298_4872,train,n02097298,Scotch_terrier,pointy,images/train/n02097298_4872.jpg
n02097298_5074.jpg,n02097298_5074,train,n02097298,Scotch_terrier,pointy,images/train/n02097298_5074.jpg
n02097298_508.jpg,n02097298_508,train,n02097298,Scotch_terrier,pointy,images/train/n02097298_508.jpg
n02097298_6077.jpg,n02097298_6077,train,n02097298,Scotch_terrier,pointy,images/train/n02097298_6077.jpg
n02097298_6084.jpg,n02097298_6084,train,n02097298,Scotch_terrier,pointy,images/train/n02097298_6084.jpg
n02097298_6276.jpg,n02097298_6276,train,n02097298,Scotch_terrier,pointy,images/train/n02097298_6276.jpg
n02097298_6313.jpg,n02097298_6313,train,n02097298,Scotch_terrier,pointy,images/train/n02097298_6313.jpg
n02097298_7442.jpg,n02097298_7442,train,n02097298,Scotch_terrier,pointy,images/train/n02097298_7442.jpg
n02097298_7932.jpg,n02097298_7932,train,n02097298,Scotch_terrier,pointy,images/train/n02097298_7932.jpg
n02097298_8038.jpg,n02097298_8038,train,n02097298,Scotch_terrier,pointy,images/train/n02097298_8038.jpg
n02097298_8101.jpg,n02097298_8101,train,n02097298,Scotch_terrier,pointy,images/train/n02097298_8101.jpg
n02097298_8178.jpg,n02097298_8178,train,n02097298,Scotch_terrier,pointy,images/train/n02097298_8178.jpg
n02097298_825.jpg,n02097298_825,train,n02097298,Scotch_terrier,pointy,images/train/n02097298_825.jpg
n02097298_8432.jpg,n02097298_8432,train,n02097298,Scotch_terrier,pointy,images/train/n02097298_8432.jpg
n02097298_8552.jpg,n02097298_8552,train,n02097298,Scotch_terrier,pointy,images/train/n02097298_8552.jpg
n02097298_8911.jpg,n02097298_8911,train,n02097298,Scotch_terrier,pointy,images/train/n02097298_8911.jpg
n02097298_8918.jpg,n02097298_8918,train,n02097298,Scotch_terrier,pointy,images/train/n02097298_8918.jpg
n02097298_9059.jpg,n02097298_9059,train,n02097298,Scotch_terrier,pointy,images/train/n02097298_9059.jpg
n02097298_9432.jpg,n02097298_9432,train,n02097298,Scotch_terrier,pointy,images/train/n02097298_9432.jpg
n02097298_9651.jpg,n02097298_9651,train,n02097298,Scotch_terrier,pointy,images/train/n02097298_9651.jpg
n02097298_998.jpg,n02097298_998,train,n02097298,Scotch_terrier,pointy,images/train/n02097298_998.jpg
n02097474_1023.jpg,n02097474_1023,train,n02097474,Tibetan_terrier,floppy,images/train/n02097474_1023.jpg
n02097474_1070.jpg,n02097474_1070,train,n02097474,Tibetan_terrier,floppy,images/train/n02097474_1070.jpg
n02097474_1095.jpg,n02097474_1095,train,n02097474,Tibetan_terrier,floppy,images/train/n02097474_1095.jpg
n02097474_124.jpg,n02097474_124,train,n02097474,Tibetan_terrier,floppy,images/train/n02097474_124.jpg
n02097474_1531.jpg,n02097474_1531,train,n02097474,Tibetan_terrier,floppy,images/train/n02097474_1531.jpg
n02097474_1582.jpg,n02097474_1582,train,n02097474,Tibetan_terrier,floppy,images/train/n02097474_1582.jpg
n02097474_1614.jpg,n02097474_1614,train,n02097474,Tibetan_terrier,floppy,images/train/n02097474_1614.jpg
n02097474_1728.jpg,n02097474_1728,train,n02097474,Tibetan_terrier,floppy,images/train/n02097474_1728.jpg
n02097474_2113.jpg,n02097474_2113,train,n02097474,Tibetan_terrier,floppy,images/train/n02097474_2113.jpg
n02097474_2404.jpg,n02097474_2404,train,n02097474,Tibetan_terrier,floppy,images/train/n02097474_2404.jpg
n02097474_2553.jpg,n02097474_2553,train,n02097474,Tibetan_terrier,floppy,images/train/n02097474_2553.jpg
n02097474_2700.jpg,n02097474_2700,train,n02097474,Tibetan_terrier,floppy,images/train/n02097474_2700.jpg
n02097474_2913.jpg,n02097474_2913,train,n02097474,Tibetan_terrier,floppy,images/train/n02097474_2913.jpg
n02097474_3058.jpg,n02097474_3058,train,n02097474,Tibetan_terrier,floppy,images/train/n02097474_3058.jpg
n02097474_3180.jpg,n02097474_3180,train,n02097474,Tibetan_terrier,floppy,images/train/n02097474_3180.jpg
n02097474_3226.jpg,n02097474_3226,train,n02097474,Tibetan_terrier,floppy,images/train/n02097474_3226.jpg
n02097474_3234.jpg,n02097474_3234,train,n02097474,Tibetan_terrier,floppy,images/train/n02097474_3234.jpg
n02097474_3259.jpg,n02097474_3259,train,n02097474,Tibetan_terrier,floppy,images/train/n02097474_3259.jpg
n02097474_3343.jpg,n02097474_3343,train,n02097474,Tibetan_terrier,floppy,images/train/n02097474_3343.jpg
n02097474_36.jpg,n02097474_36,train,n02097474,Tibetan_terrier,floppy,images/train/n02097474_36.jpg
n02097474_3661.jpg,n02097474_3661,train,n02097474,Tibetan_terrier,floppy,images/train/n02097474_3661.jpg
n02097474_3816.jpg,n02097474_3816,train,n02097474,Tibetan_terrier,floppy,images/train/n02097474_3816.jpg
n02097474_3910.jpg,n02097474_3910,train,n02097474,Tibetan_terrier,floppy,images/train/n02097474_3910.jpg
n02097474_393.jpg,n02097474_393,train,n02097474,Tibetan_terrier,floppy,images/train/n02097474_393.jpg
n02097474_3962.jpg,n02097474_3962,train,n02097474,Tibetan_terrier,floppy,images/train/n02097474_3962.jpg
n02097474_3976.jpg,n02097474_3976,train,n02097474,Tibetan_terrier,floppy,images/train/n02097474_3976.jpg
n02097474_3991.jpg,n02097474_3991,train,n02097474,Tibetan_terrier,floppy,images/train/n02097474_3991.jpg
n02097474_4053.jpg,n02097474_4053,train,n02097474,Tibetan_terrier,floppy,images/train/n02097474_4053.jpg
n02097474_4085.jpg,n02097474_4085,train,n02097474,Tibetan_terrier,floppy,images/train/n02097474_4085.jpg
n02097474_425.jpg,n02097474_425,train,n02097474,Tibetan_terrier,floppy,images/train/n02097474_425.jpg
n02097474_4795.jpg,n02097474_4795,train,n02097474,Tibetan_terrier,floppy,images/train/n02097474_4795.jpg
n02097474_4815.jpg,n02097474_4815,train,n02097474,Tibetan_terrier,floppy,images/train/n02097474_4815.jpg
n02097474_4875.jpg,n02097474_4875,train,n02097474,Tibetan_terrier,floppy,images/train/n02097474_4875.jpg
n02097474_494.jpg,n02097474_494,train,n02097474,Tibetan_terrier,floppy,images/train/n02097474_494.jpg
n02097474_5208.jpg,n02097474_5208,train,n02097474,Tibetan_terrier,floppy,images/train/n02097474_5208.jpg
n02097474_523.jpg,n02097474_523,train,n02097474,Tibetan_terrier,floppy,images/train/n02097474_523.jpg
n02097474_5280.jpg,n02097474_5280,train,n02097474,Tibetan_terrier,floppy,images/train/n02097474_5280.jpg
n02097474_529.jpg,n02097474_529,train,n02097474,Tibetan_terrier,floppy,images/train/n02097474_529.jpg
n02097474_5333.jpg,n02097474_5333,train,n02097474,Tibetan_terrier,floppy,images/train/n02097474_5333.jpg
n02097474_5334.jpg,n02097474_5334,train,n02097474,Tibetan_terrier,floppy,images/train/n02097474_5334.jpg
n02097474_5342.jpg,n02097474_5342,train,n02097474,Tibetan_terrier,floppy,images/train/n02097474_5342.jpg
n02097474_5479.jpg,n02097474_5479,train,n02097474,Tibetan_terrier,floppy,images/train/n02097474_5479.jpg
n02097474_5571.jpg,n02097474_5571,train,n02097474,Tibetan_terrier,floppy,images/train/n02097474_5571.jpg
n02097474_5770.jpg,n02097474_5770,train,n02097474,Tibetan_terrier,floppy,images/train/n02097474_5770.jpg
n02097474_6035.jpg,n02097474_6035,train,n02097474,Tibetan_terrier,floppy,images/train/n02097474_6035.jpg
n02097474_6051.jpg,n02097474_6051,train,n02097474,Tibetan_terrier,floppy,images/train/n02097474_6051.jpg
n02097474_6102.jpg,n02097474_6102,train,n02097474,Tibetan_terrier,floppy,images/train/n02097474_6102.jpg
n02097474_6298.jpg,n02097474_6298,train,n02097474,Tibetan_terrier,floppy,images/train/n02097474_6298.jpg
n02097474_65.jpg,n02097474_65,train,n02097474,Tibetan_terrier,floppy,images/train/n02097474_65.jpg
n02097474_6580.jpg,n02097474_6580,train,n02097474,Tibetan_terrier,floppy,images/train/n02097474_6580.jpg
n02097474_7046.jpg,n02097474_7046,train,n02097474,Tibetan_terrier,floppy,images/train/n02097474_7046.jpg
n02097474_7132.jpg,n02097474_7132,train,n02097474,Tibetan_terrier,floppy,images/train/n02097474_7132.jpg
n02097474_7227.jpg,n02097474_7227,train,n02097474,Tibetan_terrier,floppy,images/train/n02097474_7227.jpg
n02097474_7443.jpg,n02097474_7443,train,n02097474,Tibetan_terrier,floppy,images/train/n02097474_7443.jpg
n02097474_7598.jpg,n02097474_7598,train,n02097474,Tibetan_terrier,floppy,images/train/n02097474_7598.jpg
n02097474_8132.jpg,n02097474_8132,train,n02097474,Tibetan_terrier,floppy,images/train/n02097474_8132.jpg
n02097474_8517.jpg,n02097474_8517,train,n02097474,Tibetan_terrier,floppy,images/train/n02097474_8517.jpg
n02097474_8583.jpg,n02097474_8583,train,n02097474,Tibetan_terrier,floppy,images/train/n02097474_8583.jpg
n02097474_8674.jpg,n02097474_8674,train,n02097474,Tibetan_terrier,floppy,images/train/n02097474_8674.jpg
n02097474_8796.jpg,n02097474_8796,train,n02097474,Tibetan_terrier,floppy,images/train/n02097474_8796.jpg
n02097658_1018.jpg,n02097658_1018,train,n02097658,silky_terrier,pointy,images/train/n02097658_1018.jpg
n02097658_1039.jpg,n02097658_1039,train,n02097658,silky_terrier,pointy,images/train/n02097658_1039.jpg
n02097658_10854.jpg,n02097658_10854,train,n02097658,silky_terrier,pointy,images/train/n02097658_10854.jpg
n02097658_11363.jpg,n02097658_11363,train,n02097658,silky_terrier,pointy,images/train/n02097658_11363.jpg
n02097658_1154.jpg,n02097658_1154,train,n02097658,silky_terrier,pointy,images/train/n02097658_1154.jpg
n02097658_1473.jpg,n02097658_1473,train,n02097658,silky_terrier,pointy,images/train/n02097658_1473.jpg
n02097658_1690.jpg,n02097658_1690,train,n02097658,silky_terrier,pointy,images/train/n02097658_1690.jpg
n02097658_1868.jpg,n02097658_1868,train,n02097658,silky_terrier,pointy,images/train/n02097658_1868.jpg
n02097658_1910.jpg,n02097658_1910,train,n02097658,silky_terrier,pointy,images/train/n02097658_1910.jpg
n02097658_2022.jpg,n02097658_2022,train,n02097658,silky_terrier,pointy,images/train/n02097658_2022.jpg
n02097658_2069.jpg,n02097658_2069,train,n02097658,silky_terrier,pointy,images/train/n02097658_2069.jpg
n02097658_214.jpg,n02097658_214,train,n02097658,silky_terrier,pointy,images/train/n02097658_214.jpg
n02097658_2182.jpg,n02097658_2182,train,n02097658,silky_terrier,pointy,images/train/n02097658_2182.jpg
n02097658_2523.jpg,n02097658_2523,train,n02097658,silky_terrier,pointy,images/train/n02097658_2523.jpg
n02097658_2665.jpg,n02097658_2665,train,n02097658,silky_terrier,pointy,images/train/n02097658_2665.jpg
n02097658_271.jpg,n02097658_271,train,n02097658,silky_terrier,pointy,images/train/n02097658_271.jpg
n02097658_2766.jpg,n02097658_2766,train,n02097658,silky_terrier,pointy,images/train/n02097658_2766.jpg
n02097658_2919.jpg,n02097658_2919,train,n02097658,silky_terrier,pointy,images/train/n02097658_2919.jpg
n02097658_3140.jpg,n02097658_3140,train,n02097658,silky_terrier,pointy,images/train/n02097658_3140.jpg
n02097658_319.jpg,n02097658_319,train,n02097658,silky_terrier,pointy,images/train/n02097658_319.jpg
n02097658_329.jpg,n02097658_329,train,n02097658,silky_terrier,pointy,images/train/n02097658_329.jpg
n02097658_3571.jpg,n02097658_3571,train,n02097658,silky_terrier,pointy,images/train/n02097658_3571.jpg
n02097658_4201.jpg,n02097658_4201,train,n02097658,silky_terrier,pointy,images/train/n02097658_4201.jpg
n02097658_422.jpg,n02097658_422,train,n02097658,silky_terrier,pointy,images/train/n02097658_422.jpg
n02097658_4420.jpg,n02097658_4420,train,n02097658,silky_terrier,pointy,images/train/n02097658_4420.jpg
n02097658_4728.jpg,n02097658_4728,train,n02097658,silky_terrier,pointy,images/train/n02097658_4728.jpg
n02097658_4890.jpg,n02097658_4890,train,n02097658,silky_terrier,pointy,images/train/n02097658_4890.jpg
n02097658_5223.jpg,n02097658_5223,train,n02097658,silky_terrier,pointy,images/train/n02097658_5223.jpg
n02097658_552.jpg,n02097658_552,train,n02097658,silky_terrier,pointy,images/train/n02097658_552.jpg
n02097658_595.jpg,n02097658_595,train,n02097658,silky_terrier,pointy,images/train/n02097658_595.jpg
n02097658_6351.jpg,n02097658_6351,train,n02097658,silky_terrier,pointy,images/train/n02097658_6351.jpg
n02097658_641.jpg,n02097658_641,train,n02097658,silky_terrier,pointy,images/train/n02097658_641.jpg
n02097658_642.jpg,n02097658_642,train,n02097658,silky_terrier,pointy,images/train/n02097658_642.jpg
n02097658_6672.jpg,n02097658_6672,train,n02097658,silky_terrier,pointy,images/train/n02097658_6672.jpg
n02097658_7162.jpg,n02097658_7162,train,n02097658,silky_terrier,pointy,images/train/n02097658_7162.jpg
n02097658_7445.jpg,n02097658_7445,train,n02097658,silky_terrier,pointy,images/train/n02097658_7445.jpg
n02097658_7970.jpg,n02097658_7970,train,n02097658,silky_terrier,pointy,images/train/n02097658_7970.jpg
n02097658_8409.jpg,n02097658_8409,train,n02097658,silky_terrier,pointy,images/train/n02097658_8409.jpg
n02097658_9017.jpg,n02097658_9017,train,n02097658,silky_terrier,pointy,images/train/n02097658_9017.jpg
n02097658_9327.jpg,n02097658_9327,train,n02097658,silky_terrier,pointy,images/train/n02097658_9327.jpg
n02097658_9987.jpg,n02097658_9987,train,n02097658,silky_terrier,pointy,images/train/n02097658_9987.jpg
n02098105_100.jpg,n02098105_100,train,n02098105,soft-coated_wheaten_terrier,half_floppy,images/train/n02098105_100.jpg
n02098105_1067.jpg,n02098105_1067,train,n02098105,soft-coated_wheaten_terrier,half_floppy,images/train/n02098105_1067.jpg
n02098105_1078.jpg,n02098105_1078,train,n02098105,soft-coated_wheaten_terrier,half_floppy,images/train/n02098105_1078.jpg
n02098105_1090.jpg,n02098105_1090,train,n02098105,soft-coated_wheaten_terrier,half_floppy,images/train/n02098105_1090.jpg
n02098105_1228.jpg,n02098105_1228,train,n02098105,soft-coated_wheaten_terrier,half_floppy,images/train/n02098105_1228.jpg
n02098105_1321.jpg,n02098105_1321,train,n02098105,soft-coated_wheaten_terrier,half_floppy,images/train/n02098105_1321.jpg
n02098105_1791.jpg,n02098105_1791,train,n02098105,soft-coated_wheaten_terrier,half_floppy,images/train/n02098105_1791.jpg
n02098105_190.jpg,n02098105_190,train,n02098105,soft-coated_wheaten_terrier,half_floppy,images/train/n02098105_190.jpg
n02098105_205.jpg,n02098105_205,train,n02098105,soft-coated_wheaten_terrier,half_floppy,images/train/n02098105_205.jpg
n02098105_2194.jpg,n02098105_2194,train,n02098105,soft-coated_wheaten_terrier,half_floppy,images/train/n02098105_2194.jpg
n02098105_2256.jpg,n02098105_2256,train,n02098105,soft-coated_wheaten_terrier,half_floppy,images/train/n02098105_2256.jpg
n02098105_2297.jpg,n02098105_2297,train,n02098105,soft-coated_wheaten_terrier,half_floppy,images/train/n02098105_2297.jpg
n02098105_2394.jpg,n02098105_2394,train,n02098105,soft-coated_wheaten_terrier,half_floppy,images/train/n02098105_2394.jpg
n02098105_2399.jpg,n02098105_2399,train,n02098105,soft-coated_wheaten_terrier,half_floppy,images/train/n02098105_2399.jpg
n02098105_2472.jpg,n02098105_2472,train,n02098105,soft-coated_wheaten_terrier,half_floppy,images/train/n02098105_2472.jpg
n02098105_2550.jpg,n02098105_2550,train,n02098105,soft-coated_wheaten_terrier,half_floppy,images/train/n02098105_2550.jpg
n02098105_3591.jpg,n02098105_3591,train,n02098105,soft-coated_wheaten_terrier,half_floppy,images/train/n02098105_3591.jpg
n02098105_3609.jpg,n02098105_3609,train,n02098105,soft-coated_wheaten_terrier,half_floppy,images/train/n02098105_3609.jpg
n02098105_3731.jpg,n02098105_3731,train,n02098105,soft-coated_wheaten_terrier,half_floppy,images/train/n02098105_3731.jpg
n02098105_3924.jpg,n02098105_3924,train,n02098105,soft-coated_wheaten_terrier,half_floppy,images/train/n02098105_3924.jpg
n02098105_539.jpg,n02098105_539,train,n02098105,soft-coated_wheaten_terrier,half_floppy,images/train/n02098105_539.jpg
n02098105_555.jpg,n02098105_555,train,n02098105,soft-coated_wheaten_terrier,half_floppy,images/train/n02098105_555.jpg
n02098105_637.jpg,n02098105_637,train,n02098105,soft-coated_wheaten_terrier,half_floppy,images/train/n02098105_637.jpg
n02098105_707.jpg,n02098105_707,train,n02098105,soft-coated_wheaten_terrier,half_floppy,images/train/n02098105_707.jpg
n02098105_719.jpg,n02098105_719,train,n02098105,soft-coated_wheaten_terrier,half_floppy,images/train/n02098105_719.jpg
n02098105_732.jpg,n02098105_732,train,n02098105,soft-coated_wheaten_terrier,half_floppy,images/train/n02098105_732.jpg
n02098105_779.jpg,n02098105_779,train,n02098105,soft-coated_wheaten_terrier,half_floppy,images/train/n02098105_779.jpg
n02098105_817.jpg,n02098105_817,train,n02098105,soft-coated_wheaten_terrier,half_floppy,images/train/n02098105_817.jpg
n02098105_911.jpg,n02098105_911,train,n02098105,soft-coated_wheaten_terrier,half_floppy,images/train/n02098105_911.jpg
n02098105_915.jpg,n02098105_915,train,n02098105,soft-coated_wheaten_terrier,half_floppy,images/train/n02098105_915.jpg
n02098105_95.jpg,n02098105_95,train,n02098105,soft-coated_wheaten_terrier,half_floppy,images/train/n02098105_95.jpg
n02098105_97.jpg,n02098105_97,train,n02098105,soft-coated_wheaten_terrier,half_floppy,images/train/n02098105_97.jpg
n02098286_1009.jpg,n02098286_1009,train,n02098286,West_Highland_white_terrier,pointy,images/train/n02098286_1009.jpg
n02098286_1036.jpg,n02098286_1036,train,n02098286,West_Highland_white_terrier,pointy,images/train/n02098286_1036.jpg
n02098286_1089.jpg,n02098286_1089,train,n02098286,West_Highland_white_terrier,pointy,images/train/n02098286_1089.jpg
n02098286_1160.jpg,n02098286_1160,train,n02098286,West_Highland_white_terrier,pointy,images/train/n02098286_1160.jpg
n02098286_118.jpg,n02098286_118,train,n02098286,West_Highland_white_terrier,pointy,images/train/n02098286_118.jpg
n02098286_1213.jpg,n02098286_1213,train,n02098286,West_Highland_white_terrier,pointy,images/train/n02098286_1213.jpg
n02098286_1551.jpg,n02098286_1551,train,n02098286,West_Highland_white_terrier,pointy,images/train/n02098286_1551.jpg
n02098286_1705.jpg,n02098286_1705,train,n02098286,West_Highland_white_terrier,pointy,images/train/n02098286_1705.jpg
n02098286_1796.jpg,n02098286_1796,train,n02098286,West_Highland_white_terrier,pointy,images/train/n02098286_1796.jpg
n02098286_1910.jpg,n02098286_1910,train,n02098286,West_Highland_white_terrier,pointy,images/train/n02098286_1910.jpg
n02098286_1982.jpg,n02098286_1982,train,n02098286,West_Highland_white_terrier,pointy,images/train/n02098286_1982.jpg
n02098286_2299.jpg,n02098286_2299,train,n02098286,West_Highland_white_terrier,pointy,images/train/n02098286_2299.jpg
n02098286_2359.jpg,n02098286_2359,train,n02098286,West_Highland_white_terrier,pointy,images/train/n02098286_2359.jpg
n02098286_2699.jpg,n02098286_2699,train,n02098286,West_Highland_white_terrier,pointy,images/train/n02098286_2699.jpg
n02098286_275.jpg,n02098286_275,train,n02098286,West_Highland_white_terrier,pointy,images/train/n02098286_275.jpg
n02098286_278.jpg,n02098286_278,train,n02098286,West_Highland_white_terrier,pointy,images/train/n02098286_278.jpg
n02098286_2863.jpg,n02098286_2863,train,n02098286,West_Highland_white_terrier,pointy,images/train/n02098286_2863.jpg
n02098286_2895.jpg,n02098286_2895,train,n02098286,West_Highland_white_terrier,pointy,images/train/n02098286_2895.jpg
n02098286_2958.jpg,n02098286_2958,train,n02098286,West_Highland_white_terrier,pointy,images/train/n02098286_2958.jpg
n02098286_3021.jpg,n02098286_3021,train,n02098286,West_Highland_white_terrier,pointy,images/train/n02098286_3021.jpg
n02098286_3075.jpg,n02098286_3075,train,n02098286,West_Highland_white_terrier,pointy,images/train/n02098286_3075.jpg
n02098286_3212.jpg,n02098286_3212,train,n02098286,West_Highland_white_terrier,pointy,images/train/n02098286_3212.jpg
n02098286_3462.jpg,n02098286_3462,train,n02098286,West_Highland_white_terrier,pointy,images/train/n02098286_3462.jpg
n02098286_4231.jpg,n02098286_4231,train,n02098286,West_Highland_white_terrier,pointy,images/train/n02098286_4231.jpg
n02098286_4362.jpg,n02098286_4362,train,n02098286,West_Highland_white_terrier,pointy,images/train/n02098286_4362.jpg
n02098286_437.jpg,n02098286_437,train,n02098286,West_Highland_white_terrier,pointy,images/train/n02098286_437.jpg
n02098286_4370.jpg,n02098286_4370,train,n02098286,West_Highland_white_terrier,pointy,images/train/n02098286_4370.jpg
n02098286_4689.jpg,n02098286_4689,train,n02098286,West_Highland_white_terrier,pointy,images/train/n02098286_4689.jpg
n02098286_47.jpg,n02098286_47,train,n02098286,West_Highland_white_terrier,pointy,images/train/n02098286_47.jpg
n02098286_4876.jpg,n02098286_4876,train,n02098286,West_Highland_white_terrier,pointy,images/train/n02098286_4876.jpg
n02098286_5036.jpg,n02098286_5036,train,n02098286,West_Highland_white_terrier,pointy,images/train/n02098286_5036.jpg
n02098286_5080.jpg,n02098286_5080,train,n02098286,West_Highland_white_terrier,pointy,images/train/n02098286_5080.jpg
n02098286_526.jpg,n02098286_526,train,n02098286,West_Highland_white_terrier,pointy,images/train/n02098286_526.jpg
n02098286_577.jpg,n02098286_577,train,n02098286,West_Highland_white_terrier,pointy,images/train/n02098286_577.jpg
n02098286_5979.jpg,n02098286_5979,train,n02098286,West_Highland_white_terrier,pointy,images/train/n02098286_5979.jpg
n02098286_6123.jpg,n02098286_6123,train,n02098286,West_Highland_white_terrier,pointy,images/train/n02098286_6123.jpg
n02098286_6237.jpg,n02098286_6237,train,n02098286,West_Highland_white_terrier,pointy,images/train/n02098286_6237.jpg
n02098286_642.jpg,n02098286_642,train,n02098286,West_Highland_white_terrier,pointy,images/train/n02098286_642.jpg
n02098286_6516.jpg,n02098286_6516,train,n02098286,West_Highland_white_terrier,pointy,images/train/n02098286_6516.jpg
n02098286_721.jpg,n02098286_721,train,n02098286,West_Highland_white_terrier,pointy,images/train/n02098286_721.jpg
n02098286_751.jpg,n02098286_751,train,n02098286,West_Highland_white_terrier,pointy,images/train/n02098286_751.jpg
n02098286_758.jpg,n02098286_758,train,n02098286,West_Highland_white_terrier,pointy,images/train/n02098286_758.jpg
n02098286_830.jpg,n02098286_830,train,n02098286,West_Highland_white_terrier,pointy,images/train/n02098286_830.jpg
n02098413_10590.jpg,n02098413_10590,train,n02098413,Lhasa,floppy,images/train/n02098413_10590.jpg
n02098413_13405.jpg,n02098413_13405,train,n02098413,Lhasa,floppy,images/train/n02098413_13405.jpg
n02098413_13638.jpg,n02098413_13638,train,n02098413,Lhasa,floppy,images/train/n02098413_13638.jpg
n02098413_14264.jpg,n02098413_14264,train,n02098413,Lhasa,floppy,images/train/n02098413_14264.jpg
n02098413_14328.jpg,n02098413_14328,train,n02098413,Lhasa,floppy,images/train/n02098413_14328.jpg
n02098413_1457.jpg,n02098413_1457,train,n02098413,Lhasa,floppy,images/train/n02098413_1457.jpg
n02098413_14608.jpg,n02098413_14608,train,n02098413,Lhasa,floppy,images/train/n02098413_14608.jpg
n02098413_14748.jpg,n02098413_14748,train,n02098413,Lhasa,floppy,images/train/n02098413_14748.jpg
n02098413_1480.jpg,n02098413_1480,train,n02098413,Lhasa,floppy,images/train/n02098413_1480.jpg
n02098413_15855.jpg,n02098413_15855,train,n02098413,Lhasa,floppy,images/train/n02098413_15855.jpg
n02098413_16009.jpg,n02098413_16009,train,n02098413,Lhasa,floppy,images/train/n02098413_16009.jpg
n02098413_16076.jpg,n02098413_16076,train,n02098413,Lhasa,floppy,images/train/n02098413_16076.jpg
n02098413_16861.jpg,n02098413_16861,train,n02098413,Lhasa,floppy,images/train/n02098413_16861.jpg
n02098413_1713.jpg,n02098413_1713,train,n02098413,Lhasa,floppy,images/train/n02098413_1713.jpg
n02098413_1718.jpg,n02098413_1718,train,n02098413,Lhasa,floppy,images/train/n02098413_1718.jpg
n02098413_17895.jpg,n02098413_17895,train,n02098413,Lhasa,floppy,images/train/n02098413_17895.jpg
n02098413_18307.jpg,n02098413_18307,train,n02098413,Lhasa,floppy,images/train/n02098413_18307.jpg
n02098413_18663.jpg,n02098413_18663,train,n02098413,Lhasa,floppy,images/train/n02098413_18663.jpg
n02098413_2047.jpg,n02098413_2047,train,n02098413,Lhasa,floppy,images/train/n02098413_2047.jpg
n02098413_2400.jpg,n02098413_2400,train,n02098413,Lhasa,floppy,images/train/n02098413_2400.jpg
n02098413_244.jpg,n02098413_244,train,n02098413,Lhasa,floppy,images/train/n02098413_244.jpg
n02098413_2607.jpg,n02098413_2607,train,n02098413,Lhasa,floppy,images/train/n02098413_2607.jpg
n02098413_2908.jpg,n02098413_2908,train,n02098413,Lhasa,floppy,images/train/n02098413_2908.jpg
n02098413_3095.jpg,n02098413_3095,train,n02098413,Lhasa,floppy,images/train/n02098413_3095.jpg
n02098413_3114.jpg,n02098413_3114,train,n02098413,Lhasa,floppy,images/train/n02098413_3114.jpg
n02098413_3428.jpg,n02098413_3428,train,n02098413,Lhasa,floppy,images/train/n02098413_3428.jpg
n02098413_387.jpg,n02098413_387,train,n02098413,Lhasa,floppy,images/train/n02098413_387.jpg
n02098413_3995.jpg,n02098413_3995,train,n02098413,Lhasa,floppy,images/train/n02098413_3995.jpg
n02098413_4316.jpg,n02098413_4316,train,n02098413,Lhasa,floppy,images/train/n02098413_4316.jpg
n02098413_4667.jpg,n02098413_4667,train,n02098413,Lhasa,floppy,images/train/n02098413_4667.jpg
n02098413_5474.jpg,n02098413_5474,train,n02098413,Lhasa,floppy,images/train/n02098413_5474.jpg
n02098413_631.jpg,n02098413_631,train,n02098413,Lhasa,floppy,images/train/n02098413_631.jpg
n02098413_6348.jpg,n02098413_6348,train,n02098413,Lhasa,floppy,images/train/n02098413_6348.jpg
n02098413_6737.jpg,n02098413_6737,train,n02098413,Lhasa,floppy,images/train/n02098413_6737.jpg
n02098413_6837.jpg,n02098413_6837,train,n02098413,Lhasa,floppy,images/train/n02098413_6837.jpg
n02098413_6923.jpg,n02098413_6923,train,n02098413,Lhasa,floppy,images/train/n02098413_6923.jpg
n02098413_7286.jpg,n02098413_7286,train,n02098413,Lhasa,floppy,images/train/n02098413_7286.jpg
n02098413_8273.jpg,n02098413_8273,train,n02098413,Lhasa,floppy,images/train/n02098413_8273.jpg
n02098413_8685.jpg,n02098413_8685,train,n02098413,Lhasa,floppy,images/train/n02098413_8685.jpg
n02098413_9008.jpg,n02098413_9008,train,n02098413,Lhasa,floppy,images/train/n02098413_9008.jpg
n02098413_9259.jpg,n02098413_9259,train,n02098413,Lhasa,floppy,images/train/n02098413_9259.jpg
n02098413_9304.jpg,n02098413_9304,train,n02098413,Lhasa,floppy,images/train/n02098413_9304.jpg
n02098413_9810.jpg,n02098413_9810,train,n02098413,Lhasa,floppy,images/train/n02098413_9810.jpg
n02099267_1095.jpg,n02099267_1095,train,n02099267,flat-coated_retriever,floppy,images/train/n02099267_1095.jpg
n02099267_1358.jpg,n02099267_1358,train,n02099267,flat-coated_retriever,floppy,images/train/n02099267_1358.jpg
n02099267_1753.jpg,n02099267_1753,train,n02099267,flat-coated_retriever,floppy,images/train/n02099267_1753.jpg
n02099267_1989.jpg,n02099267_1989,train,n02099267,flat-coated_retriever,floppy,images/train/n02099267_1989.jpg
n02099267_2040.jpg,n02099267_2040,train,n02099267,flat-coated_retriever,floppy,images/train/n02099267_2040.jpg
n02099267_2268.jpg,n02099267_2268,train,n02099267,flat-coated_retriever,floppy,images/train/n02099267_2268.jpg
n02099267_3097.jpg,n02099267_3097,train,n02099267,flat-coated_retriever,floppy,images/train/n02099267_3097.jpg
n02099267_3290.jpg,n02099267_3290,train,n02099267,flat-coated_retriever,floppy,images/train/n02099267_3290.jpg
n02099267_3390.jpg,n02099267_3390,train,n02099267,flat-coated_retriever,floppy,images/train/n02099267_3390.jpg
n02099267_3428.jpg,n02099267_3428,train,n02099267,flat-coated_retriever,floppy,images/train/n02099267_3428.jpg
n02099267_3431.jpg,n02099267_3431,train,n02099267,flat-coated_retriever,floppy,images/train/n02099267_3431.jpg
n02099267_3433.jpg,n02099267_3433,train,n02099267,flat-coated_retriever,floppy,images/train/n02099267_3433.jpg
n02099267_3493.jpg,n02099267_3493,train,n02099267,flat-coated_retriever,floppy,images/train/n02099267_3493.jpg
n02099267_3864.jpg,n02099267_3864,train,n02099267,flat-coated_retriever,floppy,images/train/n02099267_3864.jpg
n02099267_3868.jpg,n02099267_3868,train,n02099267,flat-coated_retriever,floppy,images/train/n02099267_3868.jpg
n02099267_3948.jpg,n02099267_3948,train,n02099267,flat-coated_retriever,floppy,images/train/n02099267_3948.jpg
n02099267_4303.jpg,n02099267_4303,train,n02099267,flat-coated_retriever,floppy,images/train/n02099267_4303.jpg
n02099267_4525.jpg,n02099267_4525,train,n02099267,flat-coated_retriever,floppy,images/train/n02099267_4525.jpg
n02099267_487.jpg,n02099267_487,train,n02099267,flat-coated_retriever,floppy,images/train/n02099267_487.jpg
n02099267_494.jpg,n02099267_494,train,n02099267,flat-coated_retriever,floppy,images/train/n02099267_494.jpg
n02099267_5001.jpg,n02099267_5001,train,n02099267,flat-coated_retriever,floppy,images/train/n02099267_5001.jpg
n02099267_5551.jpg,n02099267_5551,train,n02099267,flat-coated_retriever,floppy,images/train/n02099267_5551.jpg
n02099267_5745.jpg,n02099267_5745,train,n02099267,flat-coated_retriever,floppy,images/train/n02099267_5745.jpg
n02099267_693.jpg,n02099267_693,train,n02099267,flat-coated_retriever,floppy,images/train/n02099267_693.jpg
n02099267_730.jpg,n02099267_730,train,n02099267,flat-coated_retriever,floppy,images/train/n02099267_730.jpg
n02099267_808.jpg,n02099267_808,train,n02099267,flat-coated_retriever,floppy,images/train/n02099267_808.jpg
n02099267_913.jpg,n02099267_913,train,n02099267,flat-coated_retriever,floppy,images/train/n02099267_913.jpg
n02099267_921.jpg,n02099267_921,train,n02099267,flat-coated_retriever,floppy,images/train/n02099267_921.jpg
n02099267_931.jpg,n02099267_931,train,n02099267,flat-coated_retriever,floppy,images/train/n02099267_931.jpg
n02099267_979.jpg,n02099267_979,train,n02099267,flat-coated_retriever,floppy,images/train/n02099267_979.jpg
n02099429_1259.jpg,n02099429_1259,train,n02099429,curly-coated_retriever,floppy,images/train/n02099429_1259.jpg
n02099429_1468.jpg,n02099429_1468,train,n02099429,curly-coated_retriever,floppy,images/train/n02099429_1468.jpg
n02099429_1472.jpg,n02099429_1472,train,n02099429,curly-coated_retriever,floppy,images/train/n02099429_1472.jpg
n02099429_1701.jpg,n02099429_1701,train,n02099429,curly-coated_retriever,floppy,images/train/n02099429_1701.jpg
n02099429_2186.jpg,n02099429_2186,train,n02099429,curly-coated_retriever,floppy,images/train/n02099429_2186.jpg
n02099429_2227.jpg,n02099429_2227,train,n02099429,curly-coated_retriever,floppy,images/train/n02099429_2227.jpg
n02099429_2236.jpg,n02099429_2236,train,n02099429,curly-coated_retriever,floppy,images/train/n02099429_2236.jpg
n02099429_2263.jpg,n02099429_2263,train,n02099429,curly-coated_retriever,floppy,images/train/n02099429_2263.jpg
n02099429_244.jpg,n02099429_244,train,n02099429,curly-coated_retriever,floppy,images/train/n02099429_244.jpg
n02099429_273.jpg,n02099429_273,train,n02099429,curly-coated_retriever,floppy,images/train/n02099429_273.jpg
n02099429_282.jpg,n02099429_282,train,n02099429,curly-coated_retriever,floppy,images/train/n02099429_282.jpg
n02099429_2915.jpg,n02099429_2915,train,n02099429,curly-coated_retriever,floppy,images/train/n02099429_2915.jpg
n02099429_2930.jpg,n02099429_2930,train,n02099429,curly-coated_retriever,floppy,images/train/n02099429_2930.jpg
n02099429_2936.jpg,n02099429_2936,train,n02099429,curly-coated_retriever,floppy,images/train/n02099429_2936.jpg
n02099429_3103.jpg,n02099429_3103,train,n02099429,curly-coated_retriever,floppy,images/train/n02099429_3103.jpg
n02099429_3193.jpg,n02099429_3193,train,n02099429,curly-coated_retriever,floppy,images/train/n02099429_3193.jpg
n02099429_3234.jpg,n02099429_3234,train,n02099429,curly-coated_retriever,floppy,images/train/n02099429_3234.jpg
n02099429_3253.jpg,n02099429_3253,train,n02099429,curly-coated_retriever,floppy,images/train/n02099429_3253.jpg
n02099429_3371.jpg,n02099429_3371,train,n02099429,curly-coated_retriever,floppy,images/train/n02099429_3371.jpg
n02099429_896.jpg,n02099429_896,train,n02099429,curly-coated_retriever,floppy,images/train/n02099429_896.jpg
n02099429_907.jpg,n02099429_907,train,n02099429,curly-coated_retriever,floppy,images/train/n02099429_907.jpg
n02099429_910.jpg,n02099429_910,train,n02099429,curly-coated_retriever,floppy,images/train/n02099429_910.jpg
n02099429_946.jpg,n02099429_946,train,n02099429,curly-coated_retriever,floppy,images/train/n02099429_946.jpg
n02099601_1162.jpg,n02099601_1162,train,n02099601,golden_retriever,floppy,images/train/n02099601_1162.jpg
n02099601_118.jpg,n02099601_118,train,n02099601,golden_retriever,floppy,images/train/n02099601_118.jpg
n02099601_1442.jpg,n02099601_1442,train,n02099601,golden_retriever,floppy,images/train/n02099601_1442.jpg
n02099601_1633.jpg,n02099601_1633,train,n02099601,golden_retriever,floppy,images/train/n02099601_1633.jpg
n02099601_176.jpg,n02099601_176,train,n02099601,golden_retriever,floppy,images/train/n02099601_176.jpg
n02099601_2796.jpg,n02099601_2796,train,n02099601,golden_retriever,floppy,images/train/n02099601_2796.jpg
n02099601_280.jpg,n02099601_280,train,n02099601,golden_retriever,floppy,images/train/n02099601_280.jpg
n02099601_3097.jpg,n02099601_3097,train,n02099601,golden_retriever,floppy,images/train/n02099601_3097.jpg
n02099601_3360.jpg,n02099601_3360,train,n02099601,golden_retriever,floppy,images/train/n02099601_3360.jpg
n02099601_342.jpg,n02099601_342,train,n02099601,golden_retriever,floppy,images/train/n02099601_342.jpg
n02099601_3569.jpg,n02099601_3569,train,n02099601,golden_retriever,floppy,images/train/n02099601_3569.jpg
n02099601_3666.jpg,n02099601_3666,train,n02099601,golden_retriever,floppy,images/train/n02099601_3666.jpg
n02099601_4256.jpg,n02099601_4256,train,n02099601,golden_retriever,floppy,images/train/n02099601_4256.jpg
n02099601_4651.jpg,n02099601_4651,train,n02099601,golden_retriever,floppy,images/train/n02099601_4651.jpg
n02099601_473.jpg,n02099601_473,train,n02099601,golden_retriever,floppy,images/train/n02099601_473.jpg
n02099601_5.jpg,n02099601_5,train,n02099601,golden_retriever,floppy,images/train/n02099601_5.jpg
n02099601_5051.jpg,n02099601_5051,train,n02099601,golden_retriever,floppy,images/train/n02099601_5051.jpg
n02099601_5188.jpg,n02099601_5188,train,n02099601,golden_retriever,floppy,images/train/n02099601_5188.jpg
n02099601_5366.jpg,n02099601_5366,train,n02099601,golden_retriever,floppy,images/train/n02099601_5366.jpg
n02099601_544.jpg,n02099601_544,train,n02099601,golden_retriever,floppy,images/train/n02099601_544.jpg
n02099601_5709.jpg,n02099601_5709,train,n02099601,golden_retriever,floppy,images/train/n02099601_5709.jpg
n02099601_5893.jpg,n02099601_5893,train,n02099601,golden_retriever,floppy,images/train/n02099601_5893.jpg
n02099601_6338.jpg,n02099601_6338,train,n02099601,golden_retriever,floppy,images/train/n02099601_6338.jpg
n02099601_6814.jpg,n02099601_6814,train,n02099601,golden_retriever,floppy,images/train/n02099601_6814.jpg
n02099601_6867.jpg,n02099601_6867,train,n02099601,golden_retriever,floppy,images/train/n02099601_6867.jpg
n02099601_7123.jpg,n02099601_7123,train,n02099601,golden_retriever,floppy,images/train/n02099601_7123.jpg
n02099601_7312.jpg,n02099601_7312,train,n02099601,golden_retriever,floppy,images/train/n02099601_7312.jpg
n02099601_7709.jpg,n02099601_7709,train,n02099601,golden_retriever,floppy,images/train/n02099601_7709.jpg
n02099601_7771.jpg,n02099601_7771,train,n02099601,golden_retriever,floppy,images/train/n02099601_7771.jpg
n02099601_7807.jpg,n02099601_7807,train,n02099601,golden_retriever,floppy,images/train/n02099601_7807.jpg
n02099601_816.jpg,n02099601_816,train,n02099601,golden_retriever,floppy,images/train/n02099601_816.jpg
n02099601_8181.jpg,n02099601_8181,train,n02099601,golden_retriever,floppy,images/train/n02099601_8181.jpg
n02099601_825.jpg,n02099601_825,train,n02099601,golden_retriever,floppy,images/train/n02099601_825.jpg
n02099601_831.jpg,n02099601_831,train,n02099601,golden_retriever,floppy,images/train/n02099601_831.jpg
n02099601_8429.jpg,n02099601_8429,train,n02099601,golden_retriever,floppy,images/train/n02099601_8429.jpg
n02099601_846.jpg,n02099601_846,train,n02099601,golden_retriever,floppy,images/train/n02099601_846.jpg
n02099601_9301.jpg,n02099601_9301,train,n02099601,golden_retriever,floppy,images/train/n02099601_9301.jpg
n02099601_9504.jpg,n02099601_9504,train,n02099601,golden_retriever,floppy,images/train/n02099601_9504.jpg
n02099712_2118.jpg,n02099712_2118,train,n02099712,Labrador_retriever,floppy,images/train/n02099712_2118.jpg
n02099712_2120.jpg,n02099712_2120,train,n02099712,Labrador_retriever,floppy,images/train/n02099712_2120.jpg
n02099712_2501.jpg,n02099712_2501,train,n02099712,Labrador_retriever,floppy,images/train/n02099712_2501.jpg
n02099712_311.jpg,n02099712_311,train,n02099712,Labrador_retriever,floppy,images/train/n02099712_311.jpg
n02099712_3185.jpg,n02099712_3185,train,n02099712,Labrador_retriever,floppy,images/train/n02099712_3185.jpg
n02099712_3197.jpg,n02099712_3197,train,n02099712,Labrador_retriever,floppy,images/train/n02099712_3197.jpg
n02099712_3340.jpg,n02099712_3340,train,n02099712,Labrador_retriever,floppy,images/train/n02099712_3340.jpg
n02099712_3769.jpg,n02099712_3769,train,n02099712,Labrador_retriever,floppy,images/train/n02099712_3769.jpg
n02099712_384.jpg,n02099712_384,train,n02099712,Labrador_retriever,floppy,images/train/n02099712_384.jpg
n02099712_4074.jpg,n02099712_4074,train,n02099712,Labrador_retriever,floppy,images/train/n02099712_4074.jpg
n02099712_4354.jpg,n02099712_4354,train,n02099712,Labrador_retriever,floppy,images/train/n02099712_4354.jpg
n02099712_4384.jpg,n02099712_4384,train,n02099712,Labrador_retriever,floppy,images/train/n02099712_4384.jpg
n02099712_4462.jpg,n02099712_4462,train,n02099712,Labrador_retriever,floppy,images/train/n02099712_4462.jpg
n02099712_4759.jpg,n02099712_4759,train,n02099712,Labrador_retriever,floppy,images/train/n02099712_4759.jpg
n02099712_4845.jpg,n02099712_4845,train,n02099712,Labrador_retriever,floppy,images/train/n02099712_4845.jpg
n02099712_5471.jpg,n02099712_5471,train,n02099712,Labrador_retriever,floppy,images/train/n02099712_5471.jpg
n02099712_5853.jpg,n02099712_5853,train,n02099712,Labrador_retriever,floppy,images/train/n02099712_5853.jpg
n02099712_5941.jpg,n02099712_5941,train,n02099712,Labrador_retriever,floppy,images/train/n02099712_5941.jpg
n02099712_5965.jpg,n02099712_5965,train,n02099712,Labrador_retriever,floppy,images/train/n02099712_5965.jpg
n02099712_607.jpg,n02099712_607,train,n02099712,Labrador_retriever,floppy,images/train/n02099712_607.jpg
n02099712_6079.jpg,n02099712_6079,train,n02099712,Labrador_retriever,floppy,images/train/n02099712_6079.jpg
n02099712_6232.jpg,n02099712_6232,train,n02099712,Labrador_retriever,floppy,images/train/n02099712_6232.jpg
n02099712_6664.jpg,n02099712_6664,train,n02099712,Labrador_retriever,floppy,images/train/n02099712_6664.jpg
n02099712_7937.jpg,n02099712_7937,train,n02099712,Labrador_retriever,floppy,images/train/n02099712_7937.jpg
n02099712_7963.jpg,n02099712_7963,train,n02099712,Labrador_retriever,floppy,images/train/n02099712_7963.jpg
n02099712_9373.jpg,n02099712_9373,train,n02099712,Labrador_retriever,floppy,images/train/n02099712_9373.jpg
n02099849_1050.jpg,n02099849_1050,train,n02099849,Chesapeake_Bay_retriever,floppy,images/train/n02099849_1050.jpg
n02099849_1068.jpg,n02099849_1068,train,n02099849,Chesapeake_Bay_retriever,floppy,images/train/n02099849_1068.jpg
n02099849_1215.jpg,n02099849_1215,train,n02099849,Chesapeake_Bay_retriever,floppy,images/train/n02099849_1215.jpg
n02099849_1449.jpg,n02099849_1449,train,n02099849,Chesapeake_Bay_retriever,floppy,images/train/n02099849_1449.jpg
n02099849_1523.jpg,n02099849_1523,train,n02099849,Chesapeake_Bay_retriever,floppy,images/train/n02099849_1523.jpg
n02099849_1728.jpg,n02099849_1728,train,n02099849,Chesapeake_Bay_retriever,floppy,images/train/n02099849_1728.jpg
n02099849_1830.jpg,n02099849_1830,train,n02099849,Chesapeake_Bay_retriever,floppy,images/train/n02099849_1830.jpg
n02099849_1837.jpg,n02099849_1837,train,n02099849,Chesapeake_Bay_retriever,floppy,images/train/n02099849_1837.jpg
n02099849_193.jpg,n02099849_193,train,n02099849,Chesapeake_Bay_retriever,floppy,images/train/n02099849_193.jpg
n02099849_2092.jpg,n02099849_2092,train,n02099849,Chesapeake_Bay_retriever,floppy,images/train/n02099849_2092.jpg
n02099849_2133.jpg,n02099849_2133,train,n02099849,Chesapeake_Bay_retriever,floppy,images/train/n02099849_2133.jpg
n02099849_2153.jpg,n02099849_2153,train,n02099849,Chesapeake_Bay_retriever,floppy,images/train/n02099849_2153.jpg
n02099849_2612.jpg,n02099849_2612,train,n02099849,Chesapeake_Bay_retriever,floppy,images/train/n02099849_2612.jpg
n02099849_2847.jpg,n02099849_2847,train,n02099849,Chesapeake_Bay_retriever,floppy,images/train/n02099849_2847.jpg
n02099849_2935.jpg,n02099849_2935,train,n02099849,Chesapeake_Bay_retriever,floppy,images/train/n02099849_2935.jpg
n02099849_2944.jpg,n02099849_2944,train,n02099849,Chesapeake_Bay_retriever,floppy,images/train/n02099849_2944.jpg
n02099849_2965.jpg,n02099849_2965,train,n02099849,Chesapeake_Bay_retriever,floppy,images/train/n02099849_2965.jpg
n02099849_3149.jpg,n02099849_3149,train,n02099849,Chesapeake_Bay_retriever,floppy,images/train/n02099849_3149.jpg
n02099849_3220.jpg,n02099849_3220,train,n02099849,Chesapeake_Bay_retriever,floppy,images/train/n02099849_3220.jpg
n02099849_410.jpg,n02099849_410,train,n02099849,Chesapeake_Bay_retriever,floppy,images/train/n02099849_410.jpg
n02099849_415.jpg,n02099849_415,train,n02099849,Chesapeake_Bay_retriever,floppy,images/train/n02099849_415.jpg
n02099849_4310.jpg,n02099849_4310,train,n02099849,Chesapeake_Bay_retriever,floppy,images/train/n02099849_4310.jpg
n02099849_4413.jpg,n02099849_4413,train,n02099849,Chesapeake_Bay_retriever,floppy,images/train/n02099849_4413.jpg
n02099849_4419.jpg,n02099849_4419,train,n02099849,Chesapeake_Bay_retriever,floppy,images/train/n02099849_4419.jpg
n02099849_4646.jpg,n02099849_4646,train,n02099849,Chesapeake_Bay_retriever,floppy,images/train/n02099849_4646.jpg
n02099849_513.jpg,n02099849_513,train,n02099849,Chesapeake_Bay_retriever,floppy,images/train/n02099849_513.jpg
n02099849_544.jpg,n02099849_544,train,n02099849,Chesapeake_Bay_retriever,floppy,images/train/n02099849_544.jpg
n02100236_1054.jpg,n02100236_1054,train,n02100236,German_short-haired_pointer,floppy,images/train/n02100236_1054.jpg
n02100236_111.jpg,n02100236_111,train,n02100236,German_short-haired_pointer,floppy,images/train/n02100236_111.jpg
n02100236_1245.jpg,n02100236_1245,train,n02100236,German_short-haired_pointer,floppy,images/train/n02100236_1245.jpg
n02100236_1329.jpg,n02100236_1329,train,n02100236,German_short-haired_pointer,floppy,images/train/n02100236_1329.jpg
n02100236_1529.jpg,n02100236_1529,train,n02100236,German_short-haired_pointer,floppy,images/train/n02100236_1529.jpg
n02100236_1673.jpg,n02100236_1673,train,n02100236,German_short-haired_pointer,floppy,images/train/n02100236_1673.jpg
n02100236_1838.jpg,n02100236_1838,train,n02100236,German_short-haired_pointer,floppy,images/train/n02100236_1838.jpg
n02100236_1941.jpg,n02100236_1941,train,n02100236,German_short-haired_pointer,floppy,images/train/n02100236_1941.jpg
n02100236_2132.jpg,n02100236_2132,train,n02100236,German_short-haired_pointer,floppy,images/train/n02100236_2132.jpg
n02100236_239.jpg,n02100236_239,train,n02100236,German_short-haired_pointer,floppy,images/train/n02100236_239.jpg
n02100236_2569.jpg,n02100236_2569,train,n02100236,German_short-haired_pointer,floppy,images/train/n02100236_2569.jpg
n02100236_2807.jpg,n02100236_2807,train,n02100236,German_short-haired_pointer,floppy,images/train/n02100236_2807.jpg
n02100236_2854.jpg,n02100236_2854,train,n02100236,German_short-haired_pointer,floppy,images/train/n02100236_2854.jpg
n02100236_295.jpg,n02100236_295,train,n02100236,German_short-haired_pointer,floppy,images/train/n02100236_295.jpg
n02100236_3134.jpg,n02100236_3134,train,n02100236,German_short-haired_pointer,floppy,images/train/n02100236_3134.jpg
n02100236_334.jpg,n02100236_334,train,n02100236,German_short-haired_pointer,floppy,images/train/n02100236_334.jpg
n02100236_3629.jpg,n02100236_3629,train,n02100236,German_short-haired_pointer,floppy,images/train/n02100236_3629.jpg
n02100236_3677.jpg,n02100236_3677,train,n02100236,German_short-haired_pointer,floppy,images/train/n02100236_3677.jpg
n02100236_3782.jpg,n02100236_3782,train,n02100236,German_short-haired_pointer,floppy,images/train/n02100236_3782.jpg
n02100236_3877.jpg,n02100236_3877,train,n02100236,German_short-haired_pointer,floppy,images/train/n02100236_3877.jpg
n02100236_3934.jpg,n02100236_3934,train,n02100236,German_short-haired_pointer,floppy,images/train/n02100236_3934.jpg
n02100236_396.jpg,n02100236_396,train,n02100236,German_short-haired_pointer,floppy,images/train/n02100236_396.jpg
n02100236_4181.jpg,n02100236_4181,train,n02100236,German_short-haired_pointer,floppy,images/train/n02100236_4181.jpg
n02100236_44.jpg,n02100236_44,train,n02100236,German_short-haired_pointer,floppy,images/train/n02100236_44.jpg
n02100236_4657.jpg,n02100236_4657,train,n02100236,German_short-haired_pointer,floppy,images/train/n02100236_4657.jpg
n02100236_486.jpg,n02100236_486,train,n02100236,German_short-haired_pointer,floppy,images/train/n02100236_486.jpg
n02100236_5141.jpg,n02100236_5141,train,n02100236,German_short-haired_pointer,floppy,images/train/n02100236_5141.jpg
n02100236_5956.jpg,n02100236_5956,train,n02100236,German_short-haired_pointer,floppy,images/train/n02100236_5956.jpg
n02100236_686.jpg,n02100236_686,train,n02100236,German_short-haired_pointer,floppy,images/train/n02100236_686.jpg
n02100236_689.jpg,n02100236_689,train,n02100236,German_short-haired_pointer,floppy,images/train/n02100236_689.jpg
n02100236_873.jpg,n02100236_873,train,n02100236,German_short-haired_pointer,floppy,images/train/n02100236_873.jpg
n02100583_10721.jpg,n02100583_10721,train,n02100583,vizsla,floppy,images/train/n02100583_10721.jpg
n02100583_10787.jpg,n02100583_10787,train,n02100583,vizsla,floppy,images/train/n02100583_10787.jpg
n02100583_11163.jpg,n02100583_11163,train,n02100583,vizsla,floppy,images/train/n02100583_11163.jpg
n02100583_11553.jpg,n02100583_11553,train,n02100583,vizsla,floppy,images/train/n02100583_11553.jpg
n02100583_11665.jpg,n02100583_11665,train,n02100583,vizsla,floppy,images/train/n02100583_11665.jpg
n02100583_12240.jpg,n02100583_12240,train,n02100583,vizsla,floppy,images/train/n02100583_12240.jpg
n02100583_12468.jpg,n02100583_12468,train,n02100583,vizsla,floppy,images/train/n02100583_12468.jpg
n02100583_12904.jpg,n02100583_12904,train,n02100583,vizsla,floppy,images/train/n02100583_12904.jpg
n02100583_13008.jpg,n02100583_13008,train,n02100583,vizsla,floppy,images/train/n02100583_13008.jpg
n02100583_13292.jpg,n02100583_13292,train,n02100583,vizsla,floppy,images/train/n02100583_13292.jpg
n02100583_13353.jpg,n02100583_13353,train,n02100583,vizsla,floppy,images/train/n02100583_13353.jpg
n02100583_13642.jpg,n02100583_13642,train,n02100583,vizsla,floppy,images/train/n02100583_13642.jpg
n02100583_14018.jpg,n02100583_14018,train,n02100583,vizsla,floppy,images/train/n02100583_14018.jpg
n02100583_14231.jpg,n02100583_14231,train,n02100583,vizsla,floppy,images/train/n02100583_14231.jpg
n02100583_14263.jpg,n02100583_14263,train,n02100583,vizsla,floppy,images/train/n02100583_14263.jpg
n02100583_1560.jpg,n02100583_1560,train,n02100583,vizsla,floppy,images/train/n02100583_1560.jpg
n02100583_1908.jpg,n02100583_1908,train,n02100583,vizsla,floppy,images/train/n02100583_1908.jpg
n02100583_2707.jpg,n02100583_2707,train,n02100583,vizsla,floppy,images/train/n02100583_2707.jpg
n02100583_2744.jpg,n02100583_2744,train,n02100583,vizsla,floppy,images/train/n02100583_2744.jpg
n02100583_2797.jpg,n02100583_2797,train,n02100583,vizsla,floppy,images/train/n02100583_2797.jpg
n02100583_2985.jpg,n02100583_2985,train,n02100583,vizsla,floppy,images/train/n02100583_2985.jpg
n02100583_3274.jpg,n02100583_3274,train,n02100583,vizsla,floppy,images/train/n02100583_3274.jpg
n02100583_3383.jpg,n02100583_3383,train,n02100583,vizsla,floppy,images/train/n02100583_3383.jpg
n02100583_3748.jpg,n02100583_3748,train,n02100583,vizsla,floppy,images/train/n02100583_3748.jpg
n02100583_3987.jpg,n02100583_3987,train,n02100583,vizsla,floppy,images/train/n02100583_3987.jpg
n02100583_4228.jpg,n02100583_4228,train,n02100583,vizsla,floppy,images/train/n02100583_4228.jpg
n02100583_4670.jpg,n02100583_4670,train,n02100583,vizsla,floppy,images/train/n02100583_4670.jpg
n02100583_5028.jpg,n02100583_5028,train,n02100583,vizsla,floppy,images/train/n02100583_5028.jpg
n02100583_6040.jpg,n02100583_6040,train,n02100583,vizsla,floppy,images/train/n02100583_6040.jpg
n02100583_66.jpg,n02100583_66,train,n02100583,vizsla,floppy,images/train/n02100583_66.jpg
n02100583_7122.jpg,n02100583_7122,train,n02100583,vizsla,floppy,images/train/n02100583_7122.jpg
n02100583_7239.jpg,n02100583_7239,train,n02100583,vizsla,floppy,images/train/n02100583_7239.jpg
n02100583_9522.jpg,n02100583_9522,train,n02100583,vizsla,floppy,images/train/n02100583_9522.jpg
n02100583_9922.jpg,n02100583_9922,train,n02100583,vizsla,floppy,images/train/n02100583_9922.jpg
n02100583_9933.jpg,n02100583_9933,train,n02100583,vizsla,floppy,images/train/n02100583_9933.jpg
n02100583_9960.jpg,n02100583_9960,train,n02100583,vizsla,floppy,images/train/n02100583_9960.jpg
n02100583_9969.jpg,n02100583_9969,train,n02100583,vizsla,floppy,images/train/n02100583_9969.jpg
n02100735_10030.jpg,n02100735_10030,train,n02100735,English_setter,floppy,images/train/n02100735_10030.jpg
n02100735_10064.jpg,n02100735_10064,train,n02100735,English_setter,floppy,images/train/n02100735_10064.jpg
n02100735_10086.jpg,n02100735_10086,train,n02100735,English_setter,floppy,images/train/n02100735_10086.jpg
n02100735_10188.jpg,n02100735_10188,train,n02100735,English_setter,floppy,images/train/n02100735_10188.jpg
n02100735_10201.jpg,n02100735_10201,train,n02100735,English_setter,floppy,images/train/n02100735_10201.jpg
n02100735_1103.jpg,n02100735_1103,train,n02100735,English_setter,floppy,images/train/n02100735_1103.jpg
n02100735_1534.jpg,n02100735_1534,train,n02100735,English_setter,floppy,images/train/n02100735_1534.jpg
n02100735_2065.jpg,n02100735_2065,train,n02100735,English_setter,floppy,images/train/n02100735_2065.jpg
n02100735_216.jpg,n02100735_216,train,n02100735,English_setter,floppy,images/train/n02100735_216.jpg
n02100735_2684.jpg,n02100735_2684,train,n02100735,English_setter,floppy,images/train/n02100735_2684.jpg
n02100735_2851.jpg,n02100735_2851,train,n02100735,English_setter,floppy,images/train/n02100735_2851.jpg
n02100735_3709.jpg,n02100735_3709,train,n02100735,English_setter,floppy,images/train/n02100735_3709.jpg
n02100735_3899.jpg,n02100735_3899,train,n02100735,English_setter,floppy,images/train/n02100735_3899.jpg
n02100735_3942.jpg,n02100735_3942,train,n02100735,English_setter,floppy,images/train/n02100735_3942.jpg
n02100735_3998.jpg,n02100735_3998,train,n02100735,English_setter,floppy,images/train/n02100735_3998.jpg
n02100735_4706.jpg,n02100735_4706,train,n02100735,English_setter,floppy,images/train/n02100735_4706.jpg
n02100735_4857.jpg,n02100735_4857,train,n02100735,English_setter,floppy,images/train/n02100735_4857.jpg
n02100735_634.jpg,n02100735_634,train,n02100735,English_setter,floppy,images/train/n02100735_634.jpg
n02100735_6665.jpg,n02100735_6665,train,n02100735,English_setter,floppy,images/train/n02100735_6665.jpg
n02100735_6848.jpg,n02100735_6848,train,n02100735,English_setter,floppy,images/train/n02100735_6848.jpg
n02100735_7075.jpg,n02100735_7075,train,n02100735,English_setter,floppy,images/train/n02100735_7075.jpg
n02100735_7078.jpg,n02100735_7078,train,n02100735,English_setter,floppy,images/train/n02100735_7078.jpg
n02100735_748.jpg,n02100735_748,train,n02100735,English_setter,floppy,images/train/n02100735_748.jpg
n02100735_7679.jpg,n02100735_7679,train,n02100735,English_setter,floppy,images/train/n02100735_7679.jpg
n02100735_7863.jpg,n02100735_7863,train,n02100735,English_setter,floppy,images/train/n02100735_7863.jpg
n02100735_7874.jpg,n02100735_7874,train,n02100735,English_setter,floppy,images/train/n02100735_7874.jpg
n02100735_8272.jpg,n02100735_8272,train,n02100735,English_setter,floppy,images/train/n02100735_8272.jpg
n02100735_8318.jpg,n02100735_8318,train,n02100735,English_setter,floppy,images/train/n02100735_8318.jpg
n02100735_8515.jpg,n02100735_8515,train,n02100735,English_setter,floppy,images/train/n02100735_8515.jpg
n02100735_8658.jpg,n02100735_8658,train,n02100735,English_setter,floppy,images/train/n02100735_8658.jpg
n02100735_920.jpg,n02100735_920,train,n02100735,English_setter,floppy,images/train/n02100735_920.jpg
n02100735_9939.jpg,n02100735_9939,train,n02100735,English_setter,floppy,images/train/n02100735_9939.jpg
n02100735_9979.jpg,n02100735_9979,train,n02100735,English_setter,floppy,images/train/n02100735_9979.jpg
n02100877_1020.jpg,n02100877_1020,train,n02100877,Irish_setter,floppy,images/train/n02100877_1020.jpg
n02100877_172.jpg,n02100877_172,train,n02100877,Irish_setter,floppy,images/train/n02100877_172.jpg
n02100877_1803.jpg,n02100877_1803,train,n02100877,Irish_setter,floppy,images/train/n02100877_1803.jpg
n02100877_1913.jpg,n02100877_1913,train,n02100877,Irish_setter,floppy,images/train/n02100877_1913.jpg
n02100877_2199.jpg,n02100877_2199,train,n02100877,Irish_setter,floppy,images/train/n02100877_2199.jpg
n02100877_2599.jpg,n02100877_2599,train,n02100877,Irish_setter,floppy,images/train/n02100877_2599.jpg
n02100877_3006.jpg,n02100877_3006,train,n02100877,Irish_setter,floppy,images/train/n02100877_3006.jpg
n02100877_306.jpg,n02100877_306,train,n02100877,Irish_setter,floppy,images/train/n02100877_306.jpg
n02100877_3141.jpg,n02100877_3141,train,n02100877,Irish_setter,floppy,images/train/n02100877_3141.jpg
n02100877_3936.jpg,n02100877_3936,train,n02100877,Irish_setter,floppy,images/train/n02100877_3936.jpg
n02100877_4852.jpg,n02100877_4852,train,n02100877,Irish_setter,floppy,images/train/n02100877_4852.jpg
n02100877_5184.jpg,n02100877_5184,train,n02100877,Irish_setter,floppy,images/train/n02100877_5184.jpg
n02100877_5799.jpg,n02100877_5799,train,n02100877,Irish_setter,floppy,images/train/n02100877_5799.jpg
n02100877_6375.jpg,n02100877_6375,train,n02100877,Irish_setter,floppy,images/train/n02100877_6375.jpg
n02100877_648.jpg,n02100877_648,train,n02100877,Irish_setter,floppy,images/train/n02100877_648.jpg
n02100877_6642.jpg,n02100877_6642,train,n02100877,Irish_setter,floppy,images/train/n02100877_6642.jpg
n02100877_8507.jpg,n02100877_8507,train,n02100877,Irish_setter,floppy,images/train/n02100877_8507.jpg
n02101006_1126.jpg,n02101006_1126,train,n02101006,Gordon_setter,floppy,images/train/n02101006_1126.jpg
n02101006_1202.jpg,n02101006_1202,train,n02101006,Gordon_setter,floppy,images/train/n02101006_1202.jpg
n02101006_1249.jpg,n02101006_1249,train,n02101006,Gordon_setter,floppy,images/train/n02101006_1249.jpg
n02101006_1435.jpg,n02101006_1435,train,n02101006,Gordon_setter,floppy,images/train/n02101006_1435.jpg
n02101006_1551.jpg,n02101006_1551,train,n02101006,Gordon_setter,floppy,images/train/n02101006_1551.jpg
n02101006_1637.jpg,n02101006_1637,train,n02101006,Gordon_setter,floppy,images/train/n02101006_1637.jpg
n02101006_1660.jpg,n02101006_1660,train,n02101006,Gordon_setter,floppy,images/train/n02101006_1660.jpg
n02101006_1678.jpg,n02101006_1678,train,n02101006,Gordon_setter,floppy,images/train/n02101006_1678.jpg
n02101006_1934.jpg,n02101006_1934,train,n02101006,Gordon_setter,floppy,images/train/n02101006_1934.jpg
n02101006_2113.jpg,n02101006_2113,train,n02101006,Gordon_setter,floppy,images/train/n02101006_2113.jpg
n02101006_2613.jpg,n02101006_2613,train,n02101006,Gordon_setter,floppy,images/train/n02101006_2613.jpg
n02101006_2742.jpg,n02101006_2742,train,n02101006,Gordon_setter,floppy,images/train/n02101006_2742.jpg
n02101006_3467.jpg,n02101006_3467,train,n02101006,Gordon_setter,floppy,images/train/n02101006_3467.jpg
n02101006_3748.jpg,n02101006_3748,train,n02101006,Gordon_setter,floppy,images/train/n02101006_3748.jpg
n02101006_4341.jpg,n02101006_4341,train,n02101006,Gordon_setter,floppy,images/train/n02101006_4341.jpg
n02101006_615.jpg,n02101006_615,train,n02101006,Gordon_setter,floppy,images/train/n02101006_615.jpg
n02101006_6152.jpg,n02101006_6152,train,n02101006,Gordon_setter,floppy,images/train/n02101006_6152.jpg
n02101006_714.jpg,n02101006_714,train,n02101006,Gordon_setter,floppy,images/train/n02101006_714.jpg
n02101006_8271.jpg,n02101006_8271,train,n02101006,Gordon_setter,floppy,images/train/n02101006_8271.jpg
n02101006_922.jpg,n02101006_922,train,n02101006,Gordon_setter,floppy,images/train/n02101006_922.jpg
n02101388_10527.jpg,n02101388_10527,train,n02101388,Brittany_spaniel,floppy,images/train/n02101388_10527.jpg
n02101388_1060.jpg,n02101388_1060,train,n02101388,Brittany_spaniel,floppy,images/train/n02101388_1060.jpg
n02101388_1249.jpg,n02101388_1249,train,n02101388,Brittany_spaniel,floppy,images/train/n02101388_1249.jpg
n02101388_1517.jpg,n02101388_1517,train,n02101388,Brittany_spaniel,floppy,images/train/n02101388_1517.jpg
n02101388_1524.jpg,n02101388_1524,train,n02101388,Brittany_spaniel,floppy,images/train/n02101388_1524.jpg
n02101388_2159.jpg,n02101388_2159,train,n02101388,Brittany_spaniel,floppy,images/train/n02101388_2159.jpg
n02101388_2171.jpg,n02101388_2171,train,n02101388,Brittany_spaniel,floppy,images/train/n02101388_2171.jpg
n02101388_2565.jpg,n02101388_2565,train,n02101388,Brittany_spaniel,floppy,images/train/n02101388_2565.jpg
n02101388_2597.jpg,n02101388_2597,train,n02101388,Brittany_spaniel,floppy,images/train/n02101388_2597.jpg
n02101388_2833.jpg,n02101388_2833,train,n02101388,Brittany_spaniel,floppy,images/train/n02101388_2833.jpg
n02101388_2862.jpg,n02101388_2862,train,n02101388,Brittany_spaniel,floppy,images/train/n02101388_2862.jpg
n02101388_2889.jpg,n02101388_2889,train,n02101388,Brittany_spaniel,floppy,images/train/n02101388_2889.jpg
n02101388_3195.jpg,n02101388_3195,train,n02101388,Brittany_spaniel,floppy,images/train/n02101388_3195.jpg
n02101388_3344.jpg,n02101388_3344,train,n02101388,Brittany_spaniel,floppy,images/train/n02101388_3344.jpg
n02101388_3518.jpg,n02101388_3518,train,n02101388,Brittany_spaniel,floppy,images/train/n02101388_3518.jpg
n02101388_4038.jpg,n02101388_4038,train,n02101388,Brittany_spaniel,floppy,images/train/n02101388_4038.jpg
n02101388_4110.jpg,n02101388_4110,train,n02101388,Brittany_spaniel,floppy,images/train/n02101388_4110.jpg
n02101388_4737.jpg,n02101388_4737,train,n02101388,Brittany_spaniel,floppy,images/train/n02101388_4737.jpg
n02101388_5541.jpg,n02101388_5541,train,n02101388,Brittany_spaniel,floppy,images/train/n02101388_5541.jpg
n02101388_5625.jpg,n02101388_5625,train,n02101388,Brittany_spaniel,floppy,images/train/n02101388_5625.jpg
n02101388_6143.jpg,n02101388_6143,train,n02101388,Brittany_spaniel,floppy,images/train/n02101388_6143.jpg
n02101388_6153.jpg,n02101388_6153,train,n02101388,Brittany_spaniel,floppy,images/train/n02101388_6153.jpg
n02101388_7275.jpg,n02101388_7275,train,n02101388,Brittany_spaniel,floppy,images/train/n02101388_7275.jpg
n02101388_9127.jpg,n02101388_9127,train,n02101388,Brittany_spaniel,floppy,images/train/n02101388_9127.jpg
n02101388_9585.jpg,n02101388_9585,train,n02101388,Brittany_spaniel,floppy,images/train/n02101388_9585.jpg
n02101388_9593.jpg,n02101388_9593,train,n02101388,Brittany_spaniel,floppy,images/train/n02101388_9593.jpg
n02101388_9597.jpg,n02101388_9597,train,n02101388,Brittany_spaniel,floppy,images/train/n02101388_9597.jpg
n02101388_96.jpg,n02101388_96,train,n02101388,Brittany_spaniel,floppy,images/train/n02101388_96.jpg
n02101556_2002.jpg,n02101556_2002,train,n02101556,clumber,floppy,images/train/n02101556_2002.jpg
n02101556_2517.jpg,n02101556_2517,train,n02101556,clumber,floppy,images/train/n02101556_2517.jpg
n02101556_2566.jpg,n02101556_2566,train,n02101556,clumber,floppy,images/train/n02101556_2566.jpg
n02101556_2642.jpg,n02101556_2642,train,n02101556,clumber,floppy,images/train/n02101556_2642.jpg
n02101556_2668.jpg,n02101556_2668,train,n02101556,clumber,floppy,images/train/n02101556_2668.jpg
n02101556_2715.jpg,n02101556_2715,train,n02101556,clumber,floppy,images/train/n02101556_2715.jpg
n02101556_2918.jpg,n02101556_2918,train,n02101556,clumber,floppy,images/train/n02101556_2918.jpg
n02101556_2928.jpg,n02101556_2928,train,n02101556,clumber,floppy,images/train/n02101556_2928.jpg
n02101556_3100.jpg,n02101556_3100,train,n02101556,clumber,floppy,images/train/n02101556_3100.jpg
n02101556_3204.jpg,n02101556_3204,train,n02101556,clumber,floppy,images/train/n02101556_3204.jpg
n02101556_3690.jpg,n02101556_3690,train,n02101556,clumber,floppy,images/train/n02101556_3690.jpg
n02101556_3899.jpg,n02101556_3899,train,n02101556,clumber,floppy,images/train/n02101556_3899.jpg
n02101556_3909.jpg,n02101556_3909,train,n02101556,clumber,floppy,images/train/n02101556_3909.jpg
n02101556_438.jpg,n02101556_438,train,n02101556,clumber,floppy,images/train/n02101556_438.jpg
n02101556_4499.jpg,n02101556_4499,train,n02101556,clumber,floppy,images/train/n02101556_4499.jpg
n02101556_4514.jpg,n02101556_4514,train,n02101556,clumber,floppy,images/train/n02101556_4514.jpg
n02101556_47.jpg,n02101556_47,train,n02101556,clumber,floppy,images/train/n02101556_47.jpg
n02101556_4826.jpg,n02101556_4826,train,n02101556,clumber,floppy,images/train/n02101556_4826.jpg
n02101556_5195.jpg,n02101556_5195,train,n02101556,clumber,floppy,images/train/n02101556_5195.jpg
n02101556_5449.jpg,n02101556_5449,train,n02101556,clumber,floppy,images/train/n02101556_5449.jpg
n02101556_5603.jpg,n02101556_5603,train,n02101556,clumber,floppy,images/train/n02101556_5603.jpg
n02101556_5940.jpg,n02101556_5940,train,n02101556,clumber,floppy,images/train/n02101556_5940.jpg
n02101556_6037.jpg,n02101556_6037,train,n02101556,clumber,floppy,images/train/n02101556_6037.jpg
n02101556_6170.jpg,n02101556_6170,train,n02101556,clumber,floppy,images/train/n02101556_6170.jpg
n02101556_6228.jpg,n02101556_6228,train,n02101556,clumber,floppy,images/train/n02101556_6228.jpg
n02101556_6573.jpg,n02101556_6573,train,n02101556,clumber,floppy,images/train/n02101556_6573.jpg
n02101556_6883.jpg,n02101556_6883,train,n02101556,clumber,floppy,images/train/n02101556_6883.jpg
n02101556_6983.jpg,n02101556_6983,train,n02101556,clumber,floppy,images/train/n02101556_6983.jpg
n02101556_7078.jpg,n02101556_7078,train,n02101556,clumber,floppy,images/train/n02101556_7078.jpg
n02101556_7351.jpg,n02101556_7351,train,n02101556,clumber,floppy,images/train/n02101556_7351.jpg
n02101556_7440.jpg,n02101556_7440,train,n02101556,clumber,floppy,images/train/n02101556_7440.jpg
n02101556_7528.jpg,n02101556_7528,train,n02101556,clumber,floppy,images/train/n02101556_7528.jpg
n02101556_7605.jpg,n02101556_7605,train,n02101556,clumber,floppy,images/train/n02101556_7605.jpg
n02101556_7617.jpg,n02101556_7617,train,n02101556,clumber,floppy,images/train/n02101556_7617.jpg
n02101556_7677.jpg,n02101556_7677,train,n02101556,clumber,floppy,images/train/n02101556_7677.jpg
n02101556_8093.jpg,n02101556_8093,train,n02101556,clumber,floppy,images/train/n02101556_8093.jpg
n02101556_8168.jpg,n02101556_8168,train,n02101556,clumber,floppy,images/train/n02101556_8168.jpg
n02101556_8243.jpg,n02101556_8243,train,n02101556,clumber,floppy,images/train/n02101556_8243.jpg
n02102040_113.jpg,n02102040_113,train,n02102040,English_springer,floppy,images/train/n02102040_113.jpg
n02102040_1157.jpg,n02102040_1157,train,n02102040,English_springer,floppy,images/train/n02102040_1157.jpg
n02102040_1201.jpg,n02102040_1201,train,n02102040,English_springer,floppy,images/train/n02102040_1201.jpg
n02102040_1495.jpg,n02102040_1495,train,n02102040,English_springer,floppy,images/train/n02102040_1495.jpg
n02102040_1674.jpg,n02102040_1674,train,n02102040,English_springer,floppy,images/train/n02102040_1674.jpg
n02102040_1719.jpg,n02102040_1719,train,n02102040,English_springer,floppy,images/train/n02102040_1719.jpg
n02102040_2163.jpg,n02102040_2163,train,n02102040,English_springer,floppy,images/train/n02102040_2163.jpg
n02102040_228.jpg,n02102040_228,train,n02102040,English_springer,floppy,images/train/n02102040_228.jpg
n02102040_265.jpg,n02102040_265,train,n02102040,English_springer,floppy,images/train/n02102040_265.jpg
n02102040_3006.jpg,n02102040_3006,train,n02102040,English_springer,floppy,images/train/n02102040_3006.jpg
n02102040_3096.jpg,n02102040_3096,train,n02102040,English_springer,floppy,images/train/n02102040_3096.jpg
n02102040_312.jpg,n02102040_312,train,n02102040,English_springer,floppy,images/train/n02102040_312.jpg
n02102040_3371.jpg,n02102040_3371,train,n02102040,English_springer,floppy,images/train/n02102040_3371.jpg
n02102040_350.jpg,n02102040_350,train,n02102040,English_springer,floppy,images/train/n02102040_350.jpg
n02102040_3562.jpg,n02102040_3562,train,n02102040,English_springer,floppy,images/train/n02102040_3562.jpg
n02102040_3640.jpg,n02102040_3640,train,n02102040,English_springer,floppy,images/train/n02102040_3640.jpg
n02102040_3668.jpg,n02102040_3668,train,n02102040,English_springer,floppy,images/train/n02102040_3668.jpg
n02102040_3767.jpg,n02102040_3767,train,n02102040,English_springer,floppy,images/train/n02102040_3767.jpg
n02102040_3950.jpg,n02102040_3950,train,n02102040,English_springer,floppy,images/train/n02102040_3950.jpg
n02102040_403.jpg,n02102040_403,train,n02102040,English_springer,floppy,images/train/n02102040_403.jpg
n02102040_4037.jpg,n02102040_4037,train,n02102040,English_springer,floppy,images/train/n02102040_4037.jpg
n02102040_4250.jpg,n02102040_4250,train,n02102040,English_springer,floppy,images/train/n02102040_4250.jpg
n02102040_5429.jpg,n02102040_5429,train,n02102040,English_springer,floppy,images/train/n02102040_5429.jpg
n02102040_5604.jpg,n02102040_5604,train,n02102040,English_springer,floppy,images/train/n02102040_5604.jpg
n02102040_6313.jpg,n02102040_6313,train,n02102040,English_springer,floppy,images/train/n02102040_6313.jpg
n02102040_6622.jpg,n02102040_6622,train,n02102040,English_springer,floppy,images/train/n02102040_6622.jpg
n02102040_682.jpg,n02102040_682,train,n02102040,English_springer,floppy,images/train/n02102040_682.jpg
n02102040_6843.jpg,n02102040_6843,train,n02102040,English_springer,floppy,images/train/n02102040_6843.jpg
n02102040_690.jpg,n02102040_690,train,n02102040,English_springer,floppy,images/train/n02102040_690.jpg
n02102040_7262.jpg,n02102040_7262,train,n02102040,English_springer,floppy,images/train/n02102040_7262.jpg
n02102040_742.jpg,n02102040_742,train,n02102040,English_springer,floppy,images/train/n02102040_742.jpg
n02102040_763.jpg,n02102040_763,train,n02102040,English_springer,floppy,images/train/n02102040_763.jpg
n02102040_7886.jpg,n02102040_7886,train,n02102040,English_springer,floppy,images/train/n02102040_7886.jpg
n02102040_7895.jpg,n02102040_7895,train,n02102040,English_springer,floppy,images/train/n02102040_7895.jpg
n02102040_825.jpg,n02102040_825,train,n02102040,English_springer,floppy,images/train/n02102040_825.jpg
n02102177_1022.jpg,n02102177_1022,train,n02102177,Welsh_springer_spaniel,floppy,images/train/n02102177_1022.jpg
n02102177_108.jpg,n02102177_108,train,n02102177,Welsh_springer_spaniel,floppy,images/train/n02102177_108.jpg
n02102177_1241.jpg,n02102177_1241,train,n02102177,Welsh_springer_spaniel,floppy,images/train/n02102177_1241.jpg
n02102177_1361.jpg,n02102177_1361,train,n02102177,Welsh_springer_spaniel,floppy,images/train/n02102177_1361.jpg
n02102177_1472.jpg,n02102177_1472,train,n02102177,Welsh_springer_spaniel,floppy,images/train/n02102177_1472.jpg
n02102177_1520.jpg,n02102177_1520,train,n02102177,Welsh_springer_spaniel,floppy,images/train/n02102177_1520.jpg
n02102177_1567.jpg,n02102177_1567,train,n02102177,Welsh_springer_spaniel,floppy,images/train/n02102177_1567.jpg
n02102177_1760.jpg,n02102177_1760,train,n02102177,Welsh_springer_spaniel,floppy,images/train/n02102177_1760.jpg
n02102177_1874.jpg,n02102177_1874,train,n02102177,Welsh_springer_spaniel,floppy,images/train/n02102177_1874.jpg
n02102177_2001.jpg,n02102177_2001,train,n02102177,Welsh_springer_spaniel,floppy,images/train/n02102177_2001.jpg
n02102177_2056.jpg,n02102177_2056,train,n02102177,Welsh_springer_spaniel,floppy,images/train/n02102177_2056.jpg
n02102177_2365.jpg,n02102177_2365,train,n02102177,Welsh_springer_spaniel,floppy,images/train/n02102177_2365.jpg
n02102177_2532.jpg,n02102177_2532,train,n02102177,Welsh_springer_spaniel,floppy,images/train/n02102177_2532.jpg
n02102177_2631.jpg,n02102177_2631,train,n02102177,Welsh_springer_spaniel,floppy,images/train/n02102177_2631.jpg
n02102177_2737.jpg,n02102177_2737,train,n02102177,Welsh_springer_spaniel,floppy,images/train/n02102177_2737.jpg
n02102177_30.jpg,n02102177_30,train,n02102177,Welsh_springer_spaniel,floppy,images/train/n02102177_30.jpg
n02102177_3142.jpg,n02102177_3142,train,n02102177,Welsh_springer_spaniel,floppy,images/train/n02102177_3142.jpg
n02102177_3524.jpg,n02102177_3524,train,n02102177,Welsh_springer_spaniel,floppy,images/train/n02102177_3524.jpg
n02102177_3603.jpg,n02102177_3603,train,n02102177,Welsh_springer_spaniel,floppy,images/train/n02102177_3603.jpg
n02102177_3995.jpg,n02102177_3995,train,n02102177,Welsh_springer_spaniel,floppy,images/train/n02102177_3995.jpg
n02102177_4024.jpg,n02102177_4024,train,n02102177,Welsh_springer_spaniel,floppy,images/train/n02102177_4024.jpg
n02102177_4211.jpg,n02102177_4211,train,n02102177,Welsh_springer_spaniel,floppy,images/train/n02102177_4211.jpg
n02102177_4294.jpg,n02102177_4294,train,n02102177,Welsh_springer_spaniel,floppy,images/train/n02102177_4294.jpg
n02102177_48.jpg,n02102177_48,train,n02102177,Welsh_springer_spaniel,floppy,images/train/n02102177_48.jpg
n02102177_501.jpg,n02102177_501,train,n02102177,Welsh_springer_spaniel,floppy,images/train/n02102177_501.jpg
n02102177_626.jpg,n02102177_626,train,n02102177,Welsh_springer_spaniel,floppy,images/train/n02102177_626.jpg
n02102177_803.jpg,n02102177_803,train,n02102177,Welsh_springer_spaniel,floppy,images/train/n02102177_803.jpg
n02102177_922.jpg,n02102177_922,train,n02102177,Welsh_springer_spaniel,floppy,images/train/n02102177_922.jpg
n02102177_964.jpg,n02102177_964,train,n02102177,Welsh_springer_spaniel,floppy,images/train/n02102177_964.jpg
n02102318_10019.jpg,n02102318_10019,train,n02102318,cocker_spaniel,floppy,images/train/n02102318_10019.jpg
n02102318_10180.jpg,n02102318_10180,train,n02102318,cocker_spaniel,floppy,images/train/n02102318_10180.jpg
n02102318_10218.jpg,n02102318_10218,train,n02102318,cocker_spaniel,floppy,images/train/n02102318_10218.jpg
n02102318_10360.jpg,n02102318_10360,train,n02102318,cocker_spaniel,floppy,images/train/n02102318_10360.jpg
n02102318_10542.jpg,n02102318_10542,train,n02102318,cocker_spaniel,floppy,images/train/n02102318_10542.jpg
n02102318_10697.jpg,n02102318_10697,train,n02102318,cocker_spaniel,floppy,images/train/n02102318_10697.jpg
n02102318_10894.jpg,n02102318_10894,train,n02102318,cocker_spaniel,floppy,images/train/n02102318_10894.jpg
n02102318_11445.jpg,n02102318_11445,train,n02102318,cocker_spaniel,floppy,images/train/n02102318_11445.jpg
n02102318_11481.jpg,n02102318_11481,train,n02102318,cocker_spaniel,floppy,images/train/n02102318_11481.jpg
n02102318_11573.jpg,n02102318_11573,train,n02102318,cocker_spaniel,floppy,images/train/n02102318_11573.jpg
n02102318_11581.jpg,n02102318_11581,train,n02102318,cocker_spaniel,floppy,images/train/n02102318_11581.jpg
n02102318_11605.jpg,n02102318_11605,train,n02102318,cocker_spaniel,floppy,images/train/n02102318_11605.jpg
n02102318_11704.jpg,n02102318_11704,train,n02102318,cocker_spaniel,floppy,images/train/n02102318_11704.jpg
n02102318_11805.jpg,n02102318_11805,train,n02102318,cocker_spaniel,floppy,images/train/n02102318_11805.jpg
n02102318_12008.jpg,n02102318_12008,train,n02102318,cocker_spaniel,floppy,images/train/n02102318_12008.jpg
n02102318_12238.jpg,n02102318_12238,train,n02102318,cocker_spaniel,floppy,images/train/n02102318_12238.jpg
n02102318_12717.jpg,n02102318_12717,train,n02102318,cocker_spaniel,floppy,images/train/n02102318_12717.jpg
n02102318_14006.jpg,n02102318_14006,train,n02102318,cocker_spaniel,floppy,images/train/n02102318_14006.jpg
n02102318_14073.jpg,n02102318_14073,train,n02102318,cocker_spaniel,floppy,images/train/n02102318_14073.jpg
n02102318_14111.jpg,n02102318_14111,train,n02102318,cocker_spaniel,floppy,images/train/n02102318_14111.jpg
n02102318_14794.jpg,n02102318_14794,train,n02102318,cocker_spaniel,floppy,images/train/n02102318_14794.jpg
n02102318_14986.jpg,n02102318_14986,train,n02102318,cocker_spaniel,floppy,images/train/n02102318_14986.jpg
n02102318_1597.jpg,n02102318_1597,train,n02102318,cocker_spaniel,floppy,images/train/n02102318_1597.jpg
n02102318_1983.jpg,n02102318_1983,train,n02102318,cocker_spaniel,floppy,images/train/n02102318_1983.jpg
n02102318_208.jpg,n02102318_208,train,n02102318,cocker_spaniel,floppy,images/train/n02102318_208.jpg
n02102318_2180.jpg,n02102318_2180,train,n02102318,cocker_spaniel,floppy,images/train/n02102318_2180.jpg
n02102318_2984.jpg,n02102318_2984,train,n02102318,cocker_spaniel,floppy,images/train/n02102318_2984.jpg
n02102318_3415.jpg,n02102318_3415,train,n02102318,cocker_spaniel,floppy,images/train/n02102318_3415.jpg
n02102318_3429.jpg,n02102318_3429,train,n02102318,cocker_spaniel,floppy,images/train/n02102318_3429.jpg
n02102318_3658.jpg,n02102318_3658,train,n02102318,cocker_spaniel,floppy,images/train/n02102318_3658.jpg
n02102318_3700.jpg,n02102318_3700,train,n02102318,cocker_spaniel,floppy,images/train/n02102318_3700.jpg
n02102318_4130.jpg,n02102318_4130,train,n02102318,cocker_spaniel,floppy,images/train/n02102318_4130.jpg
n02102318_4217.jpg,n02102318_4217,train,n02102318,cocker_spaniel,floppy,images/train/n02102318_4217.jpg
n02102318_487.jpg,n02102318_487,train,n02102318,cocker_spaniel,floppy,images/train/n02102318_487.jpg
n02102318_518.jpg,n02102318_518,train,n02102318,cocker_spaniel,floppy,images/train/n02102318_518.jpg
n02102318_7059.jpg,n02102318_7059,train,n02102318,cocker_spaniel,floppy,images/train/n02102318_7059.jpg
n02102318_8406.jpg,n02102318_8406,train,n02102318,cocker_spaniel,floppy,images/train/n02102318_8406.jpg
n02102318_9254.jpg,n02102318_9254,train,n02102318,cocker_spaniel,floppy,images/train/n02102318_9254.jpg
n02102318_9536.jpg,n02102318_9536,train,n02102318,cocker_spaniel,floppy,images/train/n02102318_9536.jpg
n02102318_9670.jpg,n02102318_9670,train,n02102318,cocker_spaniel,floppy,images/train/n02102318_9670.jpg
n02102318_9723.jpg,n02102318_9723,train,n02102318,cocker_spaniel,floppy,images/train/n02102318_9723.jpg
n02102318_9753.jpg,n02102318_9753,train,n02102318,cocker_spaniel,floppy,images/train/n02102318_9753.jpg
n02102318_9755.jpg,n02102318_9755,train,n02102318,cocker_spaniel,floppy,images/train/n02102318_9755.jpg
n02102480_101.jpg,n02102480_101,train,n02102480,Sussex_spaniel,floppy,images/train/n02102480_101.jpg
n02102480_1810.jpg,n02102480_1810,train,n02102480,Sussex_spaniel,floppy,images/train/n02102480_1810.jpg
n02102480_1838.jpg,n02102480_1838,train,n02102480,Sussex_spaniel,floppy,images/train/n02102480_1838.jpg
n02102480_2041.jpg,n02102480_2041,train,n02102480,Sussex_spaniel,floppy,images/train/n02102480_2041.jpg
n02102480_2224.jpg,n02102480_2224,train,n02102480,Sussex_spaniel,floppy,images/train/n02102480_2224.jpg
n02102480_2648.jpg,n02102480_2648,train,n02102480,Sussex_spaniel,floppy,images/train/n02102480_2648.jpg
n02102480_276.jpg,n02102480_276,train,n02102480,Sussex_spaniel,floppy,images/train/n02102480_276.jpg
n02102480_3108.jpg,n02102480_3108,train,n02102480,Sussex_spaniel,floppy,images/train/n02102480_3108.jpg
n02102480_3436.jpg,n02102480_3436,train,n02102480,Sussex_spaniel,floppy,images/train/n02102480_3436.jpg
n02102480_366.jpg,n02102480_366,train,n02102480,Sussex_spaniel,floppy,images/train/n02102480_366.jpg
n02102480_3717.jpg,n02102480_3717,train,n02102480,Sussex_spaniel,floppy,images/train/n02102480_3717.jpg
n02102480_3762.jpg,n02102480_3762,train,n02102480,Sussex_spaniel,floppy,images/train/n02102480_3762.jpg
n02102480_41.jpg,n02102480_41,train,n02102480,Sussex_spaniel,floppy,images/train/n02102480_41.jpg
n02102480_424.jpg,n02102480_424,train,n02102480,Sussex_spaniel,floppy,images/train/n02102480_424.jpg
n02102480_4244.jpg,n02102480_4244,train,n02102480,Sussex_spaniel,floppy,images/train/n02102480_4244.jpg
n02102480_4415.jpg,n02102480_4415,train,n02102480,Sussex_spaniel,floppy,images/train/n02102480_4415.jpg
n02102480_4544.jpg,n02102480_4544,train,n02102480,Sussex_spaniel,floppy,images/train/n02102480_4544.jpg
n02102480_4737.jpg,n02102480_4737,train,n02102480,Sussex_spaniel,floppy,images/train/n02102480_4737.jpg
n02102480_4769.jpg,n02102480_4769,train,n02102480,Sussex_spaniel,floppy,images/train/n02102480_4769.jpg
n02102480_4910.jpg,n02102480_4910,train,n02102480,Sussex_spaniel,floppy,images/train/n02102480_4910.jpg
n02102480_5430.jpg,n02102480_5430,train,n02102480,Sussex_spaniel,floppy,images/train/n02102480_5430.jpg
n02102480_5442.jpg,n02102480_5442,train,n02102480,Sussex_spaniel,floppy,images/train/n02102480_5442.jpg
n02102480_5703.jpg,n02102480_5703,train,n02102480,Sussex_spaniel,floppy,images/train/n02102480_5703.jpg
n02102480_5792.jpg,n02102480_5792,train,n02102480,Sussex_spaniel,floppy,images/train/n02102480_5792.jpg
n02102480_5906.jpg,n02102480_5906,train,n02102480,Sussex_spaniel,floppy,images/train/n02102480_5906.jpg
n02102480_5937.jpg,n02102480_5937,train,n02102480,Sussex_spaniel,floppy,images/train/n02102480_5937.jpg
n02102480_6047.jpg,n02102480_6047,train,n02102480,Sussex_spaniel,floppy,images/train/n02102480_6047.jpg
n02102480_6283.jpg,n02102480_6283,train,n02102480,Sussex_spaniel,floppy,images/train/n02102480_6283.jpg
n02102480_6514.jpg,n02102480_6514,train,n02102480,Sussex_spaniel,floppy,images/train/n02102480_6514.jpg
n02102480_6593.jpg,n02102480_6593,train,n02102480,Sussex_spaniel,floppy,images/train/n02102480_6593.jpg
n02102480_6998.jpg,n02102480_6998,train,n02102480,Sussex_spaniel,floppy,images/train/n02102480_6998.jpg
n02102480_7189.jpg,n02102480_7189,train,n02102480,Sussex_spaniel,floppy,images/train/n02102480_7189.jpg
n02102480_7238.jpg,n02102480_7238,train,n02102480,Sussex_spaniel,floppy,images/train/n02102480_7238.jpg
n02102480_7417.jpg,n02102480_7417,train,n02102480,Sussex_spaniel,floppy,images/train/n02102480_7417.jpg
n02102480_7472.jpg,n02102480_7472,train,n02102480,Sussex_spaniel,floppy,images/train/n02102480_7472.jpg
n02102480_7591.jpg,n02102480_7591,train,n02102480,Sussex_spaniel,floppy,images/train/n02102480_7591.jpg
n02102480_7641.jpg,n02102480_7641,train,n02102480,Sussex_spaniel,floppy,images/train/n02102480_7641.jpg
n02102480_8002.jpg,n02102480_8002,train,n02102480,Sussex_spaniel,floppy,images/train/n02102480_8002.jpg
n02102480_8187.jpg,n02102480_8187,train,n02102480,Sussex_spaniel,floppy,images/train/n02102480_8187.jpg
n02102973_1377.jpg,n02102973_1377,train,n02102973,Irish_water_spaniel,floppy,images/train/n02102973_1377.jpg
n02102973_1846.jpg,n02102973_1846,train,n02102973,Irish_water_spaniel,floppy,images/train/n02102973_1846.jpg
n02102973_1905.jpg,n02102973_1905,train,n02102973,Irish_water_spaniel,floppy,images/train/n02102973_1905.jpg
n02102973_1929.jpg,n02102973_1929,train,n02102973,Irish_water_spaniel,floppy,images/train/n02102973_1929.jpg
n02102973_2153.jpg,n02102973_2153,train,n02102973,Irish_water_spaniel,floppy,images/train/n02102973_2153.jpg
n02102973_2220.jpg,n02102973_2220,train,n02102973,Irish_water_spaniel,floppy,images/train/n02102973_2220.jpg
n02102973_2295.jpg,n02102973_2295,train,n02102973,Irish_water_spaniel,floppy,images/train/n02102973_2295.jpg
n02102973_2453.jpg,n02102973_2453,train,n02102973,Irish_water_spaniel,floppy,images/train/n02102973_2453.jpg
n02102973_2535.jpg,n02102973_2535,train,n02102973,Irish_water_spaniel,floppy,images/train/n02102973_2535.jpg
n02102973_2569.jpg,n02102973_2569,train,n02102973,Irish_water_spaniel,floppy,images/train/n02102973_2569.jpg
n02102973_2595.jpg,n02102973_2595,train,n02102973,Irish_water_spaniel,floppy,images/train/n02102973_2595.jpg
n02102973_2648.jpg,n02102973_2648,train,n02102973,Irish_water_spaniel,floppy,images/train/n02102973_2648.jpg
n02102973_27.jpg,n02102973_27,train,n02102973,Irish_water_spaniel,floppy,images/train/n02102973_27.jpg
n02102973_2870.jpg,n02102973_2870,train,n02102973,Irish_water_spaniel,floppy,images/train/n02102973_2870.jpg
n02102973_3149.jpg,n02102973_3149,train,n02102973,Irish_water_spaniel,floppy,images/train/n02102973_3149.jpg
n02102973_3635.jpg,n02102973_3635,train,n02102973,Irish_water_spaniel,floppy,images/train/n02102973_3635.jpg
n02102973_3792.jpg,n02102973_3792,train,n02102973,Irish_water_spaniel,floppy,images/train/n02102973_3792.jpg
n02102973_3933.jpg,n02102973_3933,train,n02102973,Irish_water_spaniel,floppy,images/train/n02102973_3933.jpg
n02102973_4328.jpg,n02102973_4328,train,n02102973,Irish_water_spaniel,floppy,images/train/n02102973_4328.jpg
n02102973_4469.jpg,n02102973_4469,train,n02102973,Irish_water_spaniel,floppy,images/train/n02102973_4469.jpg
n02102973_4566.jpg,n02102973_4566,train,n02102973,Irish_water_spaniel,floppy,images/train/n02102973_4566.jpg
n02102973_4597.jpg,n02102973_4597,train,n02102973,Irish_water_spaniel,floppy,images/train/n02102973_4597.jpg
n02102973_603.jpg,n02102973_603,train,n02102973,Irish_water_spaniel,floppy,images/train/n02102973_603.jpg
n02102973_634.jpg,n02102973_634,train,n02102973,Irish_water_spaniel,floppy,images/train/n02102973_634.jpg
n02104029_1206.jpg,n02104029_1206,train,n02104029,kuvasz,floppy,images/train/n02104029_1206.jpg
n02104029_1218.jpg,n02104029_1218,train,n02104029,kuvasz,floppy,images/train/n02104029_1218.jpg
n02104029_1289.jpg,n02104029_1289,train,n02104029,kuvasz,floppy,images/train/n02104029_1289.jpg
n02104029_1375.jpg,n02104029_1375,train,n02104029,kuvasz,floppy,images/train/n02104029_1375.jpg
n02104029_1400.jpg,n02104029_1400,train,n02104029,kuvasz,floppy,images/train/n02104029_1400.jpg
n02104029_157.jpg,n02104029_157,train,n02104029,kuvasz,floppy,images/train/n02104029_157.jpg
n02104029_1599.jpg,n02104029_1599,train,n02104029,kuvasz,floppy,images/train/n02104029_1599.jpg
n02104029_170.jpg,n02104029_170,train,n02104029,kuvasz,floppy,images/train/n02104029_170.jpg
n02104029_2467.jpg,n02104029_2467,train,n02104029,kuvasz,floppy,images/train/n02104029_2467.jpg
n02104029_2500.jpg,n02104029_2500,train,n02104029,kuvasz,floppy,images/train/n02104029_2500.jpg
n02104029_2504.jpg,n02104029_2504,train,n02104029,kuvasz,floppy,images/train/n02104029_2504.jpg
n02104029_3991.jpg,n02104029_3991,train,n02104029,kuvasz,floppy,images/train/n02104029_3991.jpg
n02104029_4091.jpg,n02104029_4091,train,n02104029,kuvasz,floppy,images/train/n02104029_4091.jpg
n02104029_4473.jpg,n02104029_4473,train,n02104029,kuvasz,floppy,images/train/n02104029_4473.jpg
n02104029_4492.jpg,n02104029_4492,train,n02104029,kuvasz,floppy,images/train/n02104029_4492.jpg
n02104029_4534.jpg,n02104029_4534,train,n02104029,kuvasz,floppy,images/train/n02104029_4534.jpg
n02104029_455.jpg,n02104029_455,train,n02104029,kuvasz,floppy,images/train/n02104029_455.jpg
n02104029_4557.jpg,n02104029_4557,train,n02104029,kuvasz,floppy,images/train/n02104029_4557.jpg
n02104029_4581.jpg,n02104029_4581,train,n02104029,kuvasz,floppy,images/train/n02104029_4581.jpg
n02104029_4746.jpg,n02104029_4746,train,n02104029,kuvasz,floppy,images/train/n02104029_4746.jpg
n02104029_63.jpg,n02104029_63,train,n02104029,kuvasz,floppy,images/train/n02104029_63.jpg
n02104029_685.jpg,n02104029_685,train,n02104029,kuvasz,floppy,images/train/n02104029_685.jpg
n02104365_10634.jpg,n02104365_10634,train,n02104365,schipperke,pointy,images/train/n02104365_10634.jpg
n02104365_1104.jpg,n02104365_1104,train,n02104365,schipperke,pointy,images/train/n02104365_1104.jpg
n02104365_1151.jpg,n02104365_1151,train,n02104365,schipperke,pointy,images/train/n02104365_1151.jpg
n02104365_1158.jpg,n02104365_1158,train,n02104365,schipperke,pointy,images/train/n02104365_1158.jpg
n02104365_3587.jpg,n02104365_3587,train,n02104365,schipperke,pointy,images/train/n02104365_3587.jpg
n02104365_3826.jpg,n02104365_3826,train,n02104365,schipperke,pointy,images/train/n02104365_3826.jpg
n02104365_4190.jpg,n02104365_4190,train,n02104365,schipperke,pointy,images/train/n02104365_4190.jpg
n02104365_482.jpg,n02104365_482,train,n02104365,schipperke,pointy,images/train/n02104365_482.jpg
n02104365_5967.jpg,n02104365_5967,train,n02104365,schipperke,pointy,images/train/n02104365_5967.jpg
n02104365_6199.jpg,n02104365_6199,train,n02104365,schipperke,pointy,images/train/n02104365_6199.jpg
n02104365_6395.jpg,n02104365_6395,train,n02104365,schipperke,pointy,images/train/n02104365_6395.jpg
n02104365_6489.jpg,n02104365_6489,train,n02104365,schipperke,pointy,images/train/n02104365_6489.jpg
n02104365_6693.jpg,n02104365_6693,train,n02104365,schipperke,pointy,images/train/n02104365_6693.jpg
n02104365_675.jpg,n02104365_675,train,n02104365,schipperke,pointy,images/train/n02104365_675.jpg
n02104365_7065.jpg,n02104365_7065,train,n02104365,schipperke,pointy,images/train/n02104365_7065.jpg
n02104365_729.jpg,n02104365_729,train,n02104365,schipperke,pointy,images/train/n02104365_729.jpg
n02104365_7366.jpg,n02104365_7366,train,n02104365,schipperke,pointy,images/train/n02104365_7366.jpg
n02104365_7431.jpg,n02104365_7431,train,n02104365,schipperke,pointy,images/train/n02104365_7431.jpg
n02104365_7887.jpg,n02104365_7887,train,n02104365,schipperke,pointy,images/train/n02104365_7887.jpg
n02104365_7906.jpg,n02104365_7906,train,n02104365,schipperke,pointy,images/train/n02104365_7906.jpg
n02104365_8334.jpg,n02104365_8334,train,n02104365,schipperke,pointy,images/train/n02104365_8334.jpg
n02104365_8398.jpg,n02104365_8398,train,n02104365,schipperke,pointy,images/train/n02104365_8398.jpg
n02104365_8998.jpg,n02104365_8998,train,n02104365,schipperke,pointy,images/train/n02104365_8998.jpg
n02104365_9041.jpg,n02104365_9041,train,n02104365,schipperke,pointy,images/train/n02104365_9041.jpg
n02104365_9131.jpg,n02104365_9131,train,n02104365,schipperke,pointy,images/train/n02104365_9131.jpg
n02104365_9354.jpg,n02104365_9354,train,n02104365,schipperke,pointy,images/train/n02104365_9354.jpg
n02104365_9489.jpg,n02104365_9489,train,n02104365,schipperke,pointy,images/train/n02104365_9489.jpg
n02104365_9639.jpg,n02104365_9639,train,n02104365,schipperke,pointy,images/train/n02104365_9639.jpg
n02104365_9640.jpg,n02104365_9640,train,n02104365,schipperke,pointy,images/train/n02104365_9640.jpg
n02104365_9712.jpg,n02104365_9712,train,n02104365,schipperke,pointy,images/train/n02104365_9712.jpg
n02104365_996.jpg,n02104365_996,train,n02104365,schipperke,pointy,images/train/n02104365_996.jpg
n02104365_9994.jpg,n02104365_9994,train,n02104365,schipperke,pointy,images/train/n02104365_9994.jpg
n02105056_1294.jpg,n02105056_1294,train,n02105056,groenendael,pointy,images/train/n02105056_1294.jpg
n02105056_143.jpg,n02105056_143,train,n02105056,groenendael,pointy,images/train/n02105056_143.jpg
n02105056_1613.jpg,n02105056_1613,train,n02105056,groenendael,pointy,images/train/n02105056_1613.jpg
n02105056_1910.jpg,n02105056_1910,train,n02105056,groenendael,pointy,images/train/n02105056_1910.jpg
n02105056_1960.jpg,n02105056_1960,train,n02105056,groenendael,pointy,images/train/n02105056_1960.jpg
n02105056_2200.jpg,n02105056_2200,train,n02105056,groenendael,pointy,images/train/n02105056_2200.jpg
n02105056_2798.jpg,n02105056_2798,train,n02105056,groenendael,pointy,images/train/n02105056_2798.jpg
n02105056_2836.jpg,n02105056_2836,train,n02105056,groenendael,pointy,images/train/n02105056_2836.jpg
n02105056_3123.jpg,n02105056_3123,train,n02105056,groenendael,pointy,images/train/n02105056_3123.jpg
n02105056_3445.jpg,n02105056_3445,train,n02105056,groenendael,pointy,images/train/n02105056_3445.jpg
n02105056_3679.jpg,n02105056_3679,train,n02105056,groenendael,pointy,images/train/n02105056_3679.jpg
n02105056_3754.jpg,n02105056_3754,train,n02105056,groenendael,pointy,images/train/n02105056_3754.jpg
n02105056_4102.jpg,n02105056_4102,train,n02105056,groenendael,pointy,images/train/n02105056_4102.jpg
n02105056_4361.jpg,n02105056_4361,train,n02105056,groenendael,pointy,images/train/n02105056_4361.jpg
n02105056_4407.jpg,n02105056_4407,train,n02105056,groenendael,pointy,images/train/n02105056_4407.jpg
n02105056_4533.jpg,n02105056_4533,train,n02105056,groenendael,pointy,images/train/n02105056_4533.jpg
n02105056_4591.jpg,n02105056_4591,train,n02105056,groenendael,pointy,images/train/n02105056_4591.jpg
n02105056_4873.jpg,n02105056_4873,train,n02105056,groenendael,pointy,images/train/n02105056_4873.jpg
n02105056_6038.jpg,n02105056_6038,train,n02105056,groenendael,pointy,images/train/n02105056_6038.jpg
n02105056_6338.jpg,n02105056_6338,train,n02105056,groenendael,pointy,images/train/n02105056_6338.jpg
n02105056_6381.jpg,n02105056_6381,train,n02105056,groenendael,pointy,images/train/n02105056_6381.jpg
n02105056_6523.jpg,n02105056_6523,train,n02105056,groenendael,pointy,images/train/n02105056_6523.jpg
n02105056_6567.jpg,n02105056_6567,train,n02105056,groenendael,pointy,images/train/n02105056_6567.jpg
n02105056_6596.jpg,n02105056_6596,train,n02105056,groenendael,pointy,images/train/n02105056_6596.jpg
n02105056_6600.jpg,n02105056_6600,train,n02105056,groenendael,pointy,images/train/n02105056_6600.jpg
n02105056_6827.jpg,n02105056_6827,train,n02105056,groenendael,pointy,images/train/n02105056_6827.jpg
n02105056_6998.jpg,n02105056_6998,train,n02105056,groenendael,pointy,images/train/n02105056_6998.jpg
n02105056_7068.jpg,n02105056_7068,train,n02105056,groenendael,pointy,images/train/n02105056_7068.jpg
n02105056_7381.jpg,n02105056_7381,train,n02105056,groenendael,pointy,images/train/n02105056_7381.jpg
n02105056_961.jpg,n02105056_961,train,n02105056,groenendael,pointy,images/train/n02105056_961.jpg
n02105162_1378.jpg,n02105162_1378,train,n02105162,malinois,pointy,images/train/n02105162_1378.jpg
n02105162_2093.jpg,n02105162_2093,train,n02105162,malinois,pointy,images/train/n02105162_2093.jpg
n02105162_2714.jpg,n02105162_2714,train,n02105162,malinois,pointy,images/train/n02105162_2714.jpg
n02105162_4056.jpg,n02105162_4056,train,n02105162,malinois,pointy,images/train/n02105162_4056.jpg
n02105162_5364.jpg,n02105162_5364,train,n02105162,malinois,pointy,images/train/n02105162_5364.jpg
n02105162_5547.jpg,n02105162_5547,train,n02105162,malinois,pointy,images/train/n02105162_5547.jpg
n02105162_5557.jpg,n02105162_5557,train,n02105162,malinois,pointy,images/train/n02105162_5557.jpg
n02105162_5667.jpg,n02105162_5667,train,n02105162,malinois,pointy,images/train/n02105162_5667.jpg
n02105162_5680.jpg,n02105162_5680,train,n02105162,malinois,pointy,images/train/n02105162_5680.jpg
n02105162_5731.jpg,n02105162_5731,train,n02105162,malinois,pointy,images/train/n02105162_5731.jpg
n02105162_5759.jpg,n02105162_5759,train,n02105162,malinois,pointy,images/train/n02105162_5759.jpg
n02105162_5802.jpg,n02105162_5802,train,n02105162,malinois,pointy,images/train/n02105162_5802.jpg
n02105162_5829.jpg,n02105162_5829,train,n02105162,malinois,pointy,images/train/n02105162_5829.jpg
n02105162_6288.jpg,n02105162_6288,train,n02105162,malinois,pointy,images/train/n02105162_6288.jpg
n02105162_6340.jpg,n02105162_6340,train,n02105162,malinois,pointy,images/train/n02105162_6340.jpg
n02105162_6513.jpg,n02105162_6513,train,n02105162,malinois,pointy,images/train/n02105162_6513.jpg
n02105162_6734.jpg,n02105162_6734,train,n02105162,malinois,pointy,images/train/n02105162_6734.jpg
n02105162_688.jpg,n02105162_688,train,n02105162,malinois,pointy,images/train/n02105162_688.jpg
n02105162_694.jpg,n02105162_694,train,n02105162,malinois,pointy,images/train/n02105162_694.jpg
n02105162_7376.jpg,n02105162_7376,train,n02105162,malinois,pointy,images/train/n02105162_7376.jpg
n02105162_824.jpg,n02105162_824,train,n02105162,malinois,pointy,images/train/n02105162_824.jpg
n02105251_1201.jpg,n02105251_1201,train,n02105251,briard,floppy,images/train/n02105251_1201.jpg
n02105251_1588.jpg,n02105251_1588,train,n02105251,briard,floppy,images/train/n02105251_1588.jpg
n02105251_1725.jpg,n02105251_1725,train,n02105251,briard,floppy,images/train/n02105251_1725.jpg
n02105251_2591.jpg,n02105251_2591,train,n02105251,briard,floppy,images/train/n02105251_2591.jpg
n02105251_2626.jpg,n02105251_2626,train,n02105251,briard,floppy,images/train/n02105251_2626.jpg
n02105251_3389.jpg,n02105251_3389,train,n02105251,briard,floppy,images/train/n02105251_3389.jpg
n02105251_4223.jpg,n02105251_4223,train,n02105251,briard,floppy,images/train/n02105251_4223.jpg
n02105251_4569.jpg,n02105251_4569,train,n02105251,briard,floppy,images/train/n02105251_4569.jpg
n02105251_4802.jpg,n02105251_4802,train,n02105251,briard,floppy,images/train/n02105251_4802.jpg
n02105251_5303.jpg,n02105251_5303,train,n02105251,briard,floppy,images/train/n02105251_5303.jpg
n02105251_5384.jpg,n02105251_5384,train,n02105251,briard,floppy,images/train/n02105251_5384.jpg
n02105251_5471.jpg,n02105251_5471,train,n02105251,briard,floppy,images/train/n02105251_5471.jpg
n02105251_5570.jpg,n02105251_5570,train,n02105251,briard,floppy,images/train/n02105251_5570.jpg
n02105251_5630.jpg,n02105251_5630,train,n02105251,briard,floppy,images/train/n02105251_5630.jpg
n02105251_5706.jpg,n02105251_5706,train,n02105251,briard,floppy,images/train/n02105251_5706.jpg
n02105251_5775.jpg,n02105251_5775,train,n02105251,briard,floppy,images/train/n02105251_5775.jpg
n02105251_6300.jpg,n02105251_6300,train,n02105251,briard,floppy,images/train/n02105251_6300.jpg
n02105251_6301.jpg,n02105251_6301,train,n02105251,briard,floppy,images/train/n02105251_6301.jpg
n02105251_6335.jpg,n02105251_6335,train,n02105251,briard,floppy,images/train/n02105251_6335.jpg
n02105251_6387.jpg,n02105251_6387,train,n02105251,briard,floppy,images/train/n02105251_6387.jpg
n02105251_6805.jpg,n02105251_6805,train,n02105251,briard,floppy,images/train/n02105251_6805.jpg
n02105251_6942.jpg,n02105251_6942,train,n02105251,briard,floppy,images/train/n02105251_6942.jpg
n02105251_7044.jpg,n02105251_7044,train,n02105251,briard,floppy,images/train/n02105251_7044.jpg
n02105251_7086.jpg,n02105251_7086,train,n02105251,briard,floppy,images/train/n02105251_7086.jpg
n02105251_7171.jpg,n02105251_7171,train,n02105251,briard,floppy,images/train/n02105251_7171.jpg
n02105251_7223.jpg,n02105251_7223,train,n02105251,briard,floppy,images/train/n02105251_7223.jpg
n02105251_7579.jpg,n02105251_7579,train,n02105251,briard,floppy,images/train/n02105251_7579.jpg
n02105251_7593.jpg,n02105251_7593,train,n02105251,briard,floppy,images/train/n02105251_7593.jpg
n02105251_7627.jpg,n02105251_7627,train,n02105251,briard,floppy,images/train/n02105251_7627.jpg
n02105251_7738.jpg,n02105251_7738,train,n02105251,briard,floppy,images/train/n02105251_7738.jpg
n02105251_7750.jpg,n02105251_7750,train,n02105251,briard,floppy,images/train/n02105251_7750.jpg
n02105251_7772.jpg,n02105251_7772,train,n02105251,briard,floppy,images/train/n02105251_7772.jpg
n02105251_7950.jpg,n02105251_7950,train,n02105251,briard,floppy,images/train/n02105251_7950.jpg
n02105251_7977.jpg,n02105251_7977,train,n02105251,briard,floppy,images/train/n02105251_7977.jpg
n02105251_8082.jpg,n02105251_8082,train,n02105251,briard,floppy,images/train/n02105251_8082.jpg
n02105251_8161.jpg,n02105251_8161,train,n02105251,briard,floppy,images/train/n02105251_8161.jpg
n02105251_8229.jpg,n02105251_8229,train,n02105251,briard,floppy,images/train/n02105251_8229.jpg
n02105251_8240.jpg,n02105251_8240,train,n02105251,briard,floppy,images/train/n02105251_8240.jpg
n02105251_8345.jpg,n02105251_8345,train,n02105251,briard,floppy,images/train/n02105251_8345.jpg
n02105251_8870.jpg,n02105251_8870,train,n02105251,briard,floppy,images/train/n02105251_8870.jpg
n02105251_8896.jpg,n02105251_8896,train,n02105251,briard,floppy,images/train/n02105251_8896.jpg
n02105251_8951.jpg,n02105251_8951,train,n02105251,briard,floppy,images/train/n02105251_8951.jpg
n02105412_1159.jpg,n02105412_1159,train,n02105412,kelpie,pointy,images/train/n02105412_1159.jpg
n02105412_1795.jpg,n02105412_1795,train,n02105412,kelpie,pointy,images/train/n02105412_1795.jpg
n02105412_1952.jpg,n02105412_1952,train,n02105412,kelpie,pointy,images/train/n02105412_1952.jpg
n02105412_2067.jpg,n02105412_2067,train,n02105412,kelpie,pointy,images/train/n02105412_2067.jpg
n02105412_216.jpg,n02105412_216,train,n02105412,kelpie,pointy,images/train/n02105412_216.jpg
n02105412_2164.jpg,n02105412_2164,train,n02105412,kelpie,pointy,images/train/n02105412_2164.jpg
n02105412_2355.jpg,n02105412_2355,train,n02105412,kelpie,pointy,images/train/n02105412_2355.jpg
n02105412_251.jpg,n02105412_251,train,n02105412,kelpie,pointy,images/train/n02105412_251.jpg
n02105412_3116.jpg,n02105412_3116,train,n02105412,kelpie,pointy,images/train/n02105412_3116.jpg
n02105412_3218.jpg,n02105412_3218,train,n02105412,kelpie,pointy,images/train/n02105412_3218.jpg
n02105412_3628.jpg,n02105412_3628,train,n02105412,kelpie,pointy,images/train/n02105412_3628.jpg
n02105412_3779.jpg,n02105412_3779,train,n02105412,kelpie,pointy,images/train/n02105412_3779.jpg
n02105412_3905.jpg,n02105412_3905,train,n02105412,kelpie,pointy,images/train/n02105412_3905.jpg
n02105412_452.jpg,n02105412_452,train,n02105412,kelpie,pointy,images/train/n02105412_452.jpg
n02105412_4674.jpg,n02105412_4674,train,n02105412,kelpie,pointy,images/train/n02105412_4674.jpg
n02105412_468.jpg,n02105412_468,train,n02105412,kelpie,pointy,images/train/n02105412_468.jpg
n02105412_4778.jpg,n02105412_4778,train,n02105412,kelpie,pointy,images/train/n02105412_4778.jpg
n02105412_5381.jpg,n02105412_5381,train,n02105412,kelpie,pointy,images/train/n02105412_5381.jpg
n02105412_5926.jpg,n02105412_5926,train,n02105412,kelpie,pointy,images/train/n02105412_5926.jpg
n02105412_6166.jpg,n02105412_6166,train,n02105412,kelpie,pointy,images/train/n02105412_6166.jpg
n02105412_6349.jpg,n02105412_6349,train,n02105412,kelpie,pointy,images/train/n02105412_6349.jpg
n02105412_6429.jpg,n02105412_6429,train,n02105412,kelpie,pointy,images/train/n02105412_6429.jpg
n02105412_7026.jpg,n02105412_7026,train,n02105412,kelpie,pointy,images/train/n02105412_7026.jpg
n02105412_7211.jpg,n02105412_7211,train,n02105412,kelpie,pointy,images/train/n02105412_7211.jpg
n02105412_729.jpg,n02105412_729,train,n02105412,kelpie,pointy,images/train/n02105412_729.jpg
n02105412_7504.jpg,n02105412_7504,train,n02105412,kelpie,pointy,images/train/n02105412_7504.jpg
n02105412_7785.jpg,n02105412_7785,train,n02105412,kelpie,pointy,images/train/n02105412_7785.jpg
n02105412_7819.jpg,n02105412_7819,train,n02105412,kelpie,pointy,images/train/n02105412_7819.jpg
n02105412_7849.jpg,n02105412_7849,train,n02105412,kelpie,pointy,images/train/n02105412_7849.jpg
n02105505_1293.jpg,n02105505_1293,train,n02105505,komondor,floppy,images/train/n02105505_1293.jpg
n02105505_2134.jpg,n02105505_2134,train,n02105505,komondor,floppy,images/train/n02105505_2134.jpg
n02105505_2592.jpg,n02105505_2592,train,n02105505,komondor,floppy,images/train/n02105505_2592.jpg
n02105505_3002.jpg,n02105505_3002,train,n02105505,komondor,floppy,images/train/n02105505_3002.jpg
n02105505_3132.jpg,n02105505_3132,train,n02105505,komondor,floppy,images/train/n02105505_3132.jpg
n02105505_3356.jpg,n02105505_3356,train,n02105505,komondor,floppy,images/train/n02105505_3356.jpg
n02105505_3650.jpg,n02105505_3650,train,n02105505,komondor,floppy,images/train/n02105505_3650.jpg
n02105505_3698.jpg,n02105505_3698,train,n02105505,komondor,floppy,images/train/n02105505_3698.jpg
n02105505_3713.jpg,n02105505_3713,train,n02105505,komondor,floppy,images/train/n02105505_3713.jpg
n02105505_3781.jpg,n02105505_3781,train,n02105505,komondor,floppy,images/train/n02105505_3781.jpg
n02105505_3784.jpg,n02105505_3784,train,n02105505,komondor,floppy,images/train/n02105505_3784.jpg
n02105505_4069.jpg,n02105505_4069,train,n02105505,komondor,floppy,images/train/n02105505_4069.jpg
n02105505_4076.jpg,n02105505_4076,train,n02105505,komondor,floppy,images/train/n02105505_4076.jpg
n02105505_4090.jpg,n02105505_4090,train,n02105505,komondor,floppy,images/train/n02105505_4090.jpg
n02105505_4325.jpg,n02105505_4325,train,n02105505,komondor,floppy,images/train/n02105505_4325.jpg
n02105505_4383.jpg,n02105505_4383,train,n02105505,komondor,floppy,images/train/n02105505_4383.jpg
n02105641_10151.jpg,n02105641_10151,train,n02105641,Old_English_sheepdog,floppy,images/train/n02105641_10151.jpg
n02105641_10188.jpg,n02105641_10188,train,n02105641,Old_English_sheepdog,floppy,images/train/n02105641_10188.jpg
n02105641_1019.jpg,n02105641_1019,train,n02105641,Old_English_sheepdog,floppy,images/train/n02105641_1019.jpg
n02105641_11253.jpg,n02105641_11253,train,n02105641,Old_English_sheepdog,floppy,images/train/n02105641_11253.jpg
n02105641_1153.jpg,n02105641_1153,train,n02105641,Old_English_sheepdog,floppy,images/train/n02105641_1153.jpg
n02105641_12297.jpg,n02105641_12297,train,n02105641,Old_English_sheepdog,floppy,images/train/n02105641_12297.jpg
n02105641_12889.jpg,n02105641_12889,train,n02105641,Old_English_sheepdog,floppy,images/train/n02105641_12889.jpg
n02105641_1505.jpg,n02105641_1505,train,n02105641,Old_English_sheepdog,floppy,images/train/n02105641_1505.jpg
n02105641_1589.jpg,n02105641_1589,train,n02105641,Old_English_sheepdog,floppy,images/train/n02105641_1589.jpg
n02105641_1881.jpg,n02105641_1881,train,n02105641,Old_English_sheepdog,floppy,images/train/n02105641_1881.jpg
n02105641_2018.jpg,n02105641_2018,train,n02105641,Old_English_sheepdog,floppy,images/train/n02105641_2018.jpg
n02105641_277.jpg,n02105641_277,train,n02105641,Old_English_sheepdog,floppy,images/train/n02105641_277.jpg
n02105641_3317.jpg,n02105641_3317,train,n02105641,Old_English_sheepdog,floppy,images/train/n02105641_3317.jpg
n02105641_3543.jpg,n02105641_3543,train,n02105641,Old_English_sheepdog,floppy,images/train/n02105641_3543.jpg
n02105641_3602.jpg,n02105641_3602,train,n02105641,Old_English_sheepdog,floppy,images/train/n02105641_3602.jpg
n02105641_3723.jpg,n02105641_3723,train,n02105641,Old_English_sheepdog,floppy,images/train/n02105641_3723.jpg
n02105641_3724.jpg,n02105641_3724,train,n02105641,Old_English_sheepdog,floppy,images/train/n02105641_3724.jpg
n02105641_3800.jpg,n02105641_3800,train,n02105641,Old_English_sheepdog,floppy,images/train/n02105641_3800.jpg
n02105641_4268.jpg,n02105641_4268,train,n02105641,Old_English_sheepdog,floppy,images/train/n02105641_4268.jpg
n02105641_4443.jpg,n02105641_4443,train,n02105641,Old_English_sheepdog,floppy,images/train/n02105641_4443.jpg
n02105641_4733.jpg,n02105641_4733,train,n02105641,Old_English_sheepdog,floppy,images/train/n02105641_4733.jpg
n02105641_4796.jpg,n02105641_4796,train,n02105641,Old_English_sheepdog,floppy,images/train/n02105641_4796.jpg
n02105641_4833.jpg,n02105641_4833,train,n02105641,Old_English_sheepdog,floppy,images/train/n02105641_4833.jpg
n02105641_5577.jpg,n02105641_5577,train,n02105641,Old_English_sheepdog,floppy,images/train/n02105641_5577.jpg
n02105641_6218.jpg,n02105641_6218,train,n02105641,Old_English_sheepdog,floppy,images/train/n02105641_6218.jpg
n02105641_6270.jpg,n02105641_6270,train,n02105641,Old_English_sheepdog,floppy,images/train/n02105641_6270.jpg
n02105641_6664.jpg,n02105641_6664,train,n02105641,Old_English_sheepdog,floppy,images/train/n02105641_6664.jpg
n02105641_6730.jpg,n02105641_6730,train,n02105641,Old_English_sheepdog,floppy,images/train/n02105641_6730.jpg
n02105641_6875.jpg,n02105641_6875,train,n02105641,Old_English_sheepdog,floppy,images/train/n02105641_6875.jpg
n02105641_7603.jpg,n02105641_7603,train,n02105641,Old_English_sheepdog,floppy,images/train/n02105641_7603.jpg
n02105641_764.jpg,n02105641_764,train,n02105641,Old_English_sheepdog,floppy,images/train/n02105641_764.jpg
n02105641_7898.jpg,n02105641_7898,train,n02105641,Old_English_sheepdog,floppy,images/train/n02105641_7898.jpg
n02105641_7902.jpg,n02105641_7902,train,n02105641,Old_English_sheepdog,floppy,images/train/n02105641_7902.jpg
n02105641_8180.jpg,n02105641_8180,train,n02105641,Old_English_sheepdog,floppy,images/train/n02105641_8180.jpg
n02105641_8556.jpg,n02105641_8556,train,n02105641,Old_English_sheepdog,floppy,images/train/n02105641_8556.jpg
n02105641_9074.jpg,n02105641_9074,train,n02105641,Old_English_sheepdog,floppy,images/train/n02105641_9074.jpg
n02105641_9319.jpg,n02105641_9319,train,n02105641,Old_English_sheepdog,floppy,images/train/n02105641_9319.jpg
n02105641_9780.jpg,n02105641_9780,train,n02105641,Old_English_sheepdog,floppy,images/train/n02105641_9780.jpg
n02105641_9982.jpg,n02105641_9982,train,n02105641,Old_English_sheepdog,floppy,images/train/n02105641_9982.jpg
n02105855_11166.jpg,n02105855_11166,train,n02105855,Shetland_sheepdog,half_floppy,images/train/n02105855_11166.jpg
n02105855_12801.jpg,n02105855_12801,train,n02105855,Shetland_sheepdog,half_floppy,images/train/n02105855_12801.jpg
n02105855_13311.jpg,n02105855_13311,train,n02105855,Shetland_sheepdog,half_floppy,images/train/n02105855_13311.jpg
n02105855_13382.jpg,n02105855_13382,train,n02105855,Shetland_sheepdog,half_floppy,images/train/n02105855_13382.jpg
n02105855_14052.jpg,n02105855_14052,train,n02105855,Shetland_sheepdog,half_floppy,images/train/n02105855_14052.jpg
n02105855_15820.jpg,n02105855_15820,train,n02105855,Shetland_sheepdog,half_floppy,images/train/n02105855_15820.jpg
n02105855_15828.jpg,n02105855_15828,train,n02105855,Shetland_sheepdog,half_floppy,images/train/n02105855_15828.jpg
n02105855_15911.jpg,n02105855_15911,train,n02105855,Shetland_sheepdog,half_floppy,images/train/n02105855_15911.jpg
n02105855_16145.jpg,n02105855_16145,train,n02105855,Shetland_sheepdog,half_floppy,images/train/n02105855_16145.jpg
n02105855_17096.jpg,n02105855_17096,train,n02105855,Shetland_sheepdog,half_floppy,images/train/n02105855_17096.jpg
n02105855_17401.jpg,n02105855_17401,train,n02105855,Shetland_sheepdog,half_floppy,images/train/n02105855_17401.jpg
n02105855_17517.jpg,n02105855_17517,train,n02105855,Shetland_sheepdog,half_floppy,images/train/n02105855_17517.jpg
n02105855_17706.jpg,n02105855_17706,train,n02105855,Shetland_sheepdog,half_floppy,images/train/n02105855_17706.jpg
n02105855_18141.jpg,n02105855_18141,train,n02105855,Shetland_sheepdog,half_floppy,images/train/n02105855_18141.jpg
n02105855_2039.jpg,n02105855_2039,train,n02105855,Shetland_sheepdog,half_floppy,images/train/n02105855_2039.jpg
n02105855_3434.jpg,n02105855_3434,train,n02105855,Shetland_sheepdog,half_floppy,images/train/n02105855_3434.jpg
n02105855_4541.jpg,n02105855_4541,train,n02105855,Shetland_sheepdog,half_floppy,images/train/n02105855_4541.jpg
n02105855_4897.jpg,n02105855_4897,train,n02105855,Shetland_sheepdog,half_floppy,images/train/n02105855_4897.jpg
n02105855_5012.jpg,n02105855_5012,train,n02105855,Shetland_sheepdog,half_floppy,images/train/n02105855_5012.jpg
n02105855_6281.jpg,n02105855_6281,train,n02105855,Shetland_sheepdog,half_floppy,images/train/n02105855_6281.jpg
n02105855_7224.jpg,n02105855_7224,train,n02105855,Shetland_sheepdog,half_floppy,images/train/n02105855_7224.jpg
n02105855_8378.jpg,n02105855_8378,train,n02105855,Shetland_sheepdog,half_floppy,images/train/n02105855_8378.jpg
n02105855_9277.jpg,n02105855_9277,train,n02105855,Shetland_sheepdog,half_floppy,images/train/n02105855_9277.jpg
n02106030_10021.jpg,n02106030_10021,train,n02106030,collie,half_floppy,images/train/n02106030_10021.jpg
n02106030_10675.jpg,n02106030_10675,train,n02106030,collie,half_floppy,images/train/n02106030_10675.jpg
n02106030_10965.jpg,n02106030_10965,train,n02106030,collie,half_floppy,images/train/n02106030_10965.jpg
n02106030_11024.jpg,n02106030_11024,train,n02106030,collie,half_floppy,images/train/n02106030_11024.jpg
n02106030_11148.jpg,n02106030_11148,train,n02106030,collie,half_floppy,images/train/n02106030_11148.jpg
n02106030_12714.jpg,n02106030_12714,train,n02106030,collie,half_floppy,images/train/n02106030_12714.jpg
n02106030_14653.jpg,n02106030_14653,train,n02106030,collie,half_floppy,images/train/n02106030_14653.jpg
n02106030_15008.jpg,n02106030_15008,train,n02106030,collie,half_floppy,images/train/n02106030_15008.jpg
n02106030_15054.jpg,n02106030_15054,train,n02106030,collie,half_floppy,images/train/n02106030_15054.jpg
n02106030_15169.jpg,n02106030_15169,train,n02106030,collie,half_floppy,images/train/n02106030_15169.jpg
n02106030_15419.jpg,n02106030_15419,train,n02106030,collie,half_floppy,images/train/n02106030_15419.jpg
n02106030_15577.jpg,n02106030_15577,train,n02106030,collie,half_floppy,images/train/n02106030_15577.jpg
n02106030_15622.jpg,n02106030_15622,train,n02106030,collie,half_floppy,images/train/n02106030_15622.jpg
n02106030_15771.jpg,n02106030_15771,train,n02106030,collie,half_floppy,images/train/n02106030_15771.jpg
n02106030_15829.jpg,n02106030_15829,train,n02106030,collie,half_floppy,images/train/n02106030_15829.jpg
n02106030_15836.jpg,n02106030_15836,train,n02106030,collie,half_floppy,images/train/n02106030_15836.jpg
n02106030_15923.jpg,n02106030_15923,train,n02106030,collie,half_floppy,images/train/n02106030_15923.jpg
n02106030_15958.jpg,n02106030_15958,train,n02106030,collie,half_floppy,images/train/n02106030_15958.jpg
n02106030_16000.jpg,n02106030_16000,train,n02106030,collie,half_floppy,images/train/n02106030_16000.jpg
n02106030_16080.jpg,n02106030_16080,train,n02106030,collie,half_floppy,images/train/n02106030_16080.jpg
n02106030_16188.jpg,n02106030_16188,train,n02106030,collie,half_floppy,images/train/n02106030_16188.jpg
n02106030_16215.jpg,n02106030_16215,train,n02106030,collie,half_floppy,images/train/n02106030_16215.jpg
n02106030_16268.jpg,n02106030_16268,train,n02106030,collie,half_floppy,images/train/n02106030_16268.jpg
n02106030_17074.jpg,n02106030_17074,train,n02106030,collie,half_floppy,images/train/n02106030_17074.jpg
n02106030_17232.jpg,n02106030_17232,train,n02106030,collie,half_floppy,images/train/n02106030_17232.jpg
n02106030_17285.jpg,n02106030_17285,train,n02106030,collie,half_floppy,images/train/n02106030_17285.jpg
n02106030_17679.jpg,n02106030_17679,train,n02106030,collie,half_floppy,images/train/n02106030_17679.jpg
n02106030_17752.jpg,n02106030_17752,train,n02106030,collie,half_floppy,images/train/n02106030_17752.jpg
n02106030_17906.jpg,n02106030_17906,train,n02106030,collie,half_floppy,images/train/n02106030_17906.jpg
n02106030_18040.jpg,n02106030_18040,train,n02106030,collie,half_floppy,images/train/n02106030_18040.jpg
n02106030_18288.jpg,n02106030_18288,train,n02106030,collie,half_floppy,images/train/n02106030_18288.jpg
n02106030_18516.jpg,n02106030_18516,train,n02106030,collie,half_floppy,images/train/n02106030_18516.jpg
n02106030_19383.jpg,n02106030_19383,train,n02106030,collie,half_floppy,images/train/n02106030_19383.jpg
n02106030_2471.jpg,n02106030_2471,train,n02106030,collie,half_floppy,images/train/n02106030_2471.jpg
n02106030_2548.jpg,n02106030_2548,train,n02106030,collie,half_floppy,images/train/n02106030_2548.jpg
n02106030_356.jpg,n02106030_356,train,n02106030,collie,half_floppy,images/train/n02106030_356.jpg
n02106030_3776.jpg,n02106030_3776,train,n02106030,collie,half_floppy,images/train/n02106030_3776.jpg
n02106030_3948.jpg,n02106030_3948,train,n02106030,collie,half_floppy,images/train/n02106030_3948.jpg
n02106030_4592.jpg,n02106030_4592,train,n02106030,collie,half_floppy,images/train/n02106030_4592.jpg
n02106030_486.jpg,n02106030_486,train,n02106030,collie,half_floppy,images/train/n02106030_486.jpg
n02106030_5085.jpg,n02106030_5085,train,n02106030,collie,half_floppy,images/train/n02106030_5085.jpg
n02106030_5915.jpg,n02106030_5915,train,n02106030,collie,half_floppy,images/train/n02106030_5915.jpg
n02106030_6289.jpg,n02106030_6289,train,n02106030,collie,half_floppy,images/train/n02106030_6289.jpg
n02106030_7572.jpg,n02106030_7572,train,n02106030,collie,half_floppy,images/train/n02106030_7572.jpg
n02106030_8280.jpg,n02106030_8280,train,n02106030,collie,half_floppy,images/train/n02106030_8280.jpg
n02106030_8301.jpg,n02106030_8301,train,n02106030,collie,half_floppy,images/train/n02106030_8301.jpg
n02106030_9078.jpg,n02106030_9078,train,n02106030,collie,half_floppy,images/train/n02106030_9078.jpg
n02106166_1056.jpg,n02106166_1056,train,n02106166,Border_collie,half_floppy,images/train/n02106166_1056.jpg
n02106166_1244.jpg,n02106166_1244,train,n02106166,Border_collie,half_floppy,images/train/n02106166_1244.jpg
n02106166_1284.jpg,n02106166_1284,train,n02106166,Border_collie,half_floppy,images/train/n02106166_1284.jpg
n02106166_1426.jpg,n02106166_1426,train,n02106166,Border_collie,half_floppy,images/train/n02106166_1426.jpg
n02106166_1452.jpg,n02106166_1452,train,n02106166,Border_collie,half_floppy,images/train/n02106166_1452.jpg
n02106166_152.jpg,n02106166_152,train,n02106166,Border_collie,half_floppy,images/train/n02106166_152.jpg
n02106166_1637.jpg,n02106166_1637,train,n02106166,Border_collie,half_floppy,images/train/n02106166_1637.jpg
n02106166_1663.jpg,n02106166_1663,train,n02106166,Border_collie,half_floppy,images/train/n02106166_1663.jpg
n02106166_1729.jpg,n02106166_1729,train,n02106166,Border_collie,half_floppy,images/train/n02106166_1729.jpg
n02106166_180.jpg,n02106166_180,train,n02106166,Border_collie,half_floppy,images/train/n02106166_180.jpg
n02106166_1822.jpg,n02106166_1822,train,n02106166,Border_collie,half_floppy,images/train/n02106166_1822.jpg
n02106166_1842.jpg,n02106166_1842,train,n02106166,Border_collie,half_floppy,images/train/n02106166_1842.jpg
n02106166_1845.jpg,n02106166_1845,train,n02106166,Border_collie,half_floppy,images/train/n02106166_1845.jpg
n02106166_1854.jpg,n02106166_1854,train,n02106166,Border_collie,half_floppy,images/train/n02106166_1854.jpg
n02106166_1983.jpg,n02106166_1983,train,n02106166,Border_collie,half_floppy,images/train/n02106166_1983.jpg
n02106166_1990.jpg,n02106166_1990,train,n02106166,Border_collie,half_floppy,images/train/n02106166_1990.jpg
n02106166_2043.jpg,n02106166_2043,train,n02106166,Border_collie,half_floppy,images/train/n02106166_2043.jpg
n02106166_2072.jpg,n02106166_2072,train,n02106166,Border_collie,half_floppy,images/train/n02106166_2072.jpg
n02106166_2186.jpg,n02106166_2186,train,n02106166,Border_collie,half_floppy,images/train/n02106166_2186.jpg
n02106166_2345.jpg,n02106166_2345,train,n02106166,Border_collie,half_floppy,images/train/n02106166_2345.jpg
n02106166_2685.jpg,n02106166_2685,train,n02106166,Border_collie,half_floppy,images/train/n02106166_2685.jpg
n02106166_3296.jpg,n02106166_3296,train,n02106166,Border_collie,half_floppy,images/train/n02106166_3296.jpg
n02106166_340.jpg,n02106166_340,train,n02106166,Border_collie,half_floppy,images/train/n02106166_340.jpg
n02106166_3416.jpg,n02106166_3416,train,n02106166,Border_collie,half_floppy,images/train/n02106166_3416.jpg
n02106166_3473.jpg,n02106166_3473,train,n02106166,Border_collie,half_floppy,images/train/n02106166_3473.jpg
n02106166_3850.jpg,n02106166_3850,train,n02106166,Border_collie,half_floppy,images/train/n02106166_3850.jpg
n02106166_3882.jpg,n02106166_3882,train,n02106166,Border_collie,half_floppy,images/train/n02106166_3882.jpg
n02106166_401.jpg,n02106166_401,train,n02106166,Border_collie,half_floppy,images/train/n02106166_401.jpg
n02106166_459.jpg,n02106166_459,train,n02106166,Border_collie,half_floppy,images/train/n02106166_459.jpg
n02106166_4625.jpg,n02106166_4625,train,n02106166,Border_collie,half_floppy,images/train/n02106166_4625.jpg
n02106166_5047.jpg,n02106166_5047,train,n02106166,Border_collie,half_floppy,images/train/n02106166_5047.jpg
n02106166_5057.jpg,n02106166_5057,train,n02106166,Border_collie,half_floppy,images/train/n02106166_5057.jpg
n02106166_5073.jpg,n02106166_5073,train,n02106166,Border_collie,half_floppy,images/train/n02106166_5073.jpg
n02106166_6545.jpg,n02106166_6545,train,n02106166,Border_collie,half_floppy,images/train/n02106166_6545.jpg
n02106166_7105.jpg,n02106166_7105,train,n02106166,Border_collie,half_floppy,images/train/n02106166_7105.jpg
n02106166_7329.jpg,n02106166_7329,train,n02106166,Border_collie,half_floppy,images/train/n02106166_7329.jpg
n02106166_8037.jpg,n02106166_8037,train,n02106166,Border_collie,half_floppy,images/train/n02106166_8037.jpg
n02106166_855.jpg,n02106166_855,train,n02106166,Border_collie,half_floppy,images/train/n02106166_855.jpg
n02106166_90.jpg,n02106166_90,train,n02106166,Border_collie,half_floppy,images/train/n02106166_90.jpg
n02106166_930.jpg,n02106166_930,train,n02106166,Border_collie,half_floppy,images/train/n02106166_930.jpg
n02106382_1016.jpg,n02106382_1016,train,n02106382,Bouvier_des_Flandres,half_floppy,images/train/n02106382_1016.jpg
n02106382_1048.jpg,n02106382_1048,train,n02106382,Bouvier_des_Flandres,half_floppy,images/train/n02106382_1048.jpg
n02106382_112.jpg,n02106382_112,train,n02106382,Bouvier_des_Flandres,half_floppy,images/train/n02106382_112.jpg
n02106382_1673.jpg,n02106382_1673,train,n02106382,Bouvier_des_Flandres,half_floppy,images/train/n02106382_1673.jpg
n02106382_1806.jpg,n02106382_1806,train,n02106382,Bouvier_des_Flandres,half_floppy,images/train/n02106382_1806.jpg
n02106382_2012.jpg,n02106382_2012,train,n02106382,Bouvier_des_Flandres,half_floppy,images/train/n02106382_2012.jpg
n02106382_2021.jpg,n02106382_2021,train,n02106382,Bouvier_des_Flandres,half_floppy,images/train/n02106382_2021.jpg
n02106382_2195.jpg,n02106382_2195,train,n02106382,Bouvier_des_Flandres,half_floppy,images/train/n02106382_2195.jpg
n02106382_2370.jpg,n02106382_2370,train,n02106382,Bouvier_des_Flandres,half_floppy,images/train/n02106382_2370.jpg
n02106382_2456.jpg,n02106382_2456,train,n02106382,Bouvier_des_Flandres,half_floppy,images/train/n02106382_2456.jpg
n02106382_2543.jpg,n02106382_2543,train,n02106382,Bouvier_des_Flandres,half_floppy,images/train/n02106382_2543.jpg
n02106382_2715.jpg,n02106382_2715,train,n02106382,Bouvier_des_Flandres,half_floppy,images/train/n02106382_2715.jpg
n02106382_4568.jpg,n02106382_4568,train,n02106382,Bouvier_des_Flandres,half_floppy,images/train/n02106382_4568.jpg
n02106382_5553.jpg,n02106382_5553,train,n02106382,Bouvier_des_Flandres,half_floppy,images/train/n02106382_5553.jpg
n02106382_704.jpg,n02106382_704,train,n02106382,Bouvier_des_Flandres,half_floppy,images/train/n02106382_704.jpg
n02106382_7088.jpg,n02106382_7088,train,n02106382,Bouvier_des_Flandres,half_floppy,images/train/n02106382_7088.jpg
n02106382_788.jpg,n02106382_788,train,n02106382,Bouvier_des_Flandres,half_floppy,images/train/n02106382_788.jpg
n02106382_834.jpg,n02106382_834,train,n02106382,Bouvier_des_Flandres,half_floppy,images/train/n02106382_834.jpg
n02106382_865.jpg,n02106382_865,train,n02106382,Bouvier_des_Flandres,half_floppy,images/train/n02106382_865.jpg
n02106550_10478.jpg,n02106550_10478,train,n02106550,Rottweiler,floppy,images/train/n02106550_10478.jpg
n02106550_10635.jpg,n02106550_10635,train,n02106550,Rottweiler,floppy,images/train/n02106550_10635.jpg
n02106550_10709.jpg,n02106550_10709,train,n02106550,Rottweiler,floppy,images/train/n02106550_10709.jpg
n02106550_10952.jpg,n02106550_10952,train,n02106550,Rottweiler,floppy,images/train/n02106550_10952.jpg
n02106550_10966.jpg,n02106550_10966,train,n02106550,Rottweiler,floppy,images/train/n02106550_10966.jpg
n02106550_11097.jpg,n02106550_11097,train,n02106550,Rottweiler,floppy,images/train/n02106550_11097.jpg
n02106550_11105.jpg,n02106550_11105,train,n02106550,Rottweiler,floppy,images/train/n02106550_11105.jpg
n02106550_11823.jpg,n02106550_11823,train,n02106550,Rottweiler,floppy,images/train/n02106550_11823.jpg
n02106550_11870.jpg,n02106550_11870,train,n02106550,Rottweiler,floppy,images/train/n02106550_11870.jpg
n02106550_12129.jpg,n02106550_12129,train,n02106550,Rottweiler,floppy,images/train/n02106550_12129.jpg
n02106550_12160.jpg,n02106550_12160,train,n02106550,Rottweiler,floppy,images/train/n02106550_12160.jpg
n02106550_1260.jpg,n02106550_1260,train,n02106550,Rottweiler,floppy,images/train/n02106550_1260.jpg
n02106550_12828.jpg,n02106550_12828,train,n02106550,Rottweiler,floppy,images/train/n02106550_12828.jpg
n02106550_2197.jpg,n02106550_2197,train,n02106550,Rottweiler,floppy,images/train/n02106550_2197.jpg
n02106550_2301.jpg,n02106550_2301,train,n02106550,Rottweiler,floppy,images/train/n02106550_2301.jpg
n02106550_2862.jpg,n02106550_2862,train,n02106550,Rottweiler,floppy,images/train/n02106550_2862.jpg
n02106550_3237.jpg,n02106550_3237,train,n02106550,Rottweiler,floppy,images/train/n02106550_3237.jpg
n02106550_3886.jpg,n02106550_3886,train,n02106550,Rottweiler,floppy,images/train/n02106550_3886.jpg
n02106550_3930.jpg,n02106550_3930,train,n02106550,Rottweiler,floppy,images/train/n02106550_3930.jpg
n02106550_4072.jpg,n02106550_4072,train,n02106550,Rottweiler,floppy,images/train/n02106550_4072.jpg
n02106550_4339.jpg,n02106550_4339,train,n02106550,Rottweiler,floppy,images/train/n02106550_4339.jpg
n02106550_4962.jpg,n02106550_4962,train,n02106550,Rottweiler,floppy,images/train/n02106550_4962.jpg
n02106550_5928.jpg,n02106550_5928,train,n02106550,Rottweiler,floppy,images/train/n02106550_5928.jpg
n02106550_6074.jpg,n02106550_6074,train,n02106550,Rottweiler,floppy,images/train/n02106550_6074.jpg
n02106550_6424.jpg,n02106550_6424,train,n02106550,Rottweiler,floppy,images/train/n02106550_6424.jpg
n02106550_7393.jpg,n02106550_7393,train,n02106550,Rottweiler,floppy,images/train/n02106550_7393.jpg
n02106550_7473.jpg,n02106550_7473,train,n02106550,Rottweiler,floppy,images/train/n02106550_7473.jpg
n02106550_7616.jpg,n02106550_7616,train,n02106550,Rottweiler,floppy,images/train/n02106550_7616.jpg
n02106550_8064.jpg,n02106550_8064,train,n02106550,Rottweiler,floppy,images/train/n02106550_8064.jpg
n02106550_8776.jpg,n02106550_8776,train,n02106550,Rottweiler,floppy,images/train/n02106550_8776.jpg
n02106550_9317.jpg,n02106550_9317,train,n02106550,Rottweiler,floppy,images/train/n02106550_9317.jpg
n02106550_9432.jpg,n02106550_9432,train,n02106550,Rottweiler,floppy,images/train/n02106550_9432.jpg
n02106662_10490.jpg,n02106662_10490,train,n02106662,German_shepherd,pointy,images/train/n02106662_10490.jpg
n02106662_10552.jpg,n02106662_10552,train,n02106662,German_shepherd,pointy,images/train/n02106662_10552.jpg
n02106662_10715.jpg,n02106662_10715,train,n02106662,German_shepherd,pointy,images/train/n02106662_10715.jpg
n02106662_12028.jpg,n02106662_12028,train,n02106662,German_shepherd,pointy,images/train/n02106662_12028.jpg
n02106662_13904.jpg,n02106662_13904,train,n02106662,German_shepherd,pointy,images/train/n02106662_13904.jpg
n02106662_14247.jpg,n02106662_14247,train,n02106662,German_shepherd,pointy,images/train/n02106662_14247.jpg
n02106662_146.jpg,n02106662_146,train,n02106662,German_shepherd,pointy,images/train/n02106662_146.jpg
n02106662_15666.jpg,n02106662_15666,train,n02106662,German_shepherd,pointy,images/train/n02106662_15666.jpg
n02106662_18065.jpg,n02106662_18065,train,n02106662,German_shepherd,pointy,images/train/n02106662_18065.jpg
n02106662_1812.jpg,n02106662_1812,train,n02106662,German_shepherd,pointy,images/train/n02106662_1812.jpg
n02106662_18405.jpg,n02106662_18405,train,n02106662,German_shepherd,pointy,images/train/n02106662_18405.jpg
n02106662_20732.jpg,n02106662_20732,train,n02106662,German_shepherd,pointy,images/train/n02106662_20732.jpg
n02106662_21094.jpg,n02106662_21094,train,n02106662,German_shepherd,pointy,images/train/n02106662_21094.jpg
n02106662_22456.jpg,n02106662_22456,train,n02106662,German_shepherd,pointy,images/train/n02106662_22456.jpg
n02106662_24768.jpg,n02106662_24768,train,n02106662,German_shepherd,pointy,images/train/n02106662_24768.jpg
n02106662_248.jpg,n02106662_248,train,n02106662,German_shepherd,pointy,images/train/n02106662_248.jpg
n02106662_2659.jpg,n02106662_2659,train,n02106662,German_shepherd,pointy,images/train/n02106662_2659.jpg
n02106662_2753.jpg,n02106662_2753,train,n02106662,German_shepherd,pointy,images/train/n02106662_2753.jpg
n02106662_2884.jpg,n02106662_2884,train,n02106662,German_shepherd,pointy,images/train/n02106662_2884.jpg
n02106662_320.jpg,n02106662_320,train,n02106662,German_shepherd,pointy,images/train/n02106662_320.jpg
n02106662_4201.jpg,n02106662_4201,train,n02106662,German_shepherd,pointy,images/train/n02106662_4201.jpg
n02106662_597.jpg,n02106662_597,train,n02106662,German_shepherd,pointy,images/train/n02106662_597.jpg
n02106662_6966.jpg,n02106662_6966,train,n02106662,German_shepherd,pointy,images/train/n02106662_6966.jpg
n02106662_7545.jpg,n02106662_7545,train,n02106662,German_shepherd,pointy,images/train/n02106662_7545.jpg
n02107142_1073.jpg,n02107142_1073,train,n02107142,Doberman,pointy,images/train/n02107142_1073.jpg
n02107142_11493.jpg,n02107142_11493,train,n02107142,Doberman,pointy,images/train/n02107142_11493.jpg
n02107142_12488.jpg,n02107142_12488,train,n02107142,Doberman,pointy,images/train/n02107142_12488.jpg
n02107142_13677.jpg,n02107142_13677,train,n02107142,Doberman,pointy,images/train/n02107142_13677.jpg
n02107142_14636.jpg,n02107142_14636,train,n02107142,Doberman,pointy,images/train/n02107142_14636.jpg
n02107142_15003.jpg,n02107142_15003,train,n02107142,Doberman,pointy,images/train/n02107142_15003.jpg
n02107142_16316.jpg,n02107142_16316,train,n02107142,Doberman,pointy,images/train/n02107142_16316.jpg
n02107142_17111.jpg,n02107142_17111,train,n02107142,Doberman,pointy,images/train/n02107142_17111.jpg
n02107142_18582.jpg,n02107142_18582,train,n02107142,Doberman,pointy,images/train/n02107142_18582.jpg
n02107142_1886.jpg,n02107142_1886,train,n02107142,Doberman,pointy,images/train/n02107142_1886.jpg
n02107142_2553.jpg,n02107142_2553,train,n02107142,Doberman,pointy,images/train/n02107142_2553.jpg
n02107142_2654.jpg,n02107142_2654,train,n02107142,Doberman,pointy,images/train/n02107142_2654.jpg
n02107142_278.jpg,n02107142_278,train,n02107142,Doberman,pointy,images/train/n02107142_278.jpg
n02107142_3709.jpg,n02107142_3709,train,n02107142,Doberman,pointy,images/train/n02107142_3709.jpg
n02107142_4017.jpg,n02107142_4017,train,n02107142,Doberman,pointy,images/train/n02107142_4017.jpg
n02107142_5166.jpg,n02107142_5166,train,n02107142,Doberman,pointy,images/train/n02107142_5166.jpg
n02107142_534.jpg,n02107142_534,train,n02107142,Doberman,pointy,images/train/n02107142_534.jpg
n02107142_5783.jpg,n02107142_5783,train,n02107142,Doberman,pointy,images/train/n02107142_5783.jpg
n02107142_6859.jpg,n02107142_6859,train,n02107142,Doberman,pointy,images/train/n02107142_6859.jpg
n02107142_7205.jpg,n02107142_7205,train,n02107142,Doberman,pointy,images/train/n02107142_7205.jpg
n02107142_7206.jpg,n02107142_7206,train,n02107142,Doberman,pointy,images/train/n02107142_7206.jpg
n02107142_7402.jpg,n02107142_7402,train,n02107142,Doberman,pointy,images/train/n02107142_7402.jpg
n02107142_8399.jpg,n02107142_8399,train,n02107142,Doberman,pointy,images/train/n02107142_8399.jpg
n02107142_8437.jpg,n02107142_8437,train,n02107142,Doberman,pointy,images/train/n02107142_8437.jpg
n02107142_8568.jpg,n02107142_8568,train,n02107142,Doberman,pointy,images/train/n02107142_8568.jpg
n02107142_9090.jpg,n02107142_9090,train,n02107142,Doberman,pointy,images/train/n02107142_9090.jpg
n02107312_1233.jpg,n02107312_1233,train,n02107312,miniature_pinscher,pointy,images/train/n02107312_1233.jpg
n02107312_1724.jpg,n02107312_1724,train,n02107312,miniature_pinscher,pointy,images/train/n02107312_1724.jpg
n02107312_1794.jpg,n02107312_1794,train,n02107312,miniature_pinscher,pointy,images/train/n02107312_1794.jpg
n02107312_1885.jpg,n02107312_1885,train,n02107312,miniature_pinscher,pointy,images/train/n02107312_1885.jpg
n02107312_2203.jpg,n02107312_2203,train,n02107312,miniature_pinscher,pointy,images/train/n02107312_2203.jpg
n02107312_2468.jpg,n02107312_2468,train,n02107312,miniature_pinscher,pointy,images/train/n02107312_2468.jpg
n02107312_254.jpg,n02107312_254,train,n02107312,miniature_pinscher,pointy,images/train/n02107312_254.jpg
n02107312_2716.jpg,n02107312_2716,train,n02107312,miniature_pinscher,pointy,images/train/n02107312_2716.jpg
n02107312_2967.jpg,n02107312_2967,train,n02107312,miniature_pinscher,pointy,images/train/n02107312_2967.jpg
n02107312_3624.jpg,n02107312_3624,train,n02107312,miniature_pinscher,pointy,images/train/n02107312_3624.jpg
n02107312_3864.jpg,n02107312_3864,train,n02107312,miniature_pinscher,pointy,images/train/n02107312_3864.jpg
n02107312_398.jpg,n02107312_398,train,n02107312,miniature_pinscher,pointy,images/train/n02107312_398.jpg
n02107312_4167.jpg,n02107312_4167,train,n02107312,miniature_pinscher,pointy,images/train/n02107312_4167.jpg
n02107312_458.jpg,n02107312_458,train,n02107312,miniature_pinscher,pointy,images/train/n02107312_458.jpg
n02107312_4929.jpg,n02107312_4929,train,n02107312,miniature_pinscher,pointy,images/train/n02107312_4929.jpg
n02107312_4996.jpg,n02107312_4996,train,n02107312,miniature_pinscher,pointy,images/train/n02107312_4996.jpg
n02107312_5055.jpg,n02107312_5055,train,n02107312,miniature_pinscher,pointy,images/train/n02107312_5055.jpg
n02107312_5059.jpg,n02107312_5059,train,n02107312,miniature_pinscher,pointy,images/train/n02107312_5059.jpg
n02107312_5968.jpg,n02107312_5968,train,n02107312,miniature_pinscher,pointy,images/train/n02107312_5968.jpg
n02107312_6186.jpg,n02107312_6186,train,n02107312,miniature_pinscher,pointy,images/train/n02107312_6186.jpg
n02107312_6580.jpg,n02107312_6580,train,n02107312,miniature_pinscher,pointy,images/train/n02107312_6580.jpg
n02107312_6680.jpg,n02107312_6680,train,n02107312,miniature_pinscher,pointy,images/train/n02107312_6680.jpg
n02107312_6924.jpg,n02107312_6924,train,n02107312,miniature_pinscher,pointy,images/train/n02107312_6924.jpg
n02107312_6926.jpg,n02107312_6926,train,n02107312,miniature_pinscher,pointy,images/train/n02107312_6926.jpg
n02107312_7029.jpg,n02107312_7029,train,n02107312,miniature_pinscher,pointy,images/train/n02107312_7029.jpg
n02107312_7095.jpg,n02107312_7095,train,n02107312,miniature_pinscher,pointy,images/train/n02107312_7095.jpg
n02107312_7214.jpg,n02107312_7214,train,n02107312,miniature_pinscher,pointy,images/train/n02107312_7214.jpg
n02107312_7235.jpg,n02107312_7235,train,n02107312,miniature_pinscher,pointy,images/train/n02107312_7235.jpg
n02107312_7391.jpg,n02107312_7391,train,n02107312,miniature_pinscher,pointy,images/train/n02107312_7391.jpg
n02107312_7408.jpg,n02107312_7408,train,n02107312,miniature_pinscher,pointy,images/train/n02107312_7408.jpg
n02107312_7578.jpg,n02107312_7578,train,n02107312,miniature_pinscher,pointy,images/train/n02107312_7578.jpg
n02107312_867.jpg,n02107312_867,train,n02107312,miniature_pinscher,pointy,images/train/n02107312_867.jpg
n02107574_1019.jpg,n02107574_1019,train,n02107574,Greater_Swiss_Mountain_dog,floppy,images/train/n02107574_1019.jpg
n02107574_1028.jpg,n02107574_1028,train,n02107574,Greater_Swiss_Mountain_dog,floppy,images/train/n02107574_1028.jpg
n02107574_1032.jpg,n02107574_1032,train,n02107574,Greater_Swiss_Mountain_dog,floppy,images/train/n02107574_1032.jpg
n02107574_1055.jpg,n02107574_1055,train,n02107574,Greater_Swiss_Mountain_dog,floppy,images/train/n02107574_1055.jpg
n02107574_1059.jpg,n02107574_1059,train,n02107574,Greater_Swiss_Mountain_dog,floppy,images/train/n02107574_1059.jpg
n02107574_1092.jpg,n02107574_1092,train,n02107574,Greater_Swiss_Mountain_dog,floppy,images/train/n02107574_1092.jpg
n02107574_1180.jpg,n02107574_1180,train,n02107574,Greater_Swiss_Mountain_dog,floppy,images/train/n02107574_1180.jpg
n02107574_1249.jpg,n02107574_1249,train,n02107574,Greater_Swiss_Mountain_dog,floppy,images/train/n02107574_1249.jpg
n02107574_140.jpg,n02107574_140,train,n02107574,Greater_Swiss_Mountain_dog,floppy,images/train/n02107574_140.jpg
n02107574_1437.jpg,n02107574_1437,train,n02107574,Greater_Swiss_Mountain_dog,floppy,images/train/n02107574_1437.jpg
n02107574_1661.jpg,n02107574_1661,train,n02107574,Greater_Swiss_Mountain_dog,floppy,images/train/n02107574_1661.jpg
n02107574_1871.jpg,n02107574_1871,train,n02107574,Greater_Swiss_Mountain_dog,floppy,images/train/n02107574_1871.jpg
n02107574_1920.jpg,n02107574_1920,train,n02107574,Greater_Swiss_Mountain_dog,floppy,images/train/n02107574_1920.jpg
n02107574_2065.jpg,n02107574_2065,train,n02107574,Greater_Swiss_Mountain_dog,floppy,images/train/n02107574_2065.jpg
n02107574_2066.jpg,n02107574_2066,train,n02107574,Greater_Swiss_Mountain_dog,floppy,images/train/n02107574_2066.jpg
n02107574_2086.jpg,n02107574_2086,train,n02107574,Greater_Swiss_Mountain_dog,floppy,images/train/n02107574_2086.jpg
n02107574_2191.jpg,n02107574_2191,train,n02107574,Greater_Swiss_Mountain_dog,floppy,images/train/n02107574_2191.jpg
n02107574_2259.jpg,n02107574_2259,train,n02107574,Greater_Swiss_Mountain_dog,floppy,images/train/n02107574_2259.jpg
n02107574_2325.jpg,n02107574_2325,train,n02107574,Greater_Swiss_Mountain_dog,floppy,images/train/n02107574_2325.jpg
n02107574_2339.jpg,n02107574_2339,train,n02107574,Greater_Swiss_Mountain_dog,floppy,images/train/n02107574_2339.jpg
n02107574_261.jpg,n02107574_261,train,n02107574,Greater_Swiss_Mountain_dog,floppy,images/train/n02107574_261.jpg
n02107574_2662.jpg,n02107574_2662,train,n02107574,Greater_Swiss_Mountain_dog,floppy,images/train/n02107574_2662.jpg
n02107574_2954.jpg,n02107574_2954,train,n02107574,Greater_Swiss_Mountain_dog,floppy,images/train/n02107574_2954.jpg
n02107574_322.jpg,n02107574_322,train,n02107574,Greater_Swiss_Mountain_dog,floppy,images/train/n02107574_322.jpg
n02107574_3274.jpg,n02107574_3274,train,n02107574,Greater_Swiss_Mountain_dog,floppy,images/train/n02107574_3274.jpg
n02107574_330.jpg,n02107574_330,train,n02107574,Greater_Swiss_Mountain_dog,floppy,images/train/n02107574_330.jpg
n02107574_344.jpg,n02107574_344,train,n02107574,Greater_Swiss_Mountain_dog,floppy,images/train/n02107574_344.jpg
n02107574_380.jpg,n02107574_380,train,n02107574,Greater_Swiss_Mountain_dog,floppy,images/train/n02107574_380.jpg
n02107574_402.jpg,n02107574_402,train,n02107574,Greater_Swiss_Mountain_dog,floppy,images/train/n02107574_402.jpg
n02107574_467.jpg,n02107574_467,train,n02107574,Greater_Swiss_Mountain_dog,floppy,images/train/n02107574_467.jpg
n02107574_530.jpg,n02107574_530,train,n02107574,Greater_Swiss_Mountain_dog,floppy,images/train/n02107574_530.jpg
n02107574_549.jpg,n02107574_549,train,n02107574,Greater_Swiss_Mountain_dog,floppy,images/train/n02107574_549.jpg
n02107574_581.jpg,n02107574_581,train,n02107574,Greater_Swiss_Mountain_dog,floppy,images/train/n02107574_581.jpg
n02107574_640.jpg,n02107574_640,train,n02107574,Greater_Swiss_Mountain_dog,floppy,images/train/n02107574_640.jpg
n02107574_678.jpg,n02107574_678,train,n02107574,Greater_Swiss_Mountain_dog,floppy,images/train/n02107574_678.jpg
n02107574_743.jpg,n02107574_743,train,n02107574,Greater_Swiss_Mountain_dog,floppy,images/train/n02107574_743.jpg
n02107574_778.jpg,n02107574_778,train,n02107574,Greater_Swiss_Mountain_dog,floppy,images/train/n02107574_778.jpg
n02107574_870.jpg,n02107574_870,train,n02107574,Greater_Swiss_Mountain_dog,floppy,images/train/n02107574_870.jpg
n02107574_888.jpg,n02107574_888,train,n02107574,Greater_Swiss_Mountain_dog,floppy,images/train/n02107574_888.jpg
n02107574_986.jpg,n02107574_986,train,n02107574,Greater_Swiss_Mountain_dog,floppy,images/train/n02107574_986.jpg
n02107683_1003.jpg,n02107683_1003,train,n02107683,Bernese_mountain_dog,floppy,images/train/n02107683_1003.jpg
n02107683_1071.jpg,n02107683_1071,train,n02107683,Bernese_mountain_dog,floppy,images/train/n02107683_1071.jpg
n02107683_1076.jpg,n02107683_1076,train,n02107683,Bernese_mountain_dog,floppy,images/train/n02107683_1076.jpg
n02107683_160.jpg,n02107683_160,train,n02107683,Bernese_mountain_dog,floppy,images/train/n02107683_160.jpg
n02107683_1737.jpg,n02107683_1737,train,n02107683,Bernese_mountain_dog,floppy,images/train/n02107683_1737.jpg
n02107683_2036.jpg,n02107683_2036,train,n02107683,Bernese_mountain_dog,floppy,images/train/n02107683_2036.jpg
n02107683_2059.jpg,n02107683_2059,train,n02107683,Bernese_mountain_dog,floppy,images/train/n02107683_2059.jpg
n02107683_2305.jpg,n02107683_2305,train,n02107683,Bernese_mountain_dog,floppy,images/train/n02107683_2305.jpg
n02107683_2312.jpg,n02107683_2312,train,n02107683,Bernese_mountain_dog,floppy,images/train/n02107683_2312.jpg
n02107683_241.jpg,n02107683_241,train,n02107683,Bernese_mountain_dog,floppy,images/train/n02107683_241.jpg
n02107683_2567.jpg,n02107683_2567,train,n02107683,Bernese_mountain_dog,floppy,images/train/n02107683_2567.jpg
n02107683_2965.jpg,n02107683_2965,train,n02107683,Bernese_mountain_dog,floppy,images/train/n02107683_2965.jpg
n02107683_3088.jpg,n02107683_3088,train,n02107683,Bernese_mountain_dog,floppy,images/train/n02107683_3088.jpg
n02107683_34.jpg,n02107683_34,train,n02107683,Bernese_mountain_dog,floppy,images/train/n02107683_34.jpg
n02107683_3478.jpg,n02107683_3478,train,n02107683,Bernese_mountain_dog,floppy,images/train/n02107683_3478.jpg
n02107683_3488.jpg,n02107683_3488,train,n02107683,Bernese_mountain_dog,floppy,images/train/n02107683_3488.jpg
n02107683_3609.jpg,n02107683_3609,train,n02107683,Bernese_mountain_dog,floppy,images/train/n02107683_3609.jpg
n02107683_3655.jpg,n02107683_3655,train,n02107683,Bernese_mountain_dog,floppy,images/train/n02107683_3655.jpg
n02107683_3900.jpg,n02107683_3900,train,n02107683,Bernese_mountain_dog,floppy,images/train/n02107683_3900.jpg
n02107683_3908.jpg,n02107683_3908,train,n02107683,Bernese_mountain_dog,floppy,images/train/n02107683_3908.jpg
n02107683_4168.jpg,n02107683_4168,train,n02107683,Bernese_mountain_dog,floppy,images/train/n02107683_4168.jpg
n02107683_4200.jpg,n02107683_4200,train,n02107683,Bernese_mountain_dog,floppy,images/train/n02107683_4200.jpg
n02107683_4350.jpg,n02107683_4350,train,n02107683,Bernese_mountain_dog,floppy,images/train/n02107683_4350.jpg
n02107683_4410.jpg,n02107683_4410,train,n02107683,Bernese_mountain_dog,floppy,images/train/n02107683_4410.jpg
n02107683_4473.jpg,n02107683_4473,train,n02107683,Bernese_mountain_dog,floppy,images/train/n02107683_4473.jpg
n02107683_4487.jpg,n02107683_4487,train,n02107683,Bernese_mountain_dog,floppy,images/train/n02107683_4487.jpg
n02107683_4727.jpg,n02107683_4727,train,n02107683,Bernese_mountain_dog,floppy,images/train/n02107683_4727.jpg
n02107683_4884.jpg,n02107683_4884,train,n02107683,Bernese_mountain_dog,floppy,images/train/n02107683_4884.jpg
n02107683_4941.jpg,n02107683_4941,train,n02107683,Bernese_mountain_dog,floppy,images/train/n02107683_4941.jpg
n02107683_5194.jpg,n02107683_5194,train,n02107683,Bernese_mountain_dog,floppy,images/train/n02107683_5194.jpg
n02107683_5204.jpg,n02107683_5204,train,n02107683,Bernese_mountain_dog,floppy,images/train/n02107683_5204.jpg
n02107683_5333.jpg,n02107683_5333,train,n02107683,Bernese_mountain_dog,floppy,images/train/n02107683_5333.jpg
n02107683_5745.jpg,n02107683_5745,train,n02107683,Bernese_mountain_dog,floppy,images/train/n02107683_5745.jpg
n02107683_5823.jpg,n02107683_5823,train,n02107683,Bernese_mountain_dog,floppy,images/train/n02107683_5823.jpg
n02107683_61.jpg,n02107683_61,train,n02107683,Bernese_mountain_dog,floppy,images/train/n02107683_61.jpg
n02107683_6151.jpg,n02107683_6151,train,n02107683,Bernese_mountain_dog,floppy,images/train/n02107683_6151.jpg
n02107683_6580.jpg,n02107683_6580,train,n02107683,Bernese_mountain_dog,floppy,images/train/n02107683_6580.jpg
n02107683_6781.jpg,n02107683_6781,train,n02107683,Bernese_mountain_dog,floppy,images/train/n02107683_6781.jpg
n02107683_690.jpg,n02107683_690,train,n02107683,Bernese_mountain_dog,floppy,images/train/n02107683_690.jpg
n02107683_698.jpg,n02107683_698,train,n02107683,Bernese_mountain_dog,floppy,images/train/n02107683_698.jpg
n02107683_71.jpg,n02107683_71,train,n02107683,Bernese_mountain_dog,floppy,images/train/n02107683_71.jpg
n02107683_7183.jpg,n02107683_7183,train,n02107683,Bernese_mountain_dog,floppy,images/train/n02107683_7183.jpg
n02107683_906.jpg,n02107683_906,train,n02107683,Bernese_mountain_dog,floppy,images/train/n02107683_906.jpg
n02107908_1030.jpg,n02107908_1030,train,n02107908,Appenzeller,floppy,images/train/n02107908_1030.jpg
n02107908_1195.jpg,n02107908_1195,train,n02107908,Appenzeller,floppy,images/train/n02107908_1195.jpg
n02107908_2092.jpg,n02107908_2092,train,n02107908,Appenzeller,floppy,images/train/n02107908_2092.jpg
n02107908_2313.jpg,n02107908_2313,train,n02107908,Appenzeller,floppy,images/train/n02107908_2313.jpg
n02107908_2468.jpg,n02107908_2468,train,n02107908,Appenzeller,floppy,images/train/n02107908_2468.jpg
n02107908_2666.jpg,n02107908_2666,train,n02107908,Appenzeller,floppy,images/train/n02107908_2666.jpg
n02107908_2913.jpg,n02107908_2913,train,n02107908,Appenzeller,floppy,images/train/n02107908_2913.jpg
n02107908_298.jpg,n02107908_298,train,n02107908,Appenzeller,floppy,images/train/n02107908_298.jpg
n02107908_3190.jpg,n02107908_3190,train,n02107908,Appenzeller,floppy,images/train/n02107908_3190.jpg
n02107908_3254.jpg,n02107908_3254,train,n02107908,Appenzeller,floppy,images/train/n02107908_3254.jpg
n02107908_3387.jpg,n02107908_3387,train,n02107908,Appenzeller,floppy,images/train/n02107908_3387.jpg
n02107908_3720.jpg,n02107908_3720,train,n02107908,Appenzeller,floppy,images/train/n02107908_3720.jpg
n02107908_3926.jpg,n02107908_3926,train,n02107908,Appenzeller,floppy,images/train/n02107908_3926.jpg
n02107908_3971.jpg,n02107908_3971,train,n02107908,Appenzeller,floppy,images/train/n02107908_3971.jpg
n02107908_4030.jpg,n02107908_4030,train,n02107908,Appenzeller,floppy,images/train/n02107908_4030.jpg
n02107908_4190.jpg,n02107908_4190,train,n02107908,Appenzeller,floppy,images/train/n02107908_4190.jpg
n02107908_47.jpg,n02107908_47,train,n02107908,Appenzeller,floppy,images/train/n02107908_47.jpg
n02107908_4704.jpg,n02107908_4704,train,n02107908,Appenzeller,floppy,images/train/n02107908_4704.jpg
n02107908_4885.jpg,n02107908_4885,train,n02107908,Appenzeller,floppy,images/train/n02107908_4885.jpg
n02107908_5312.jpg,n02107908_5312,train,n02107908,Appenzeller,floppy,images/train/n02107908_5312.jpg
n02107908_5371.jpg,n02107908_5371,train,n02107908,Appenzeller,floppy,images/train/n02107908_5371.jpg
n02107908_5378.jpg,n02107908_5378,train,n02107908,Appenzeller,floppy,images/train/n02107908_5378.jpg
n02107908_5654.jpg,n02107908_5654,train,n02107908,Appenzeller,floppy,images/train/n02107908_5654.jpg
n02107908_585.jpg,n02107908_585,train,n02107908,Appenzeller,floppy,images/train/n02107908_585.jpg
n02107908_5851.jpg,n02107908_5851,train,n02107908,Appenzeller,floppy,images/train/n02107908_5851.jpg
n02107908_6042.jpg,n02107908_6042,train,n02107908,Appenzeller,floppy,images/train/n02107908_6042.jpg
n02107908_6567.jpg,n02107908_6567,train,n02107908,Appenzeller,floppy,images/train/n02107908_6567.jpg
n02107908_6649.jpg,n02107908_6649,train,n02107908,Appenzeller,floppy,images/train/n02107908_6649.jpg
n02107908_671.jpg,n02107908_671,train,n02107908,Appenzeller,floppy,images/train/n02107908_671.jpg
n02107908_6804.jpg,n02107908_6804,train,n02107908,Appenzeller,floppy,images/train/n02107908_6804.jpg
n02107908_7122.jpg,n02107908_7122,train,n02107908,Appenzeller,floppy,images/train/n02107908_7122.jpg
n02107908_737.jpg,n02107908_737,train,n02107908,Appenzeller,floppy,images/train/n02107908_737.jpg
n02107908_7443.jpg,n02107908_7443,train,n02107908,Appenzeller,floppy,images/train/n02107908_7443.jpg
n02107908_7553.jpg,n02107908_7553,train,n02107908,Appenzeller,floppy,images/train/n02107908_7553.jpg
n02107908_7690.jpg,n02107908_7690,train,n02107908,Appenzeller,floppy,images/train/n02107908_7690.jpg
n02107908_8207.jpg,n02107908_8207,train,n02107908,Appenzeller,floppy,images/train/n02107908_8207.jpg
n02107908_9.jpg,n02107908_9,train,n02107908,Appenzeller,floppy,images/train/n02107908_9.jpg
n02107908_91.jpg,n02107908_91,train,n02107908,Appenzeller,floppy,images/train/n02107908_91.jpg
n02108000_1122.jpg,n02108000_1122,train,n02108000,EntleBucher,floppy,images/train/n02108000_1122.jpg
n02108000_1226.jpg,n02108000_1226,train,n02108000,EntleBucher,floppy,images/train/n02108000_1226.jpg
n02108000_1243.jpg,n02108000_1243,train,n02108000,EntleBucher,floppy,images/train/n02108000_1243.jpg
n02108000_1324.jpg,n02108000_1324,train,n02108000,EntleBucher,floppy,images/train/n02108000_1324.jpg
n02108000_1339.jpg,n02108000_1339,train,n02108000,EntleBucher,floppy,images/train/n02108000_1339.jpg
n02108000_157.jpg,n02108000_157,train,n02108000,EntleBucher,floppy,images/train/n02108000_157.jpg
n02108000_1750.jpg,n02108000_1750,train,n02108000,EntleBucher,floppy,images/train/n02108000_1750.jpg
n02108000_1757.jpg,n02108000_1757,train,n02108000,EntleBucher,floppy,images/train/n02108000_1757.jpg
n02108000_1874.jpg,n02108000_1874,train,n02108000,EntleBucher,floppy,images/train/n02108000_1874.jpg
n02108000_1901.jpg,n02108000_1901,train,n02108000,EntleBucher,floppy,images/train/n02108000_1901.jpg
n02108000_202.jpg,n02108000_202,train,n02108000,EntleBucher,floppy,images/train/n02108000_202.jpg
n02108000_204.jpg,n02108000_204,train,n02108000,EntleBucher,floppy,images/train/n02108000_204.jpg
n02108000_2065.jpg,n02108000_2065,train,n02108000,EntleBucher,floppy,images/train/n02108000_2065.jpg
n02108000_2166.jpg,n02108000_2166,train,n02108000,EntleBucher,floppy,images/train/n02108000_2166.jpg
n02108000_2457.jpg,n02108000_2457,train,n02108000,EntleBucher,floppy,images/train/n02108000_2457.jpg
n02108000_2635.jpg,n02108000_2635,train,n02108000,EntleBucher,floppy,images/train/n02108000_2635.jpg
n02108000_2653.jpg,n02108000_2653,train,n02108000,EntleBucher,floppy,images/train/n02108000_2653.jpg
n02108000_2734.jpg,n02108000_2734,train,n02108000,EntleBucher,floppy,images/train/n02108000_2734.jpg
n02108000_2962.jpg,n02108000_2962,train,n02108000,EntleBucher,floppy,images/train/n02108000_2962.jpg
n02108000_31.jpg,n02108000_31,train,n02108000,EntleBucher,floppy,images/train/n02108000_31.jpg
n02108000_326.jpg,n02108000_326,train,n02108000,EntleBucher,floppy,images/train/n02108000_326.jpg
n02108000_3291.jpg,n02108000_3291,train,n02108000,EntleBucher,floppy,images/train/n02108000_3291.jpg
n02108000_3296.jpg,n02108000_3296,train,n02108000,EntleBucher,floppy,images/train/n02108000_3296.jpg
n02108000_3299.jpg,n02108000_3299,train,n02108000,EntleBucher,floppy,images/train/n02108000_3299.jpg
n02108000_3306.jpg,n02108000_3306,train,n02108000,EntleBucher,floppy,images/train/n02108000_3306.jpg
n02108000_339.jpg,n02108000_339,train,n02108000,EntleBucher,floppy,images/train/n02108000_339.jpg
n02108000_3500.jpg,n02108000_3500,train,n02108000,EntleBucher,floppy,images/train/n02108000_3500.jpg
n02108000_558.jpg,n02108000_558,train,n02108000,EntleBucher,floppy,images/train/n02108000_558.jpg
n02108000_710.jpg,n02108000_710,train,n02108000,EntleBucher,floppy,images/train/n02108000_710.jpg
n02108000_729.jpg,n02108000_729,train,n02108000,EntleBucher,floppy,images/train/n02108000_729.jpg
n02108000_918.jpg,n02108000_918,train,n02108000,EntleBucher,floppy,images/train/n02108000_918.jpg
n02108000_983.jpg,n02108000_983,train,n02108000,EntleBucher,floppy,images/train/n02108000_983.jpg
n02108000_995.jpg,n02108000_995,train,n02108000,EntleBucher,floppy,images/train/n02108000_995.jpg
n02108089_1104.jpg,n02108089_1104,train,n02108089,boxer,half_floppy,images/train/n02108089_1104.jpg
n02108089_11074.jpg,n02108089_11074,train,n02108089,boxer,half_floppy,images/train/n02108089_11074.jpg
n02108089_11154.jpg,n02108089_11154,train,n02108089,boxer,half_floppy,images/train/n02108089_11154.jpg
n02108089_11616.jpg,n02108089_11616,train,n02108089,boxer,half_floppy,images/train/n02108089_11616.jpg
n02108089_12739.jpg,n02108089_12739,train,n02108089,boxer,half_floppy,images/train/n02108089_12739.jpg
n02108089_12827.jpg,n02108089_12827,train,n02108089,boxer,half_floppy,images/train/n02108089_12827.jpg
n02108089_13340.jpg,n02108089_13340,train,n02108089,boxer,half_floppy,images/train/n02108089_13340.jpg
n02108089_1357.jpg,n02108089_1357,train,n02108089,boxer,half_floppy,images/train/n02108089_1357.jpg
n02108089_13839.jpg,n02108089_13839,train,n02108089,boxer,half_floppy,images/train/n02108089_13839.jpg
n02108089_14719.jpg,n02108089_14719,train,n02108089,boxer,half_floppy,images/train/n02108089_14719.jpg
n02108089_15702.jpg,n02108089_15702,train,n02108089,boxer,half_floppy,images/train/n02108089_15702.jpg
n02108089_1575.jpg,n02108089_1575,train,n02108089,boxer,half_floppy,images/train/n02108089_1575.jpg
n02108089_200.jpg,n02108089_200,train,n02108089,boxer,half_floppy,images/train/n02108089_200.jpg
n02108089_2106.jpg,n02108089_2106,train,n02108089,boxer,half_floppy,images/train/n02108089_2106.jpg
n02108089_3028.jpg,n02108089_3028,train,n02108089,boxer,half_floppy,images/train/n02108089_3028.jpg
n02108089_3162.jpg,n02108089_3162,train,n02108089,boxer,half_floppy,images/train/n02108089_3162.jpg
n02108089_3248.jpg,n02108089_3248,train,n02108089,boxer,half_floppy,images/train/n02108089_3248.jpg
n02108089_3269.jpg,n02108089_3269,train,n02108089,boxer,half_floppy,images/train/n02108089_3269.jpg
n02108089_3400.jpg,n02108089_3400,train,n02108089,boxer,half_floppy,images/train/n02108089_3400.jpg
n02108089_4440.jpg,n02108089_4440,train,n02108089,boxer,half_floppy,images/train/n02108089_4440.jpg
n02108089_5043.jpg,n02108089_5043,train,n02108089,boxer,half_floppy,images/train/n02108089_5043.jpg
n02108089_522.jpg,n02108089_522,train,n02108089,boxer,half_floppy,images/train/n02108089_522.jpg
n02108089_5423.jpg,n02108089_5423,train,n02108089,boxer,half_floppy,images/train/n02108089_5423.jpg
n02108089_770.jpg,n02108089_770,train,n02108089,boxer,half_floppy,images/train/n02108089_770.jpg
n02108089_78.jpg,n02108089_78,train,n02108089,boxer,half_floppy,images/train/n02108089_78.jpg
n02108089_813.jpg,n02108089_813,train,n02108089,boxer,half_floppy,images/train/n02108089_813.jpg
n02108089_849.jpg,n02108089_849,train,n02108089,boxer,half_floppy,images/train/n02108089_849.jpg
n02108089_9076.jpg,n02108089_9076,train,n02108089,boxer,half_floppy,images/train/n02108089_9076.jpg
n02108089_922.jpg,n02108089_922,train,n02108089,boxer,half_floppy,images/train/n02108089_922.jpg
n02108089_926.jpg,n02108089_926,train,n02108089,boxer,half_floppy,images/train/n02108089_926.jpg
n02108422_1305.jpg,n02108422_1305,train,n02108422,bull_mastiff,floppy,images/train/n02108422_1305.jpg
n02108422_1445.jpg,n02108422_1445,train,n02108422,bull_mastiff,floppy,images/train/n02108422_1445.jpg
n02108422_1549.jpg,n02108422_1549,train,n02108422,bull_mastiff,floppy,images/train/n02108422_1549.jpg
n02108422_1869.jpg,n02108422_1869,train,n02108422,bull_mastiff,floppy,images/train/n02108422_1869.jpg
n02108422_1889.jpg,n02108422_1889,train,n02108422,bull_mastiff,floppy,images/train/n02108422_1889.jpg
n02108422_1923.jpg,n02108422_1923,train,n02108422,bull_mastiff,floppy,images/train/n02108422_1923.jpg
n02108422_1939.jpg,n02108422_1939,train,n02108422,bull_mastiff,floppy,images/train/n02108422_1939.jpg
n02108422_1958.jpg,n02108422_1958,train,n02108422,bull_mastiff,floppy,images/train/n02108422_1958.jpg
n02108422_2082.jpg,n02108422_2082,train,n02108422,bull_mastiff,floppy,images/train/n02108422_2082.jpg
n02108422_2111.jpg,n02108422_2111,train,n02108422,bull_mastiff,floppy,images/train/n02108422_2111.jpg
n02108422_2441.jpg,n02108422_2441,train,n02108422,bull_mastiff,floppy,images/train/n02108422_2441.jpg
n02108422_2443.jpg,n02108422_2443,train,n02108422,bull_mastiff,floppy,images/train/n02108422_2443.jpg
n02108422_2678.jpg,n02108422_2678,train,n02108422,bull_mastiff,floppy,images/train/n02108422_2678.jpg
n02108422_278.jpg,n02108422_278,train,n02108422,bull_mastiff,floppy,images/train/n02108422_278.jpg
n02108422_2867.jpg,n02108422_2867,train,n02108422,bull_mastiff,floppy,images/train/n02108422_2867.jpg
n02108422_3101.jpg,n02108422_3101,train,n02108422,bull_mastiff,floppy,images/train/n02108422_3101.jpg
n02108422_3169.jpg,n02108422_3169,train,n02108422,bull_mastiff,floppy,images/train/n02108422_3169.jpg
n02108422_3197.jpg,n02108422_3197,train,n02108422,bull_mastiff,floppy,images/train/n02108422_3197.jpg
n02108422_3273.jpg,n02108422_3273,train,n02108422,bull_mastiff,floppy,images/train/n02108422_3273.jpg
n02108422_3749.jpg,n02108422_3749,train,n02108422,bull_mastiff,floppy,images/train/n02108422_3749.jpg
n02108422_4099.jpg,n02108422_4099,train,n02108422,bull_mastiff,floppy,images/train/n02108422_4099.jpg
n02108422_4250.jpg,n02108422_4250,train,n02108422,bull_mastiff,floppy,images/train/n02108422_4250.jpg
n02108422_4396.jpg,n02108422_4396,train,n02108422,bull_mastiff,floppy,images/train/n02108422_4396.jpg
n02108422_4454.jpg,n02108422_4454,train,n02108422,bull_mastiff,floppy,images/train/n02108422_4454.jpg
n02108422_4637.jpg,n02108422_4637,train,n02108422,bull_mastiff,floppy,images/train/n02108422_4637.jpg
n02108422_4793.jpg,n02108422_4793,train,n02108422,bull_mastiff,floppy,images/train/n02108422_4793.jpg
n02108422_4945.jpg,n02108422_4945,train,n02108422,bull_mastiff,floppy,images/train/n02108422_4945.jpg
n02108422_5143.jpg,n02108422_5143,train,n02108422,bull_mastiff,floppy,images/train/n02108422_5143.jpg
n02108422_5401.jpg,n02108422_5401,train,n02108422,bull_mastiff,floppy,images/train/n02108422_5401.jpg
n02108422_5490.jpg,n02108422_5490,train,n02108422,bull_mastiff,floppy,images/train/n02108422_5490.jpg
n02108422_567.jpg,n02108422_567,train,n02108422,bull_mastiff,floppy,images/train/n02108422_567.jpg
n02108422_734.jpg,n02108422_734,train,n02108422,bull_mastiff,floppy,images/train/n02108422_734.jpg
n02108422_754.jpg,n02108422_754,train,n02108422,bull_mastiff,floppy,images/train/n02108422_754.jpg
n02108551_1121.jpg,n02108551_1121,train,n02108551,Tibetan_mastiff,floppy,images/train/n02108551_1121.jpg
n02108551_1155.jpg,n02108551_1155,train,n02108551,Tibetan_mastiff,floppy,images/train/n02108551_1155.jpg
n02108551_146.jpg,n02108551_146,train,n02108551,Tibetan_mastiff,floppy,images/train/n02108551_146.jpg
n02108551_1700.jpg,n02108551_1700,train,n02108551,Tibetan_mastiff,floppy,images/train/n02108551_1700.jpg
n02108551_1705.jpg,n02108551_1705,train,n02108551,Tibetan_mastiff,floppy,images/train/n02108551_1705.jpg
n02108551_1815.jpg,n02108551_1815,train,n02108551,Tibetan_mastiff,floppy,images/train/n02108551_1815.jpg
n02108551_1968.jpg,n02108551_1968,train,n02108551,Tibetan_mastiff,floppy,images/train/n02108551_1968.jpg
n02108551_1991.jpg,n02108551_1991,train,n02108551,Tibetan_mastiff,floppy,images/train/n02108551_1991.jpg
n02108551_2014.jpg,n02108551_2014,train,n02108551,Tibetan_mastiff,floppy,images/train/n02108551_2014.jpg
n02108551_2097.jpg,n02108551_2097,train,n02108551,Tibetan_mastiff,floppy,images/train/n02108551_2097.jpg
n02108551_227.jpg,n02108551_227,train,n02108551,Tibetan_mastiff,floppy,images/train/n02108551_227.jpg
n02108551_2301.jpg,n02108551_2301,train,n02108551,Tibetan_mastiff,floppy,images/train/n02108551_2301.jpg
n02108551_239.jpg,n02108551_239,train,n02108551,Tibetan_mastiff,floppy,images/train/n02108551_239.jpg
n02108551_2514.jpg,n02108551_2514,train,n02108551,Tibetan_mastiff,floppy,images/train/n02108551_2514.jpg
n02108551_2550.jpg,n02108551_2550,train,n02108551,Tibetan_mastiff,floppy,images/train/n02108551_2550.jpg
n02108551_262.jpg,n02108551_262,train,n02108551,Tibetan_mastiff,floppy,images/train/n02108551_262.jpg
n02108551_2698.jpg,n02108551_2698,train,n02108551,Tibetan_mastiff,floppy,images/train/n02108551_2698.jpg
n02108551_2850.jpg,n02108551_2850,train,n02108551,Tibetan_mastiff,floppy,images/train/n02108551_2850.jpg
n02108551_2921.jpg,n02108551_2921,train,n02108551,Tibetan_mastiff,floppy,images/train/n02108551_2921.jpg
n02108551_3482.jpg,n02108551_3482,train,n02108551,Tibetan_mastiff,floppy,images/train/n02108551_3482.jpg
n02108551_3501.jpg,n02108551_3501,train,n02108551,Tibetan_mastiff,floppy,images/train/n02108551_3501.jpg
n02108551_3522.jpg,n02108551_3522,train,n02108551,Tibetan_mastiff,floppy,images/train/n02108551_3522.jpg
n02108551_3578.jpg,n02108551_3578,train,n02108551,Tibetan_mastiff,floppy,images/train/n02108551_3578.jpg
n02108551_3737.jpg,n02108551_3737,train,n02108551,Tibetan_mastiff,floppy,images/train/n02108551_3737.jpg
n02108551_3840.jpg,n02108551_3840,train,n02108551,Tibetan_mastiff,floppy,images/train/n02108551_3840.jpg
n02108551_433.jpg,n02108551_433,train,n02108551,Tibetan_mastiff,floppy,images/train/n02108551_433.jpg
n02108551_4379.jpg,n02108551_4379,train,n02108551,Tibetan_mastiff,floppy,images/train/n02108551_4379.jpg
n02108551_462.jpg,n02108551_462,train,n02108551,Tibetan_mastiff,floppy,images/train/n02108551_462.jpg
n02108551_4682.jpg,n02108551_4682,train,n02108551,Tibetan_mastiff,floppy,images/train/n02108551_4682.jpg
n02108551_4697.jpg,n02108551_4697,train,n02108551,Tibetan_mastiff,floppy,images/train/n02108551_4697.jpg
n02108551_4807.jpg,n02108551_4807,train,n02108551,Tibetan_mastiff,floppy,images/train/n02108551_4807.jpg
n02108551_4927.jpg,n02108551_4927,train,n02108551,Tibetan_mastiff,floppy,images/train/n02108551_4927.jpg
n02108551_5216.jpg,n02108551_5216,train,n02108551,Tibetan_mastiff,floppy,images/train/n02108551_5216.jpg
n02108551_598.jpg,n02108551_598,train,n02108551,Tibetan_mastiff,floppy,images/train/n02108551_598.jpg
n02108551_6100.jpg,n02108551_6100,train,n02108551,Tibetan_mastiff,floppy,images/train/n02108551_6100.jpg
n02108551_660.jpg,n02108551_660,train,n02108551,Tibetan_mastiff,floppy,images/train/n02108551_660.jpg
n02108551_734.jpg,n02108551_734,train,n02108551,Tibetan_mastiff,floppy,images/train/n02108551_734.jpg
n02108551_854.jpg,n02108551_854,train,n02108551,Tibetan_mastiff,floppy,images/train/n02108551_854.jpg
n02108551_8943.jpg,n02108551_8943,train,n02108551,Tibetan_mastiff,floppy,images/train/n02108551_8943.jpg
n02108551_9391.jpg,n02108551_9391,train,n02108551,Tibetan_mastiff,floppy,images/train/n02108551_9391.jpg
n02108551_957.jpg,n02108551_957,train,n02108551,Tibetan_mastiff,floppy,images/train/n02108551_957.jpg
n02108915_10564.jpg,n02108915_10564,train,n02108915,French_bulldog,pointy,images/train/n02108915_10564.jpg
n02108915_1137.jpg,n02108915_1137,train,n02108915,French_bulldog,pointy,images/train/n02108915_1137.jpg
n02108915_11498.jpg,n02108915_11498,train,n02108915,French_bulldog,pointy,images/train/n02108915_11498.jpg
n02108915_11550.jpg,n02108915_11550,train,n02108915,French_bulldog,pointy,images/train/n02108915_11550.jpg
n02108915_12288.jpg,n02108915_12288,train,n02108915,French_bulldog,pointy,images/train/n02108915_12288.jpg
n02108915_1513.jpg,n02108915_1513,train,n02108915,French_bulldog,pointy,images/train/n02108915_1513.jpg
n02108915_160.jpg,n02108915_160,train,n02108915,French_bulldog,pointy,images/train/n02108915_160.jpg
n02108915_1612.jpg,n02108915_1612,train,n02108915,French_bulldog,pointy,images/train/n02108915_1612.jpg
n02108915_1788.jpg,n02108915_1788,train,n02108915,French_bulldog,pointy,images/train/n02108915_1788.jpg
n02108915_1866.jpg,n02108915_1866,train,n02108915,French_bulldog,pointy,images/train/n02108915_1866.jpg
n02108915_1895.jpg,n02108915_1895,train,n02108915,French_bulldog,pointy,images/train/n02108915_1895.jpg
n02108915_198.jpg,n02108915_198,train,n02108915,French_bulldog,pointy,images/train/n02108915_198.jpg
n02108915_2166.jpg,n02108915_2166,train,n02108915,French_bulldog,pointy,images/train/n02108915_2166.jpg
n02108915_2756.jpg,n02108915_2756,train,n02108915,French_bulldog,pointy,images/train/n02108915_2756.jpg
n02108915_2899.jpg,n02108915_2899,train,n02108915,French_bulldog,pointy,images/train/n02108915_2899.jpg
n02108915_2946.jpg,n02108915_2946,train,n02108915,French_bulldog,pointy,images/train/n02108915_2946.jpg
n02108915_3098.jpg,n02108915_3098,train,n02108915,French_bulldog,pointy,images/train/n02108915_3098.jpg
n02108915_3202.jpg,n02108915_3202,train,n02108915,French_bulldog,pointy,images/train/n02108915_3202.jpg
n02108915_3557.jpg,n02108915_3557,train,n02108915,French_bulldog,pointy,images/train/n02108915_3557.jpg
n02108915_4133.jpg,n02108915_4133,train,n02108915,French_bulldog,pointy,images/train/n02108915_4133.jpg
n02108915_4372.jpg,n02108915_4372,train,n02108915,French_bulldog,pointy,images/train/n02108915_4372.jpg
n02108915_4991.jpg,n02108915_4991,train,n02108915,French_bulldog,pointy,images/train/n02108915_4991.jpg
n02108915_5096.jpg,n02108915_5096,train,n02108915,French_bulldog,pointy,images/train/n02108915_5096.jpg
n02108915_5201.jpg,n02108915_5201,train,n02108915,French_bulldog,pointy,images/train/n02108915_5201.jpg
n02108915_5367.jpg,n02108915_5367,train,n02108915,French_bulldog,pointy,images/train/n02108915_5367.jpg
n02108915_5667.jpg,n02108915_5667,train,n02108915,French_bulldog,pointy,images/train/n02108915_5667.jpg
n02108915_57.jpg,n02108915_57,train,n02108915,French_bulldog,pointy,images/train/n02108915_57.jpg
n02108915_571.jpg,n02108915_571,train,n02108915,French_bulldog,pointy,images/train/n02108915_571.jpg
n02108915_5813.jpg,n02108915_5813,train,n02108915,French_bulldog,pointy,images/train/n02108915_5813.jpg
n02108915_623.jpg,n02108915_623,train,n02108915,French_bulldog,pointy,images/train/n02108915_623.jpg
n02108915_6270.jpg,n02108915_6270,train,n02108915,French_bulldog,pointy,images/train/n02108915_6270.jpg
n02108915_6462.jpg,n02108915_6462,train,n02108915,French_bulldog,pointy,images/train/n02108915_6462.jpg
n02108915_720.jpg,n02108915_720,train,n02108915,French_bulldog,pointy,images/train/n02108915_720.jpg
n02108915_8258.jpg,n02108915_8258,train,n02108915,French_bulldog,pointy,images/train/n02108915_8258.jpg
n02108915_8604.jpg,n02108915_8604,train,n02108915,French_bulldog,pointy,images/train/n02108915_8604.jpg
n02108915_9399.jpg,n02108915_9399,train,n02108915,French_bulldog,pointy,images/train/n02108915_9399.jpg
n02108915_9457.jpg,n02108915_9457,train,n02108915,French_bulldog,pointy,images/train/n02108915_9457.jpg
n02108915_9666.jpg,n02108915_9666,train,n02108915,French_bulldog,pointy,images/train/n02108915_9666.jpg
n02108915_9899.jpg,n02108915_9899,train,n02108915,French_bulldog,pointy,images/train/n02108915_9899.jpg
n02109047_1005.jpg,n02109047_1005,train,n02109047,Great_Dane,floppy,images/train/n02109047_1005.jpg
n02109047_10112.jpg,n02109047_10112,train,n02109047,Great_Dane,floppy,images/train/n02109047_10112.jpg
n02109047_10160.jpg,n02109047_10160,train,n02109047,Great_Dane,floppy,images/train/n02109047_10160.jpg
n02109047_11184.jpg,n02109047_11184,train,n02109047,Great_Dane,floppy,images/train/n02109047_11184.jpg
n02109047_12193.jpg,n02109047_12193,train,n02109047,Great_Dane,floppy,images/train/n02109047_12193.jpg
n02109047_12726.jpg,n02109047_12726,train,n02109047,Great_Dane,floppy,images/train/n02109047_12726.jpg
n02109047_12899.jpg,n02109047_12899,train,n02109047,Great_Dane,floppy,images/train/n02109047_12899.jpg
n02109047_12916.jpg,n02109047_12916,train,n02109047,Great_Dane,floppy,images/train/n02109047_12916.jpg
n02109047_1480.jpg,n02109047_1480,train,n02109047,Great_Dane,floppy,images/train/n02109047_1480.jpg
n02109047_1813.jpg,n02109047_1813,train,n02109047,Great_Dane,floppy,images/train/n02109047_1813.jpg
n02109047_18490.jpg,n02109047_18490,train,n02109047,Great_Dane,floppy,images/train/n02109047_18490.jpg
n02109047_19984.jpg,n02109047_19984,train,n02109047,Great_Dane,floppy,images/train/n02109047_19984.jpg
n02109047_20023.jpg,n02109047_20023,train,n02109047,Great_Dane,floppy,images/train/n02109047_20023.jpg
n02109047_2009.jpg,n02109047_2009,train,n02109047,Great_Dane,floppy,images/train/n02109047_2009.jpg
n02109047_22193.jpg,n02109047_22193,train,n02109047,Great_Dane,floppy,images/train/n02109047_22193.jpg
n02109047_22481.jpg,n02109047_22481,train,n02109047,Great_Dane,floppy,images/train/n02109047_22481.jpg
n02109047_23852.jpg,n02109047_23852,train,n02109047,Great_Dane,floppy,images/train/n02109047_23852.jpg
n02109047_2527.jpg,n02109047_2527,train,n02109047,Great_Dane,floppy,images/train/n02109047_2527.jpg
n02109047_2859.jpg,n02109047_2859,train,n02109047,Great_Dane,floppy,images/train/n02109047_2859.jpg
n02109047_3001.jpg,n02109047_3001,train,n02109047,Great_Dane,floppy,images/train/n02109047_3001.jpg
n02109047_34093.jpg,n02109047_34093,train,n02109047,Great_Dane,floppy,images/train/n02109047_34093.jpg
n02109047_481.jpg,n02109047_481,train,n02109047,Great_Dane,floppy,images/train/n02109047_481.jpg
n02109047_4884.jpg,n02109047_4884,train,n02109047,Great_Dane,floppy,images/train/n02109047_4884.jpg
n02109047_5588.jpg,n02109047_5588,train,n02109047,Great_Dane,floppy,images/train/n02109047_5588.jpg
n02109047_562.jpg,n02109047_562,train,n02109047,Great_Dane,floppy,images/train/n02109047_562.jpg
n02109047_5675.jpg,n02109047_5675,train,n02109047,Great_Dane,floppy,images/train/n02109047_5675.jpg
n02109047_6061.jpg,n02109047_6061,train,n02109047,Great_Dane,floppy,images/train/n02109047_6061.jpg
n02109047_6680.jpg,n02109047_6680,train,n02109047,Great_Dane,floppy,images/train/n02109047_6680.jpg
n02109047_7072.jpg,n02109047_7072,train,n02109047,Great_Dane,floppy,images/train/n02109047_7072.jpg
n02109047_7156.jpg,n02109047_7156,train,n02109047,Great_Dane,floppy,images/train/n02109047_7156.jpg
n02109047_7227.jpg,n02109047_7227,train,n02109047,Great_Dane,floppy,images/train/n02109047_7227.jpg
n02109047_8139.jpg,n02109047_8139,train,n02109047,Great_Dane,floppy,images/train/n02109047_8139.jpg
n02109047_888.jpg,n02109047_888,train,n02109047,Great_Dane,floppy,images/train/n02109047_888.jpg
n02109047_8912.jpg,n02109047_8912,train,n02109047,Great_Dane,floppy,images/train/n02109047_8912.jpg
n02109047_926.jpg,n02109047_926,train,n02109047,Great_Dane,floppy,images/train/n02109047_926.jpg
n02109047_9396.jpg,n02109047_9396,train,n02109047,Great_Dane,floppy,images/train/n02109047_9396.jpg
n02109047_94.jpg,n02109047_94,train,n02109047,Great_Dane,floppy,images/train/n02109047_94.jpg
n02109525_10032.jpg,n02109525_10032,train,n02109525,Saint_Bernard,floppy,images/train/n02109525_10032.jpg
n02109525_10146.jpg,n02109525_10146,train,n02109525,Saint_Bernard,floppy,images/train/n02109525_10146.jpg
n02109525_10215.jpg,n02109525_10215,train,n02109525,Saint_Bernard,floppy,images/train/n02109525_10215.jpg
n02109525_10805.jpg,n02109525_10805,train,n02109525,Saint_Bernard,floppy,images/train/n02109525_10805.jpg
n02109525_1100.jpg,n02109525_1100,train,n02109525,Saint_Bernard,floppy,images/train/n02109525_1100.jpg
n02109525_11732.jpg,n02109525_11732,train,n02109525,Saint_Bernard,floppy,images/train/n02109525_11732.jpg
n02109525_12392.jpg,n02109525_12392,train,n02109525,Saint_Bernard,floppy,images/train/n02109525_12392.jpg
n02109525_1271.jpg,n02109525_1271,train,n02109525,Saint_Bernard,floppy,images/train/n02109525_1271.jpg
n02109525_13154.jpg,n02109525_13154,train,n02109525,Saint_Bernard,floppy,images/train/n02109525_13154.jpg
n02109525_13230.jpg,n02109525_13230,train,n02109525,Saint_Bernard,floppy,images/train/n02109525_13230.jpg
n02109525_13655.jpg,n02109525_13655,train,n02109525,Saint_Bernard,floppy,images/train/n02109525_13655.jpg
n02109525_13702.jpg,n02109525_13702,train,n02109525,Saint_Bernard,floppy,images/train/n02109525_13702.jpg
n02109525_13780.jpg,n02109525_13780,train,n02109525,Saint_Bernard,floppy,images/train/n02109525_13780.jpg
n02109525_14249.jpg,n02109525_14249,train,n02109525,Saint_Bernard,floppy,images/train/n02109525_14249.jpg
n02109525_1502.jpg,n02109525_1502,train,n02109525,Saint_Bernard,floppy,images/train/n02109525_1502.jpg
n02109525_15376.jpg,n02109525_15376,train,n02109525,Saint_Bernard,floppy,images/train/n02109525_15376.jpg
n02109525_16100.jpg,n02109525_16100,train,n02109525,Saint_Bernard,floppy,images/train/n02109525_16100.jpg
n02109525_17025.jpg,n02109525_17025,train,n02109525,Saint_Bernard,floppy,images/train/n02109525_17025.jpg
n02109525_1717.jpg,n02109525_1717,train,n02109525,Saint_Bernard,floppy,images/train/n02109525_1717.jpg
n02109525_1880.jpg,n02109525_1880,train,n02109525,Saint_Bernard,floppy,images/train/n02109525_1880.jpg
n02109525_18948.jpg,n02109525_18948,train,n02109525,Saint_Bernard,floppy,images/train/n02109525_18948.jpg
n02109525_1902.jpg,n02109525_1902,train,n02109525,Saint_Bernard,floppy,images/train/n02109525_1902.jpg
n02109525_2248.jpg,n02109525_2248,train,n02109525,Saint_Bernard,floppy,images/train/n02109525_2248.jpg
n02109525_243.jpg,n02109525_243,train,n02109525,Saint_Bernard,floppy,images/train/n02109525_243.jpg
n02109525_2648.jpg,n02109525_2648,train,n02109525,Saint_Bernard,floppy,images/train/n02109525_2648.jpg
n02109525_2681.jpg,n02109525_2681,train,n02109525,Saint_Bernard,floppy,images/train/n02109525_2681.jpg
n02109525_2737.jpg,n02109525_2737,train,n02109525,Saint_Bernard,floppy,images/train/n02109525_2737.jpg
n02109525_2810.jpg,n02109525_2810,train,n02109525,Saint_Bernard,floppy,images/train/n02109525_2810.jpg
n02109525_2840.jpg,n02109525_2840,train,n02109525,Saint_Bernard,floppy,images/train/n02109525_2840.jpg
n02109525_3448.jpg,n02109525_3448,train,n02109525,Saint_Bernard,floppy,images/train/n02109525_3448.jpg
n02109525_3667.jpg,n02109525_3667,train,n02109525,Saint_Bernard,floppy,images/train/n02109525_3667.jpg
n02109525_393.jpg,n02109525_393,train,n02109525,Saint_Bernard,floppy,images/train/n02109525_393.jpg
n02109525_4021.jpg,n02109525_4021,train,n02109525,Saint_Bernard,floppy,images/train/n02109525_4021.jpg
n02109525_4516.jpg,n02109525_4516,train,n02109525,Saint_Bernard,floppy,images/train/n02109525_4516.jpg
n02109525_7085.jpg,n02109525_7085,train,n02109525,Saint_Bernard,floppy,images/train/n02109525_7085.jpg
n02109525_7121.jpg,n02109525_7121,train,n02109525,Saint_Bernard,floppy,images/train/n02109525_7121.jpg
n02109525_7579.jpg,n02109525_7579,train,n02109525,Saint_Bernard,floppy,images/train/n02109525_7579.jpg
n02109525_7982.jpg,n02109525_7982,train,n02109525,Saint_Bernard,floppy,images/train/n02109525_7982.jpg
n02109525_8417.jpg,n02109525_8417,train,n02109525,Saint_Bernard,floppy,images/train/n02109525_8417.jpg
n02109525_8475.jpg,n02109525_8475,train,n02109525,Saint_Bernard,floppy,images/train/n02109525_8475.jpg
n02109525_8704.jpg,n02109525_8704,train,n02109525,Saint_Bernard,floppy,images/train/n02109525_8704.jpg
n02109525_9379.jpg,n02109525_9379,train,n02109525,Saint_Bernard,floppy,images/train/n02109525_9379.jpg
n02109525_9872.jpg,n02109525_9872,train,n02109525,Saint_Bernard,floppy,images/train/n02109525_9872.jpg
n02109961_1076.jpg,n02109961_1076,train,n02109961,Eskimo_dog,pointy,images/train/n02109961_1076.jpg
n02109961_1253.jpg,n02109961_1253,train,n02109961,Eskimo_dog,pointy,images/train/n02109961_1253.jpg
n02109961_15257.jpg,n02109961_15257,train,n02109961,Eskimo_dog,pointy,images/train/n02109961_15257.jpg
n02109961_16961.jpg,n02109961_16961,train,n02109961,Eskimo_dog,pointy,images/train/n02109961_16961.jpg
n02109961_17033.jpg,n02109961_17033,train,n02109961,Eskimo_dog,pointy,images/train/n02109961_17033.jpg
n02109961_1767.jpg,n02109961_1767,train,n02109961,Eskimo_dog,pointy,images/train/n02109961_1767.jpg
n02109961_2188.jpg,n02109961_2188,train,n02109961,Eskimo_dog,pointy,images/train/n02109961_2188.jpg
n02109961_2369.jpg,n02109961_2369,train,n02109961,Eskimo_dog,pointy,images/train/n02109961_2369.jpg
n02109961_2406.jpg,n02109961_2406,train,n02109961,Eskimo_dog,pointy,images/train/n02109961_2406.jpg
n02109961_2584.jpg,n02109961_2584,train,n02109961,Eskimo_dog,pointy,images/train/n02109961_2584.jpg
n02109961_2609.jpg,n02109961_2609,train,n02109961,Eskimo_dog,pointy,images/train/n02109961_2609.jpg
n02109961_4157.jpg,n02109961_4157,train,n02109961,Eskimo_dog,pointy,images/train/n02109961_4157.jpg
n02109961_4509.jpg,n02109961_4509,train,n02109961,Eskimo_dog,pointy,images/train/n02109961_4509.jpg
n02109961_4619.jpg,n02109961_4619,train,n02109961,Eskimo_dog,pointy,images/train/n02109961_4619.jpg
n02109961_4689.jpg,n02109961_4689,train,n02109961,Eskimo_dog,pointy,images/train/n02109961_4689.jpg
n02109961_4952.jpg,n02109961_4952,train,n02109961,Eskimo_dog,pointy,images/train/n02109961_4952.jpg
n02109961_5066.jpg,n02109961_5066,train,n02109961,Eskimo_dog,pointy,images/train/n02109961_5066.jpg
n02109961_6143.jpg,n02109961_6143,train,n02109961,Eskimo_dog,pointy,images/train/n02109961_6143.jpg
n02109961_623.jpg,n02109961_623,train,n02109961,Eskimo_dog,pointy,images/train/n02109961_623.jpg
n02109961_630.jpg,n02109961_630,train,n02109961,Eskimo_dog,pointy,images/train/n02109961_630.jpg
n02109961_8295.jpg,n02109961_8295,train,n02109961,Eskimo_dog,pointy,images/train/n02109961_8295.jpg
n02109961_843.jpg,n02109961_843,train,n02109961,Eskimo_dog,pointy,images/train/n02109961_843.jpg
n02109961_8845.jpg,n02109961_8845,train,n02109961,Eskimo_dog,pointy,images/train/n02109961_8845.jpg
n02110063_1034.jpg,n02110063_1034,train,n02110063,malamute,pointy,images/train/n02110063_1034.jpg
n02110063_10567.jpg,n02110063_10567,train,n02110063,malamute,pointy,images/train/n02110063_10567.jpg
n02110063_1058.jpg,n02110063_1058,train,n02110063,malamute,pointy,images/train/n02110063_1058.jpg
n02110063_11106.jpg,n02110063_11106,train,n02110063,malamute,pointy,images/train/n02110063_11106.jpg
n02110063_11892.jpg,n02110063_11892,train,n02110063,malamute,pointy,images/train/n02110063_11892.jpg
n02110063_12334.jpg,n02110063_12334,train,n02110063,malamute,pointy,images/train/n02110063_12334.jpg
n02110063_12514.jpg,n02110063_12514,train,n02110063,malamute,pointy,images/train/n02110063_12514.jpg
n02110063_12694.jpg,n02110063_12694,train,n02110063,malamute,pointy,images/train/n02110063_12694.jpg
n02110063_13126.jpg,n02110063_13126,train,n02110063,malamute,pointy,images/train/n02110063_13126.jpg
n02110063_14141.jpg,n02110063_14141,train,n02110063,malamute,pointy,images/train/n02110063_14141.jpg
n02110063_14381.jpg,n02110063_14381,train,n02110063,malamute,pointy,images/train/n02110063_14381.jpg
n02110063_14382.jpg,n02110063_14382,train,n02110063,malamute,pointy,images/train/n02110063_14382.jpg
n02110063_1581.jpg,n02110063_1581,train,n02110063,malamute,pointy,images/train/n02110063_1581.jpg
n02110063_16310.jpg,n02110063_16310,train,n02110063,malamute,pointy,images/train/n02110063_16310.jpg
n02110063_17378.jpg,n02110063_17378,train,n02110063,malamute,pointy,images/train/n02110063_17378.jpg
n02110063_17572.jpg,n02110063_17572,train,n02110063,malamute,pointy,images/train/n02110063_17572.jpg
n02110063_18750.jpg,n02110063_18750,train,n02110063,malamute,pointy,images/train/n02110063_18750.jpg
n02110063_210.jpg,n02110063_210,train,n02110063,malamute,pointy,images/train/n02110063_210.jpg
n02110063_5727.jpg,n02110063_5727,train,n02110063,malamute,pointy,images/train/n02110063_5727.jpg
n02110063_5828.jpg,n02110063_5828,train,n02110063,malamute,pointy,images/train/n02110063_5828.jpg
n02110063_609.jpg,n02110063_609,train,n02110063,malamute,pointy,images/train/n02110063_609.jpg
n02110063_6276.jpg,n02110063_6276,train,n02110063,malamute,pointy,images/train/n02110063_6276.jpg
n02110063_642.jpg,n02110063_642,train,n02110063,malamute,pointy,images/train/n02110063_642.jpg
n02110063_6636.jpg,n02110063_6636,train,n02110063,malamute,pointy,images/train/n02110063_6636.jpg
n02110063_6746.jpg,n02110063_6746,train,n02110063,malamute,pointy,images/train/n02110063_6746.jpg
n02110063_7037.jpg,n02110063_7037,train,n02110063,malamute,pointy,images/train/n02110063_7037.jpg
n02110063_8320.jpg,n02110063_8320,train,n02110063,malamute,pointy,images/train/n02110063_8320.jpg
n02110063_8514.jpg,n02110063_8514,train,n02110063,malamute,pointy,images/train/n02110063_8514.jpg
n02110185_10175.jpg,n02110185_10175,train,n02110185,Siberian_husky,pointy,images/train/n02110185_10175.jpg
n02110185_11287.jpg,n02110185_11287,train,n02110185,Siberian_husky,pointy,images/train/n02110185_11287.jpg
n02110185_11580.jpg,n02110185_11580,train,n02110185,Siberian_husky,pointy,images/train/n02110185_11580.jpg
n02110185_1178.jpg,n02110185_1178,train,n02110185,Siberian_husky,pointy,images/train/n02110185_1178.jpg
n02110185_13197.jpg,n02110185_13197,train,n02110185,Siberian_husky,pointy,images/train/n02110185_13197.jpg
n02110185_13423.jpg,n02110185_13423,train,n02110185,Siberian_husky,pointy,images/train/n02110185_13423.jpg
n02110185_13704.jpg,n02110185_13704,train,n02110185,Siberian_husky,pointy,images/train/n02110185_13704.jpg
n02110185_14056.jpg,n02110185_14056,train,n02110185,Siberian_husky,pointy,images/train/n02110185_14056.jpg
n02110185_14289.jpg,n02110185_14289,train,n02110185,Siberian_husky,pointy,images/train/n02110185_14289.jpg
n02110185_14523.jpg,n02110185_14523,train,n02110185,Siberian_husky,pointy,images/train/n02110185_14523.jpg
n02110185_14560.jpg,n02110185_14560,train,n02110185,Siberian_husky,pointy,images/train/n02110185_14560.jpg
n02110185_1552.jpg,n02110185_1552,train,n02110185,Siberian_husky,pointy,images/train/n02110185_1552.jpg
n02110185_1598.jpg,n02110185_1598,train,n02110185,Siberian_husky,pointy,images/train/n02110185_1598.jpg
n02110185_2701.jpg,n02110185_2701,train,n02110185,Siberian_husky,pointy,images/train/n02110185_2701.jpg
n02110185_4115.jpg,n02110185_4115,train,n02110185,Siberian_husky,pointy,images/train/n02110185_4115.jpg
n02110185_5495.jpg,n02110185_5495,train,n02110185,Siberian_husky,pointy,images/train/n02110185_5495.jpg
n02110185_5628.jpg,n02110185_5628,train,n02110185,Siberian_husky,pointy,images/train/n02110185_5628.jpg
n02110185_5973.jpg,n02110185_5973,train,n02110185,Siberian_husky,pointy,images/train/n02110185_5973.jpg
n02110185_6351.jpg,n02110185_6351,train,n02110185,Siberian_husky,pointy,images/train/n02110185_6351.jpg
n02110185_6409.jpg,n02110185_6409,train,n02110185,Siberian_husky,pointy,images/train/n02110185_6409.jpg
n02110185_698.jpg,n02110185_698,train,n02110185,Siberian_husky,pointy,images/train/n02110185_698.jpg
n02110185_7980.jpg,n02110185_7980,train,n02110185,Siberian_husky,pointy,images/train/n02110185_7980.jpg
n02110185_8154.jpg,n02110185_8154,train,n02110185,Siberian_husky,pointy,images/train/n02110185_8154.jpg
n02110185_8162.jpg,n02110185_8162,train,n02110185,Siberian_husky,pointy,images/train/n02110185_8162.jpg
n02110185_8749.jpg,n02110185_8749,train,n02110185,Siberian_husky,pointy,images/train/n02110185_8749.jpg
n02110185_8860.jpg,n02110185_8860,train,n02110185,Siberian_husky,pointy,images/train/n02110185_8860.jpg
n02110185_8923.jpg,n02110185_8923,train,n02110185,Siberian_husky,pointy,images/train/n02110185_8923.jpg
n02110627_10185.jpg,n02110627_10185,train,n02110627,affenpinscher,half_floppy,images/train/n02110627_10185.jpg
n02110627_10225.jpg,n02110627_10225,train,n02110627,affenpinscher,half_floppy,images/train/n02110627_10225.jpg
n02110627_10437.jpg,n02110627_10437,train,n02110627,affenpinscher,half_floppy,images/train/n02110627_10437.jpg
n02110627_10787.jpg,n02110627_10787,train,n02110627,affenpinscher,half_floppy,images/train/n02110627_10787.jpg
n02110627_10848.jpg,n02110627_10848,train,n02110627,affenpinscher,half_floppy,images/train/n02110627_10848.jpg
n02110627_11422.jpg,n02110627_11422,train,n02110627,affenpinscher,half_floppy,images/train/n02110627_11422.jpg
n02110627_11620.jpg,n02110627_11620,train,n02110627,affenpinscher,half_floppy,images/train/n02110627_11620.jpg
n02110627_11657.jpg,n02110627_11657,train,n02110627,affenpinscher,half_floppy,images/train/n02110627_11657.jpg
n02110627_11759.jpg,n02110627_11759,train,n02110627,affenpinscher,half_floppy,images/train/n02110627_11759.jpg
n02110627_11782.jpg,n02110627_11782,train,n02110627,affenpinscher,half_floppy,images/train/n02110627_11782.jpg
n02110627_11811.jpg,n02110627_11811,train,n02110627,affenpinscher,half_floppy,images/train/n02110627_11811.jpg
n02110627_11853.jpg,n02110627_11853,train,n02110627,affenpinscher,half_floppy,images/train/n02110627_11853.jpg
n02110627_12003.jpg,n02110627_12003,train,n02110627,affenpinscher,half_floppy,images/train/n02110627_12003.jpg
n02110627_12431.jpg,n02110627_12431,train,n02110627,affenpinscher,half_floppy,images/train/n02110627_12431.jpg
n02110627_12512.jpg,n02110627_12512,train,n02110627,affenpinscher,half_floppy,images/train/n02110627_12512.jpg
n02110627_12938.jpg,n02110627_12938,train,n02110627,affenpinscher,half_floppy,images/train/n02110627_12938.jpg
n02110627_13020.jpg,n02110627_13020,train,n02110627,affenpinscher,half_floppy,images/train/n02110627_13020.jpg
n02110627_13210.jpg,n02110627_13210,train,n02110627,affenpinscher,half_floppy,images/train/n02110627_13210.jpg
n02110627_13211.jpg,n02110627_13211,train,n02110627,affenpinscher,half_floppy,images/train/n02110627_13211.jpg
n02110627_13453.jpg,n02110627_13453,train,n02110627,affenpinscher,half_floppy,images/train/n02110627_13453.jpg
n02110627_1446.jpg,n02110627_1446,train,n02110627,affenpinscher,half_floppy,images/train/n02110627_1446.jpg
n02110627_2997.jpg,n02110627_2997,train,n02110627,affenpinscher,half_floppy,images/train/n02110627_2997.jpg
n02110627_3144.jpg,n02110627_3144,train,n02110627,affenpinscher,half_floppy,images/train/n02110627_3144.jpg
n02110627_3246.jpg,n02110627_3246,train,n02110627,affenpinscher,half_floppy,images/train/n02110627_3246.jpg
n02110627_3841.jpg,n02110627_3841,train,n02110627,affenpinscher,half_floppy,images/train/n02110627_3841.jpg
n02110627_4086.jpg,n02110627_4086,train,n02110627,affenpinscher,half_floppy,images/train/n02110627_4086.jpg
n02110627_5186.jpg,n02110627_5186,train,n02110627,affenpinscher,half_floppy,images/train/n02110627_5186.jpg
n02110627_5522.jpg,n02110627_5522,train,n02110627,affenpinscher,half_floppy,images/train/n02110627_5522.jpg
n02110627_5743.jpg,n02110627_5743,train,n02110627,affenpinscher,half_floppy,images/train/n02110627_5743.jpg
n02110627_6670.jpg,n02110627_6670,train,n02110627,affenpinscher,half_floppy,images/train/n02110627_6670.jpg
n02110627_735.jpg,n02110627_735,train,n02110627,affenpinscher,half_floppy,images/train/n02110627_735.jpg
n02110627_7612.jpg,n02110627_7612,train,n02110627,affenpinscher,half_floppy,images/train/n02110627_7612.jpg
n02110627_7680.jpg,n02110627_7680,train,n02110627,affenpinscher,half_floppy,images/train/n02110627_7680.jpg
n02110627_7694.jpg,n02110627_7694,train,n02110627,affenpinscher,half_floppy,images/train/n02110627_7694.jpg
n02110806_1179.jpg,n02110806_1179,train,n02110806,basenji,pointy,images/train/n02110806_1179.jpg
n02110806_1639.jpg,n02110806_1639,train,n02110806,basenji,pointy,images/train/n02110806_1639.jpg
n02110806_18.jpg,n02110806_18,train,n02110806,basenji,pointy,images/train/n02110806_18.jpg
n02110806_1841.jpg,n02110806_1841,train,n02110806,basenji,pointy,images/train/n02110806_1841.jpg
n02110806_2365.jpg,n02110806_2365,train,n02110806,basenji,pointy,images/train/n02110806_2365.jpg
n02110806_2580.jpg,n02110806_2580,train,n02110806,basenji,pointy,images/train/n02110806_2580.jpg
n02110806_2774.jpg,n02110806_2774,train,n02110806,basenji,pointy,images/train/n02110806_2774.jpg
n02110806_2860.jpg,n02110806_2860,train,n02110806,basenji,pointy,images/train/n02110806_2860.jpg
n02110806_3331.jpg,n02110806_3331,train,n02110806,basenji,pointy,images/train/n02110806_3331.jpg
n02110806_346.jpg,n02110806_346,train,n02110806,basenji,pointy,images/train/n02110806_346.jpg
n02110806_3955.jpg,n02110806_3955,train,n02110806,basenji,pointy,images/train/n02110806_3955.jpg
n02110806_402.jpg,n02110806_402,train,n02110806,basenji,pointy,images/train/n02110806_402.jpg
n02110806_4051.jpg,n02110806_4051,train,n02110806,basenji,pointy,images/train/n02110806_4051.jpg
n02110806_4117.jpg,n02110806_4117,train,n02110806,basenji,pointy,images/train/n02110806_4117.jpg
n02110806_4150.jpg,n02110806_4150,train,n02110806,basenji,pointy,images/train/n02110806_4150.jpg
n02110806_4289.jpg,n02110806_4289,train,n02110806,basenji,pointy,images/train/n02110806_4289.jpg
n02110806_4291.jpg,n02110806_4291,train,n02110806,basenji,pointy,images/train/n02110806_4291.jpg
n02110806_4297.jpg,n02110806_4297,train,n02110806,basenji,pointy,images/train/n02110806_4297.jpg
n02110806_4302.jpg,n02110806_4302,train,n02110806,basenji,pointy,images/train/n02110806_4302.jpg
n02110806_433.jpg,n02110806_433,train,n02110806,basenji,pointy,images/train/n02110806_433.jpg
n02110806_4331.jpg,n02110806_4331,train,n02110806,basenji,pointy,images/train/n02110806_4331.jpg
n02110806_4615.jpg,n02110806_4615,train,n02110806,basenji,pointy,images/train/n02110806_4615.jpg
n02110806_5642.jpg,n02110806_5642,train,n02110806,basenji,pointy,images/train/n02110806_5642.jpg
n02110806_6156.jpg,n02110806_6156,train,n02110806,basenji,pointy,images/train/n02110806_6156.jpg
n02110806_6542.jpg,n02110806_6542,train,n02110806,basenji,pointy,images/train/n02110806_6542.jpg
n02110958_10842.jpg,n02110958_10842,train,n02110958,pug,half_floppy,images/train/n02110958_10842.jpg
n02110958_11288.jpg,n02110958_11288,train,n02110958,pug,half_floppy,images/train/n02110958_11288.jpg
n02110958_12130.jpg,n02110958_12130,train,n02110958,pug,half_floppy,images/train/n02110958_12130.jpg
n02110958_12275.jpg,n02110958_12275,train,n02110958,pug,half_floppy,images/train/n02110958_12275.jpg
n02110958_12589.jpg,n02110958_12589,train,n02110958,pug,half_floppy,images/train/n02110958_12589.jpg
n02110958_12761.jpg,n02110958_12761,train,n02110958,pug,half_floppy,images/train/n02110958_12761.jpg
n02110958_13263.jpg,n02110958_13263,train,n02110958,pug,half_floppy,images/train/n02110958_13263.jpg
n02110958_13364.jpg,n02110958_13364,train,n02110958,pug,half_floppy,images/train/n02110958_13364.jpg
n02110958_13597.jpg,n02110958_13597,train,n02110958,pug,half_floppy,images/train/n02110958_13597.jpg
n02110958_13930.jpg,n02110958_13930,train,n02110958,pug,half_floppy,images/train/n02110958_13930.jpg
n02110958_14265.jpg,n02110958_14265,train,n02110958,pug,half_floppy,images/train/n02110958_14265.jpg
n02110958_14832.jpg,n02110958_14832,train,n02110958,pug,half_floppy,images/train/n02110958_14832.jpg
n02110958_14996.jpg,n02110958_14996,train,n02110958,pug,half_floppy,images/train/n02110958_14996.jpg
n02110958_15217.jpg,n02110958_15217,train,n02110958,pug,half_floppy,images/train/n02110958_15217.jpg
n02110958_15877.jpg,n02110958_15877,train,n02110958,pug,half_floppy,images/train/n02110958_15877.jpg
n02110958_16337.jpg,n02110958_16337,train,n02110958,pug,half_floppy,images/train/n02110958_16337.jpg
n02110958_1639.jpg,n02110958_1639,train,n02110958,pug,half_floppy,images/train/n02110958_1639.jpg
n02110958_16434.jpg,n02110958_16434,train,n02110958,pug,half_floppy,images/train/n02110958_16434.jpg
n02110958_16447.jpg,n02110958_16447,train,n02110958,pug,half_floppy,images/train/n02110958_16447.jpg
n02110958_1975.jpg,n02110958_1975,train,n02110958,pug,half_floppy,images/train/n02110958_1975.jpg
n02110958_2009.jpg,n02110958_2009,train,n02110958,pug,half_floppy,images/train/n02110958_2009.jpg
n02110958_2611.jpg,n02110958_2611,train,n02110958,pug,half_floppy,images/train/n02110958_2611.jpg
n02110958_3338.jpg,n02110958_3338,train,n02110958,pug,half_floppy,images/train/n02110958_3338.jpg
n02110958_3644.jpg,n02110958_3644,train,n02110958,pug,half_floppy,images/train/n02110958_3644.jpg
n02110958_5555.jpg,n02110958_5555,train,n02110958,pug,half_floppy,images/train/n02110958_5555.jpg
n02110958_6098.jpg,n02110958_6098,train,n02110958,pug,half_floppy,images/train/n02110958_6098.jpg
n02110958_7255.jpg,n02110958_7255,train,n02110958,pug,half_floppy,images/train/n02110958_7255.jpg
n02110958_8075.jpg,n02110958_8075,train,n02110958,pug,half_floppy,images/train/n02110958_8075.jpg
n02110958_8814.jpg,n02110958_8814,train,n02110958,pug,half_floppy,images/train/n02110958_8814.jpg
n02110958_8979.jpg,n02110958_8979,train,n02110958,pug,half_floppy,images/train/n02110958_8979.jpg
n02111129_1184.jpg,n02111129_1184,train,n02111129,Leonberg,floppy,images/train/n02111129_1184.jpg
n02111129_1325.jpg,n02111129_1325,train,n02111129,Leonberg,floppy,images/train/n02111129_1325.jpg
n02111129_1501.jpg,n02111129_1501,train,n02111129,Leonberg,floppy,images/train/n02111129_1501.jpg
n02111129_1752.jpg,n02111129_1752,train,n02111129,Leonberg,floppy,images/train/n02111129_1752.jpg
n02111129_188.jpg,n02111129_188,train,n02111129,Leonberg,floppy,images/train/n02111129_188.jpg
n02111129_2330.jpg,n02111129_2330,train,n02111129,Leonberg,floppy,images/train/n02111129_2330.jpg
n02111129_246.jpg,n02111129_246,train,n02111129,Leonberg,floppy,images/train/n02111129_246.jpg
n02111129_3028.jpg,n02111129_3028,train,n02111129,Leonberg,floppy,images/train/n02111129_3028.jpg
n02111129_3367.jpg,n02111129_3367,train,n02111129,Leonberg,floppy,images/train/n02111129_3367.jpg
n02111129_3388.jpg,n02111129_3388,train,n02111129,Leonberg,floppy,images/train/n02111129_3388.jpg
n02111129_4001.jpg,n02111129_4001,train,n02111129,Leonberg,floppy,images/train/n02111129_4001.jpg
n02111129_4435.jpg,n02111129_4435,train,n02111129,Leonberg,floppy,images/train/n02111129_4435.jpg
n02111129_638.jpg,n02111129_638,train,n02111129,Leonberg,floppy,images/train/n02111129_638.jpg
n02111129_970.jpg,n02111129_970,train,n02111129,Leonberg,floppy,images/train/n02111129_970.jpg
n02111277_1018.jpg,n02111277_1018,train,n02111277,Newfoundland,floppy,images/train/n02111277_1018.jpg
n02111277_11806.jpg,n02111277_11806,train,n02111277,Newfoundland,floppy,images/train/n02111277_11806.jpg
n02111277_12381.jpg,n02111277_12381,train,n02111277,Newfoundland,floppy,images/train/n02111277_12381.jpg
n02111277_1372.jpg,n02111277_1372,train,n02111277,Newfoundland,floppy,images/train/n02111277_1372.jpg
n02111277_13845.jpg,n02111277_13845,train,n02111277,Newfoundland,floppy,images/train/n02111277_13845.jpg
n02111277_1540.jpg,n02111277_1540,train,n02111277,Newfoundland,floppy,images/train/n02111277_1540.jpg
n02111277_1964.jpg,n02111277_1964,train,n02111277,Newfoundland,floppy,images/train/n02111277_1964.jpg
n02111277_2135.jpg,n02111277_2135,train,n02111277,Newfoundland,floppy,images/train/n02111277_2135.jpg
n02111277_2405.jpg,n02111277_2405,train,n02111277,Newfoundland,floppy,images/train/n02111277_2405.jpg
n02111277_2411.jpg,n02111277_2411,train,n02111277,Newfoundland,floppy,images/train/n02111277_2411.jpg
n02111277_2769.jpg,n02111277_2769,train,n02111277,Newfoundland,floppy,images/train/n02111277_2769.jpg
n02111277_2823.jpg,n02111277_2823,train,n02111277,Newfoundland,floppy,images/train/n02111277_2823.jpg
n02111277_3065.jpg,n02111277_3065,train,n02111277,Newfoundland,floppy,images/train/n02111277_3065.jpg
n02111277_3150.jpg,n02111277_3150,train,n02111277,Newfoundland,floppy,images/train/n02111277_3150.jpg
n02111277_341.jpg,n02111277_341,train,n02111277,Newfoundland,floppy,images/train/n02111277_341.jpg
n02111277_3634.jpg,n02111277_3634,train,n02111277,Newfoundland,floppy,images/train/n02111277_3634.jpg
n02111277_3741.jpg,n02111277_3741,train,n02111277,Newfoundland,floppy,images/train/n02111277_3741.jpg
n02111277_3827.jpg,n02111277_3827,train,n02111277,Newfoundland,floppy,images/train/n02111277_3827.jpg
n02111277_399.jpg,n02111277_399,train,n02111277,Newfoundland,floppy,images/train/n02111277_399.jpg
n02111277_4369.jpg,n02111277_4369,train,n02111277,Newfoundland,floppy,images/train/n02111277_4369.jpg
n02111277_4404.jpg,n02111277_4404,train,n02111277,Newfoundland,floppy,images/train/n02111277_4404.jpg
n02111277_5292.jpg,n02111277_5292,train,n02111277,Newfoundland,floppy,images/train/n02111277_5292.jpg
n02111277_5964.jpg,n02111277_5964,train,n02111277,Newfoundland,floppy,images/train/n02111277_5964.jpg
n02111277_6143.jpg,n02111277_6143,train,n02111277,Newfoundland,floppy,images/train/n02111277_6143.jpg
n02111277_6353.jpg,n02111277_6353,train,n02111277,Newfoundland,floppy,images/train/n02111277_6353.jpg
n02111277_6679.jpg,n02111277_6679,train,n02111277,Newfoundland,floppy,images/train/n02111277_6679.jpg
n02111277_6773.jpg,n02111277_6773,train,n02111277,Newfoundland,floppy,images/train/n02111277_6773.jpg
n02111277_7060.jpg,n02111277_7060,train,n02111277,Newfoundland,floppy,images/train/n02111277_7060.jpg
n02111277_7130.jpg,n02111277_7130,train,n02111277,Newfoundland,floppy,images/train/n02111277_7130.jpg
n02111277_7225.jpg,n02111277_7225,train,n02111277,Newfoundland,floppy,images/train/n02111277_7225.jpg
n02111277_766.jpg,n02111277_766,train,n02111277,Newfoundland,floppy,images/train/n02111277_766.jpg
n02111277_7697.jpg,n02111277_7697,train,n02111277,Newfoundland,floppy,images/train/n02111277_7697.jpg
n02111500_1314.jpg,n02111500_1314,train,n02111500,Great_Pyrenees,floppy,images/train/n02111500_1314.jpg
n02111500_1474.jpg,n02111500_1474,train,n02111500,Great_Pyrenees,floppy,images/train/n02111500_1474.jpg
n02111500_1557.jpg,n02111500_1557,train,n02111500,Great_Pyrenees,floppy,images/train/n02111500_1557.jpg
n02111500_287.jpg,n02111500_287,train,n02111500,Great_Pyrenees,floppy,images/train/n02111500_287.jpg
n02111500_297.jpg,n02111500_297,train,n02111500,Great_Pyrenees,floppy,images/train/n02111500_297.jpg
n02111500_3011.jpg,n02111500_3011,train,n02111500,Great_Pyrenees,floppy,images/train/n02111500_3011.jpg
n02111500_3077.jpg,n02111500_3077,train,n02111500,Great_Pyrenees,floppy,images/train/n02111500_3077.jpg
n02111500_337.jpg,n02111500_337,train,n02111500,Great_Pyrenees,floppy,images/train/n02111500_337.jpg
n02111500_3710.jpg,n02111500_3710,train,n02111500,Great_Pyrenees,floppy,images/train/n02111500_3710.jpg
n02111500_3749.jpg,n02111500_3749,train,n02111500,Great_Pyrenees,floppy,images/train/n02111500_3749.jpg
n02111500_389.jpg,n02111500_389,train,n02111500,Great_Pyrenees,floppy,images/train/n02111500_389.jpg
n02111500_4147.jpg,n02111500_4147,train,n02111500,Great_Pyrenees,floppy,images/train/n02111500_4147.jpg
n02111500_4187.jpg,n02111500_4187,train,n02111500,Great_Pyrenees,floppy,images/train/n02111500_4187.jpg
n02111500_4315.jpg,n02111500_4315,train,n02111500,Great_Pyrenees,floppy,images/train/n02111500_4315.jpg
n02111500_4320.jpg,n02111500_4320,train,n02111500,Great_Pyrenees,floppy,images/train/n02111500_4320.jpg
n02111500_5525.jpg,n02111500_5525,train,n02111500,Great_Pyrenees,floppy,images/train/n02111500_5525.jpg
n02111500_6227.jpg,n02111500_6227,train,n02111500,Great_Pyrenees,floppy,images/train/n02111500_6227.jpg
n02111500_6769.jpg,n02111500_6769,train,n02111500,Great_Pyrenees,floppy,images/train/n02111500_6769.jpg
n02111500_7444.jpg,n02111500_7444,train,n02111500,Great_Pyrenees,floppy,images/train/n02111500_7444.jpg
n02111500_7987.jpg,n02111500_7987,train,n02111500,Great_Pyrenees,floppy,images/train/n02111500_7987.jpg
n02111500_8575.jpg,n02111500_8575,train,n02111500,Great_Pyrenees,floppy,images/train/n02111500_8575.jpg
n02111500_882.jpg,n02111500_882,train,n02111500,Great_Pyrenees,floppy,images/train/n02111500_882.jpg
n02111500_9000.jpg,n02111500_9000,train,n02111500,Great_Pyrenees,floppy,images/train/n02111500_9000.jpg
n02111500_9250.jpg,n02111500_9250,train,n02111500,Great_Pyrenees,floppy,images/train/n02111500_9250.jpg
n02111500_9306.jpg,n02111500_9306,train,n02111500,Great_Pyrenees,floppy,images/train/n02111500_9306.jpg
n02111500_956.jpg,n02111500_956,train,n02111500,Great_Pyrenees,floppy,images/train/n02111500_956.jpg
n02111889_11502.jpg,n02111889_11502,train,n02111889,Samoyed,pointy,images/train/n02111889_11502.jpg
n02111889_12045.jpg,n02111889_12045,train,n02111889,Samoyed,pointy,images/train/n02111889_12045.jpg
n02111889_12771.jpg,n02111889_12771,train,n02111889,Samoyed,pointy,images/train/n02111889_12771.jpg
n02111889_13603.jpg,n02111889_13603,train,n02111889,Samoyed,pointy,images/train/n02111889_13603.jpg
n02111889_13737.jpg,n02111889_13737,train,n02111889,Samoyed,pointy,images/train/n02111889_13737.jpg
n02111889_13772.jpg,n02111889_13772,train,n02111889,Samoyed,pointy,images/train/n02111889_13772.jpg
n02111889_14413.jpg,n02111889_14413,train,n02111889,Samoyed,pointy,images/train/n02111889_14413.jpg
n02111889_16283.jpg,n02111889_16283,train,n02111889,Samoyed,pointy,images/train/n02111889_16283.jpg
n02111889_16434.jpg,n02111889_16434,train,n02111889,Samoyed,pointy,images/train/n02111889_16434.jpg
n02111889_1739.jpg,n02111889_1739,train,n02111889,Samoyed,pointy,images/train/n02111889_1739.jpg
n02111889_1984.jpg,n02111889_1984,train,n02111889,Samoyed,pointy,images/train/n02111889_1984.jpg
n02111889_2186.jpg,n02111889_2186,train,n02111889,Samoyed,pointy,images/train/n02111889_2186.jpg
n02111889_2801.jpg,n02111889_2801,train,n02111889,Samoyed,pointy,images/train/n02111889_2801.jpg
n02111889_2914.jpg,n02111889_2914,train,n02111889,Samoyed,pointy,images/train/n02111889_2914.jpg
n02111889_2947.jpg,n02111889_2947,train,n02111889,Samoyed,pointy,images/train/n02111889_2947.jpg
n02111889_3400.jpg,n02111889_3400,train,n02111889,Samoyed,pointy,images/train/n02111889_3400.jpg
n02111889_3450.jpg,n02111889_3450,train,n02111889,Samoyed,pointy,images/train/n02111889_3450.jpg
n02111889_3476.jpg,n02111889_3476,train,n02111889,Samoyed,pointy,images/train/n02111889_3476.jpg
n02111889_373.jpg,n02111889_373,train,n02111889,Samoyed,pointy,images/train/n02111889_373.jpg
n02111889_4381.jpg,n02111889_4381,train,n02111889,Samoyed,pointy,images/train/n02111889_4381.jpg
n02111889_4740.jpg,n02111889_4740,train,n02111889,Samoyed,pointy,images/train/n02111889_4740.jpg
n02111889_4967.jpg,n02111889_4967,train,n02111889,Samoyed,pointy,images/train/n02111889_4967.jpg
n02111889_597.jpg,n02111889_597,train,n02111889,Samoyed,pointy,images/train/n02111889_597.jpg
n02111889_6076.jpg,n02111889_6076,train,n02111889,Samoyed,pointy,images/train/n02111889_6076.jpg
n02111889_6622.jpg,n02111889_6622,train,n02111889,Samoyed,pointy,images/train/n02111889_6622.jpg
n02111889_691.jpg,n02111889_691,train,n02111889,Samoyed,pointy,images/train/n02111889_691.jpg
n02111889_7100.jpg,n02111889_7100,train,n02111889,Samoyed,pointy,images/train/n02111889_7100.jpg
n02111889_9533.jpg,n02111889_9533,train,n02111889,Samoyed,pointy,images/train/n02111889_9533.jpg
n02112018_10158.jpg,n02112018_10158,train,n02112018,Pomeranian,pointy,images/train/n02112018_10158.jpg
n02112018_10243.jpg,n02112018_10243,train,n02112018,Pomeranian,pointy,images/train/n02112018_10243.jpg
n02112018_11233.jpg,n02112018_11233,train,n02112018,Pomeranian,pointy,images/train/n02112018_11233.jpg
n02112018_12586.jpg,n02112018_12586,train,n02112018,Pomeranian,pointy,images/train/n02112018_12586.jpg
n02112018_12853.jpg,n02112018_12853,train,n02112018,Pomeranian,pointy,images/train/n02112018_12853.jpg
n02112018_13636.jpg,n02112018_13636,train,n02112018,Pomeranian,pointy,images/train/n02112018_13636.jpg
n02112018_1463.jpg,n02112018_1463,train,n02112018,Pomeranian,pointy,images/train/n02112018_1463.jpg
n02112018_1556.jpg,n02112018_1556,train,n02112018,Pomeranian,pointy,images/train/n02112018_1556.jpg
n02112018_1584.jpg,n02112018_1584,train,n02112018,Pomeranian,pointy,images/train/n02112018_1584.jpg
n02112018_1612.jpg,n02112018_1612,train,n02112018,Pomeranian,pointy,images/train/n02112018_1612.jpg
n02112018_1621.jpg,n02112018_1621,train,n02112018,Pomeranian,pointy,images/train/n02112018_1621.jpg
n02112018_2207.jpg,n02112018_2207,train,n02112018,Pomeranian,pointy,images/train/n02112018_2207.jpg
n02112018_2483.jpg,n02112018_2483,train,n02112018,Pomeranian,pointy,images/train/n02112018_2483.jpg
n02112018_2728.jpg,n02112018_2728,train,n02112018,Pomeranian,pointy,images/train/n02112018_2728.jpg
n02112018_276.jpg,n02112018_276,train,n02112018,Pomeranian,pointy,images/train/n02112018_276.jpg
n02112018_2821.jpg,n02112018_2821,train,n02112018,Pomeranian,pointy,images/train/n02112018_2821.jpg
n02112018_2896.jpg,n02112018_2896,train,n02112018,Pomeranian,pointy,images/train/n02112018_2896.jpg
n02112018_2991.jpg,n02112018_2991,train,n02112018,Pomeranian,pointy,images/train/n02112018_2991.jpg
n02112018_3064.jpg,n02112018_3064,train,n02112018,Pomeranian,pointy,images/train/n02112018_3064.jpg
n02112018_3133.jpg,n02112018_3133,train,n02112018,Pomeranian,pointy,images/train/n02112018_3133.jpg
n02112018_3742.jpg,n02112018_3742,train,n02112018,Pomeranian,pointy,images/train/n02112018_3742.jpg
n02112018_4245.jpg,n02112018_4245,train,n02112018,Pomeranian,pointy,images/train/n02112018_4245.jpg
n02112018_4554.jpg,n02112018_4554,train,n02112018,Pomeranian,pointy,images/train/n02112018_4554.jpg
n02112018_4840.jpg,n02112018_4840,train,n02112018,Pomeranian,pointy,images/train/n02112018_4840.jpg
n02112018_4928.jpg,n02112018_4928,train,n02112018,Pomeranian,pointy,images/train/n02112018_4928.jpg
n02112018_5165.jpg,n02112018_5165,train,n02112018,Pomeranian,pointy,images/train/n02112018_5165.jpg
n02112018_5317.jpg,n02112018_5317,train,n02112018,Pomeranian,pointy,images/train/n02112018_5317.jpg
n02112018_541.jpg,n02112018_541,train,n02112018,Pomeranian,pointy,images/train/n02112018_541.jpg
n02112018_5427.jpg,n02112018_5427,train,n02112018,Pomeranian,pointy,images/train/n02112018_5427.jpg
n02112018_5888.jpg,n02112018_5888,train,n02112018,Pomeranian,pointy,images/train/n02112018_5888.jpg
n02112018_6098.jpg,n02112018_6098,train,n02112018,Pomeranian,pointy,images/train/n02112018_6098.jpg
n02112018_6201.jpg,n02112018_6201,train,n02112018,Pomeranian,pointy,images/train/n02112018_6201.jpg
n02112018_6832.jpg,n02112018_6832,train,n02112018,Pomeranian,pointy,images/train/n02112018_6832.jpg
n02112018_7552.jpg,n02112018_7552,train,n02112018,Pomeranian,pointy,images/train/n02112018_7552.jpg
n02112018_7707.jpg,n02112018_7707,train,n02112018,Pomeranian,pointy,images/train/n02112018_7707.jpg
n02112018_9028.jpg,n02112018_9028,train,n02112018,Pomeranian,pointy,images/train/n02112018_9028.jpg
n02112018_904.jpg,n02112018_904,train,n02112018,Pomeranian,pointy,images/train/n02112018_904.jpg
n02112018_938.jpg,n02112018_938,train,n02112018,Pomeranian,pointy,images/train/n02112018_938.jpg
n02112018_9791.jpg,n02112018_9791,train,n02112018,Pomeranian,pointy,images/train/n02112018_9791.jpg
n02112137_1015.jpg,n02112137_1015,train,n02112137,chow,pointy,images/train/n02112137_1015.jpg
n02112137_10430.jpg,n02112137_10430,train,n02112137,chow,pointy,images/train/n02112137_10430.jpg
n02112137_10731.jpg,n02112137_10731,train,n02112137,chow,pointy,images/train/n02112137_10731.jpg
n02112137_10762.jpg,n02112137_10762,train,n02112137,chow,pointy,images/train/n02112137_10762.jpg
n02112137_11273.jpg,n02112137_11273,train,n02112137,chow,pointy,images/train/n02112137_11273.jpg
n02112137_11732.jpg,n02112137_11732,train,n02112137,chow,pointy,images/train/n02112137_11732.jpg
n02112137_11858.jpg,n02112137_11858,train,n02112137,chow,pointy,images/train/n02112137_11858.jpg
n02112137_11927.jpg,n02112137_11927,train,n02112137,chow,pointy,images/train/n02112137_11927.jpg
n02112137_11938.jpg,n02112137_11938,train,n02112137,chow,pointy,images/train/n02112137_11938.jpg
n02112137_12766.jpg,n02112137_12766,train,n02112137,chow,pointy,images/train/n02112137_12766.jpg
n02112137_12792.jpg,n02112137_12792,train,n02112137,chow,pointy,images/train/n02112137_12792.jpg
n02112137_13232.jpg,n02112137_13232,train,n02112137,chow,pointy,images/train/n02112137_13232.jpg
n02112137_13499.jpg,n02112137_13499,train,n02112137,chow,pointy,images/train/n02112137_13499.jpg
n02112137_13649.jpg,n02112137_13649,train,n02112137,chow,pointy,images/train/n02112137_13649.jpg
n02112137_14004.jpg,n02112137_14004,train,n02112137,chow,pointy,images/train/n02112137_14004.jpg
n02112137_1401.jpg,n02112137_1401,train,n02112137,chow,pointy,images/train/n02112137_1401.jpg
n02112137_14369.jpg,n02112137_14369,train,n02112137,chow,pointy,images/train/n02112137_14369.jpg
n02112137_14448.jpg,n02112137_14448,train,n02112137,chow,pointy,images/train/n02112137_14448.jpg
n02112137_14881.jpg,n02112137_14881,train,n02112137,chow,pointy,images/train/n02112137_14881.jpg
n02112137_15929.jpg,n02112137_15929,train,n02112137,chow,pointy,images/train/n02112137_15929.jpg
n02112137_1614.jpg,n02112137_1614,train,n02112137,chow,pointy,images/train/n02112137_1614.jpg
n02112137_16162.jpg,n02112137_16162,train,n02112137,chow,pointy,images/train/n02112137_16162.jpg
n02112137_16533.jpg,n02112137_16533,train,n02112137,chow,pointy,images/train/n02112137_16533.jpg
n02112137_16817.jpg,n02112137_16817,train,n02112137,chow,pointy,images/train/n02112137_16817.jpg
n02112137_16830.jpg,n02112137_16830,train,n02112137,chow,pointy,images/train/n02112137_16830.jpg
n02112137_2058.jpg,n02112137_2058,train,n02112137,chow,pointy,images/train/n02112137_2058.jpg
n02112137_2133.jpg,n02112137_2133,train,n02112137,chow,pointy,images/train/n02112137_2133.jpg
n02112137_2181.jpg,n02112137_2181,train,n02112137,chow,pointy,images/train/n02112137_2181.jpg
n02112137_2220.jpg,n02112137_2220,train,n02112137,chow,pointy,images/train/n02112137_2220.jpg
n02112137_2521.jpg,n02112137_2521,train,n02112137,chow,pointy,images/train/n02112137_2521.jpg
n02112137_2739.jpg,n02112137_2739,train,n02112137,chow,pointy,images/train/n02112137_2739.jpg
n02112137_2757.jpg,n02112137_2757,train,n02112137,chow,pointy,images/train/n02112137_2757.jpg
n02112137_2825.jpg,n02112137_2825,train,n02112137,chow,pointy,images/train/n02112137_2825.jpg
n02112137_2850.jpg,n02112137_2850,train,n02112137,chow,pointy,images/train/n02112137_2850.jpg
n02112137_3467.jpg,n02112137_3467,train,n02112137,chow,pointy,images/train/n02112137_3467.jpg
n02112137_347.jpg,n02112137_347,train,n02112137,chow,pointy,images/train/n02112137_347.jpg
n02112137_4434.jpg,n02112137_4434,train,n02112137,chow,pointy,images/train/n02112137_4434.jpg
n02112137_4447.jpg,n02112137_4447,train,n02112137,chow,pointy,images/train/n02112137_4447.jpg
n02112137_4956.jpg,n02112137_4956,train,n02112137,chow,pointy,images/train/n02112137_4956.jpg
n02112137_5114.jpg,n02112137_5114,train,n02112137,chow,pointy,images/train/n02112137_5114.jpg
n02112137_5240.jpg,n02112137_5240,train,n02112137,chow,pointy,images/train/n02112137_5240.jpg
n02112137_5420.jpg,n02112137_5420,train,n02112137,chow,pointy,images/train/n02112137_5420.jpg
n02112137_5548.jpg,n02112137_5548,train,n02112137,chow,pointy,images/train/n02112137_5548.jpg
n02112137_5945.jpg,n02112137_5945,train,n02112137,chow,pointy,images/train/n02112137_5945.jpg
n02112137_5966.jpg,n02112137_5966,train,n02112137,chow,pointy,images/train/n02112137_5966.jpg
n02112137_6314.jpg,n02112137_6314,train,n02112137,chow,pointy,images/train/n02112137_6314.jpg
n02112137_6458.jpg,n02112137_6458,train,n02112137,chow,pointy,images/train/n02112137_6458.jpg
n02112137_6709.jpg,n02112137_6709,train,n02112137,chow,pointy,images/train/n02112137_6709.jpg
n02112137_6808.jpg,n02112137_6808,train,n02112137,chow,pointy,images/train/n02112137_6808.jpg
n02112137_7645.jpg,n02112137_7645,train,n02112137,chow,pointy,images/train/n02112137_7645.jpg
n02112137_7991.jpg,n02112137_7991,train,n02112137,chow,pointy,images/train/n02112137_7991.jpg
n02112137_8212.jpg,n02112137_8212,train,n02112137,chow,pointy,images/train/n02112137_8212.jpg
n02112137_8407.jpg,n02112137_8407,train,n02112137,chow,pointy,images/train/n02112137_8407.jpg
n02112137_8410.jpg,n02112137_8410,train,n02112137,chow,pointy,images/train/n02112137_8410.jpg
n02112137_9159.jpg,n02112137_9159,train,n02112137,chow,pointy,images/train/n02112137_9159.jpg
n02112137_9280.jpg,n02112137_9280,train,n02112137,chow,pointy,images/train/n02112137_9280.jpg
n02112137_9866.jpg,n02112137_9866,train,n02112137,chow,pointy,images/train/n02112137_9866.jpg
n02112350_10023.jpg,n02112350_10023,train,n02112350,keeshond,pointy,images/train/n02112350_10023.jpg
n02112350_10079.jpg,n02112350_10079,train,n02112350,keeshond,pointy,images/train/n02112350_10079.jpg
n02112350_10322.jpg,n02112350_10322,train,n02112350,keeshond,pointy,images/train/n02112350_10322.jpg
n02112350_1456.jpg,n02112350_1456,train,n02112350,keeshond,pointy,images/train/n02112350_1456.jpg
n02112350_177.jpg,n02112350_177,train,n02112350,keeshond,pointy,images/train/n02112350_177.jpg
n02112350_223.jpg,n02112350_223,train,n02112350,keeshond,pointy,images/train/n02112350_223.jpg
n02112350_2279.jpg,n02112350_2279,train,n02112350,keeshond,pointy,images/train/n02112350_2279.jpg
n02112350_2709.jpg,n02112350_2709,train,n02112350,keeshond,pointy,images/train/n02112350_2709.jpg
n02112350_464.jpg,n02112350_464,train,n02112350,keeshond,pointy,images/train/n02112350_464.jpg
n02112350_4801.jpg,n02112350_4801,train,n02112350,keeshond,pointy,images/train/n02112350_4801.jpg
n02112350_6007.jpg,n02112350_6007,train,n02112350,keeshond,pointy,images/train/n02112350_6007.jpg
n02112350_7087.jpg,n02112350_7087,train,n02112350,keeshond,pointy,images/train/n02112350_7087.jpg
n02112350_7112.jpg,n02112350_7112,train,n02112350,keeshond,pointy,images/train/n02112350_7112.jpg
n02112350_7115.jpg,n02112350_7115,train,n02112350,keeshond,pointy,images/train/n02112350_7115.jpg
n02112350_7141.jpg,n02112350_7141,train,n02112350,keeshond,pointy,images/train/n02112350_7141.jpg
n02112350_7157.jpg,n02112350_7157,train,n02112350,keeshond,pointy,images/train/n02112350_7157.jpg
n02112350_7219.jpg,n02112350_7219,train,n02112350,keeshond,pointy,images/train/n02112350_7219.jpg
n02112350_7257.jpg,n02112350_7257,train,n02112350,keeshond,pointy,images/train/n02112350_7257.jpg
n02112350_7271.jpg,n02112350_7271,train,n02112350,keeshond,pointy,images/train/n02112350_7271.jpg
n02112350_7856.jpg,n02112350_7856,train,n02112350,keeshond,pointy,images/train/n02112350_7856.jpg
n02112350_8234.jpg,n02112350_8234,train,n02112350,keeshond,pointy,images/train/n02112350_8234.jpg
n02112350_8270.jpg,n02112350_8270,train,n02112350,keeshond,pointy,images/train/n02112350_8270.jpg
n02112350_8391.jpg,n02112350_8391,train,n02112350,keeshond,pointy,images/train/n02112350_8391.jpg
n02112350_8484.jpg,n02112350_8484,train,n02112350,keeshond,pointy,images/train/n02112350_8484.jpg
n02112350_8604.jpg,n02112350_8604,train,n02112350,keeshond,pointy,images/train/n02112350_8604.jpg
n02112350_8734.jpg,n02112350_8734,train,n02112350,keeshond,pointy,images/train/n02112350_8734.jpg
n02112350_8850.jpg,n02112350_8850,train,n02112350,keeshond,pointy,images/train/n02112350_8850.jpg
n02112350_9195.jpg,n02112350_9195,train,n02112350,keeshond,pointy,images/train/n02112350_9195.jpg
n02112350_9518.jpg,n02112350_9518,train,n02112350,keeshond,pointy,images/train/n02112350_9518.jpg
n02112350_9536.jpg,n02112350_9536,train,n02112350,keeshond,pointy,images/train/n02112350_9536.jpg
n02112350_9780.jpg,n02112350_9780,train,n02112350,keeshond,pointy,images/train/n02112350_9780.jpg
n02112706_106.jpg,n02112706_106,train,n02112706,Brabancon_griffon,half_floppy,images/train/n02112706_106.jpg
n02112706_1065.jpg,n02112706_1065,train,n02112706,Brabancon_griffon,half_floppy,images/train/n02112706_1065.jpg
n02112706_1114.jpg,n02112706_1114,train,n02112706,Brabancon_griffon,half_floppy,images/train/n02112706_1114.jpg
n02112706_1117.jpg,n02112706_1117,train,n02112706,Brabancon_griffon,half_floppy,images/train/n02112706_1117.jpg
n02112706_1145.jpg,n02112706_1145,train,n02112706,Brabancon_griffon,half_floppy,images/train/n02112706_1145.jpg
n02112706_1180.jpg,n02112706_1180,train,n02112706,Brabancon_griffon,half_floppy,images/train/n02112706_1180.jpg
n02112706_1303.jpg,n02112706_1303,train,n02112706,Brabancon_griffon,half_floppy,images/train/n02112706_1303.jpg
n02112706_1368.jpg,n02112706_1368,train,n02112706,Brabancon_griffon,half_floppy,images/train/n02112706_1368.jpg
n02112706_1379.jpg,n02112706_1379,train,n02112706,Brabancon_griffon,half_floppy,images/train/n02112706_1379.jpg
n02112706_1518.jpg,n02112706_1518,train,n02112706,Brabancon_griffon,half_floppy,images/train/n02112706_1518.jpg
n02112706_1541.jpg,n02112706_1541,train,n02112706,Brabancon_griffon,half_floppy,images/train/n02112706_1541.jpg
n02112706_1546.jpg,n02112706_1546,train,n02112706,Brabancon_griffon,half_floppy,images/train/n02112706_1546.jpg
n02112706_1554.jpg,n02112706_1554,train,n02112706,Brabancon_griffon,half_floppy,images/train/n02112706_1554.jpg
n02112706_1561.jpg,n02112706_1561,train,n02112706,Brabancon_griffon,half_floppy,images/train/n02112706_1561.jpg
n02112706_1644.jpg,n02112706_1644,train,n02112706,Brabancon_griffon,half_floppy,images/train/n02112706_1644.jpg
n02112706_1755.jpg,n02112706_1755,train,n02112706,Brabancon_griffon,half_floppy,images/train/n02112706_1755.jpg
n02112706_1764.jpg,n02112706_1764,train,n02112706,Brabancon_griffon,half_floppy,images/train/n02112706_1764.jpg
n02112706_1862.jpg,n02112706_1862,train,n02112706,Brabancon_griffon,half_floppy,images/train/n02112706_1862.jpg
n02112706_1882.jpg,n02112706_1882,train,n02112706,Brabancon_griffon,half_floppy,images/train/n02112706_1882.jpg
n02112706_1971.jpg,n02112706_1971,train,n02112706,Brabancon_griffon,half_floppy,images/train/n02112706_1971.jpg
n02112706_2027.jpg,n02112706_2027,train,n02112706,Brabancon_griffon,half_floppy,images/train/n02112706_2027.jpg
n02112706_2070.jpg,n02112706_2070,train,n02112706,Brabancon_griffon,half_floppy,images/train/n02112706_2070.jpg
n02112706_2184.jpg,n02112706_2184,train,n02112706,Brabancon_griffon,half_floppy,images/train/n02112706_2184.jpg
n02112706_220.jpg,n02112706_220,train,n02112706,Brabancon_griffon,half_floppy,images/train/n02112706_220.jpg
n02112706_223.jpg,n02112706_223,train,n02112706,Brabancon_griffon,half_floppy,images/train/n02112706_223.jpg
n02112706_237.jpg,n02112706_237,train,n02112706,Brabancon_griffon,half_floppy,images/train/n02112706_237.jpg
n02112706_2441.jpg,n02112706_2441,train,n02112706,Brabancon_griffon,half_floppy,images/train/n02112706_2441.jpg
n02112706_2550.jpg,n02112706_2550,train,n02112706,Brabancon_griffon,half_floppy,images/train/n02112706_2550.jpg
n02112706_37.jpg,n02112706_37,train,n02112706,Brabancon_griffon,half_floppy,images/train/n02112706_37.jpg
n02112706_381.jpg,n02112706_381,train,n02112706,Brabancon_griffon,half_floppy,images/train/n02112706_381.jpg
n02112706_540.jpg,n02112706_540,train,n02112706,Brabancon_griffon,half_floppy,images/train/n02112706_540.jpg
n02112706_549.jpg,n02112706_549,train,n02112706,Brabancon_griffon,half_floppy,images/train/n02112706_549.jpg
n02112706_62.jpg,n02112706_62,train,n02112706,Brabancon_griffon,half_floppy,images/train/n02112706_62.jpg
n02112706_762.jpg,n02112706_762,train,n02112706,Brabancon_griffon,half_floppy,images/train/n02112706_762.jpg
n02112706_835.jpg,n02112706_835,train,n02112706,Brabancon_griffon,half_floppy,images/train/n02112706_835.jpg
n02112706_86.jpg,n02112706_86,train,n02112706,Brabancon_griffon,half_floppy,images/train/n02112706_86.jpg
n02112706_898.jpg,n02112706_898,train,n02112706,Brabancon_griffon,half_floppy,images/train/n02112706_898.jpg
n02113023_11091.jpg,n02113023_11091,train,n02113023,Pembroke,pointy,images/train/n02113023_11091.jpg
n02113023_1257.jpg,n02113023_1257,train,n02113023,Pembroke,pointy,images/train/n02113023_1257.jpg
n02113023_12785.jpg,n02113023_12785,train,n02113023,Pembroke,pointy,images/train/n02113023_12785.jpg
n02113023_13297.jpg,n02113023_13297,train,n02113023,Pembroke,pointy,images/train/n02113023_13297.jpg
n02113023_1354.jpg,n02113023_1354,train,n02113023,Pembroke,pointy,images/train/n02113023_1354.jpg
n02113023_1373.jpg,n02113023_1373,train,n02113023,Pembroke,pointy,images/train/n02113023_1373.jpg
n02113023_13896.jpg,n02113023_13896,train,n02113023,Pembroke,pointy,images/train/n02113023_13896.jpg
n02113023_14104.jpg,n02113023_14104,train,n02113023,Pembroke,pointy,images/train/n02113023_14104.jpg
n02113023_1482.jpg,n02113023_1482,train,n02113023,Pembroke,pointy,images/train/n02113023_1482.jpg
n02113023_1616.jpg,n02113023_1616,train,n02113023,Pembroke,pointy,images/train/n02113023_1616.jpg
n02113023_1896.jpg,n02113023_1896,train,n02113023,Pembroke,pointy,images/train/n02113023_1896.jpg
n02113023_2012.jpg,n02113023_2012,train,n02113023,Pembroke,pointy,images/train/n02113023_2012.jpg
n02113023_2287.jpg,n02113023_2287,train,n02113023,Pembroke,pointy,images/train/n02113023_2287.jpg
n02113023_2482.jpg,n02113023_2482,train,n02113023,Pembroke,pointy,images/train/n02113023_2482.jpg
n02113023_2919.jpg,n02113023_2919,train,n02113023,Pembroke,pointy,images/train/n02113023_2919.jpg
n02113023_3495.jpg,n02113023_3495,train,n02113023,Pembroke,pointy,images/train/n02113023_3495.jpg
n02113023_3601.jpg,n02113023_3601,train,n02113023,Pembroke,pointy,images/train/n02113023_3601.jpg
n02113023_3687.jpg,n02113023_3687,train,n02113023,Pembroke,pointy,images/train/n02113023_3687.jpg
n02113023_3927.jpg,n02113023_3927,train,n02113023,Pembroke,pointy,images/train/n02113023_3927.jpg
n02113023_3998.jpg,n02113023_3998,train,n02113023,Pembroke,pointy,images/train/n02113023_3998.jpg
n02113023_4038.jpg,n02113023_4038,train,n02113023,Pembroke,pointy,images/train/n02113023_4038.jpg
n02113023_4782.jpg,n02113023_4782,train,n02113023,Pembroke,pointy,images/train/n02113023_4782.jpg
n02113023_4881.jpg,n02113023_4881,train,n02113023,Pembroke,pointy,images/train/n02113023_4881.jpg
n02113023_5032.jpg,n02113023_5032,train,n02113023,Pembroke,pointy,images/train/n02113023_5032.jpg
n02113023_5295.jpg,n02113023_5295,train,n02113023,Pembroke,pointy,images/train/n02113023_5295.jpg
n02113023_5310.jpg,n02113023_5310,train,n02113023,Pembroke,pointy,images/train/n02113023_5310.jpg
n02113023_5739.jpg,n02113023_5739,train,n02113023,Pembroke,pointy,images/train/n02113023_5739.jpg
n02113023_5985.jpg,n02113023_5985,train,n02113023,Pembroke,pointy,images/train/n02113023_5985.jpg
n02113023_6140.jpg,n02113023_6140,train,n02113023,Pembroke,pointy,images/train/n02113023_6140.jpg
n02113023_6177.jpg,n02113023_6177,train,n02113023,Pembroke,pointy,images/train/n02113023_6177.jpg
n02113023_6548.jpg,n02113023_6548,train,n02113023,Pembroke,pointy,images/train/n02113023_6548.jpg
n02113023_6567.jpg,n02113023_6567,train,n02113023,Pembroke,pointy,images/train/n02113023_6567.jpg
n02113023_6735.jpg,n02113023_6735,train,n02113023,Pembroke,pointy,images/train/n02113023_6735.jpg
n02113023_710.jpg,n02113023_710,train,n02113023,Pembroke,pointy,images/train/n02113023_710.jpg
n02113023_7254.jpg,n02113023_7254,train,n02113023,Pembroke,pointy,images/train/n02113023_7254.jpg
n02113023_8891.jpg,n02113023_8891,train,n02113023,Pembroke,pointy,images/train/n02113023_8891.jpg
n02113186_1030.jpg,n02113186_1030,train,n02113186,Cardigan,pointy,images/train/n02113186_1030.jpg
n02113186_10416.jpg,n02113186_10416,train,n02113186,Cardigan,pointy,images/train/n02113186_10416.jpg
n02113186_10972.jpg,n02113186_10972,train,n02113186,Cardigan,pointy,images/train/n02113186_10972.jpg
n02113186_11014.jpg,n02113186_11014,train,n02113186,Cardigan,pointy,images/train/n02113186_11014.jpg
n02113186_11017.jpg,n02113186_11017,train,n02113186,Cardigan,pointy,images/train/n02113186_11017.jpg
n02113186_11334.jpg,n02113186_11334,train,n02113186,Cardigan,pointy,images/train/n02113186_11334.jpg
n02113186_11446.jpg,n02113186_11446,train,n02113186,Cardigan,pointy,images/train/n02113186_11446.jpg
n02113186_11789.jpg,n02113186_11789,train,n02113186,Cardigan,pointy,images/train/n02113186_11789.jpg
n02113186_12419.jpg,n02113186_12419,train,n02113186,Cardigan,pointy,images/train/n02113186_12419.jpg
n02113186_12513.jpg,n02113186_12513,train,n02113186,Cardigan,pointy,images/train/n02113186_12513.jpg
n02113186_12793.jpg,n02113186_12793,train,n02113186,Cardigan,pointy,images/train/n02113186_12793.jpg
n02113186_13002.jpg,n02113186_13002,train,n02113186,Cardigan,pointy,images/train/n02113186_13002.jpg
n02113186_13335.jpg,n02113186_13335,train,n02113186,Cardigan,pointy,images/train/n02113186_13335.jpg
n02113186_13484.jpg,n02113186_13484,train,n02113186,Cardigan,pointy,images/train/n02113186_13484.jpg
n02113186_1447.jpg,n02113186_1447,train,n02113186,Cardigan,pointy,images/train/n02113186_1447.jpg
n02113186_1529.jpg,n02113186_1529,train,n02113186,Cardigan,pointy,images/train/n02113186_1529.jpg
n02113186_2499.jpg,n02113186_2499,train,n02113186,Cardigan,pointy,images/train/n02113186_2499.jpg
n02113186_3049.jpg,n02113186_3049,train,n02113186,Cardigan,pointy,images/train/n02113186_3049.jpg
n02113186_3178.jpg,n02113186_3178,train,n02113186,Cardigan,pointy,images/train/n02113186_3178.jpg
n02113186_3832.jpg,n02113186_3832,train,n02113186,Cardigan,pointy,images/train/n02113186_3832.jpg
n02113186_4422.jpg,n02113186_4422,train,n02113186,Cardigan,pointy,images/train/n02113186_4422.jpg
n02113186_4591.jpg,n02113186_4591,train,n02113186,Cardigan,pointy,images/train/n02113186_4591.jpg
n02113186_4976.jpg,n02113186_4976,train,n02113186,Cardigan,pointy,images/train/n02113186_4976.jpg
n02113186_50.jpg,n02113186_50,train,n02113186,Cardigan,pointy,images/train/n02113186_50.jpg
n02113186_5242.jpg,n02113186_5242,train,n02113186,Cardigan,pointy,images/train/n02113186_5242.jpg
n02113186_6173.jpg,n02113186_6173,train,n02113186,Cardigan,pointy,images/train/n02113186_6173.jpg
n02113186_7159.jpg,n02113186_7159,train,n02113186,Cardigan,pointy,images/train/n02113186_7159.jpg
n02113186_7215.jpg,n02113186_7215,train,n02113186,Cardigan,pointy,images/train/n02113186_7215.jpg
n02113186_7220.jpg,n02113186_7220,train,n02113186,Cardigan,pointy,images/train/n02113186_7220.jpg
n02113186_7308.jpg,n02113186_7308,train,n02113186,Cardigan,pointy,images/train/n02113186_7308.jpg
n02113186_7353.jpg,n02113186_7353,train,n02113186,Cardigan,pointy,images/train/n02113186_7353.jpg
n02113186_7600.jpg,n02113186_7600,train,n02113186,Cardigan,pointy,images/train/n02113186_7600.jpg
n02113186_8794.jpg,n02113186_8794,train,n02113186,Cardigan,pointy,images/train/n02113186_8794.jpg
n02113186_9116.jpg,n02113186_9116,train,n02113186,Cardigan,pointy,images/train/n02113186_9116.jpg
n02113186_9666.jpg,n02113186_9666,train,n02113186,Cardigan,pointy,images/train/n02113186_9666.jpg
n02113186_9807.jpg,n02113186_9807,train,n02113186,Cardigan,pointy,images/train/n02113186_9807.jpg
n02113186_9902.jpg,n02113186_9902,train,n02113186,Cardigan,pointy,images/train/n02113186_9902.jpg
n02113624_1023.jpg,n02113624_1023,train,n02113624,toy_poodle,floppy,images/train/n02113624_1023.jpg
n02113624_1178.jpg,n02113624_1178,train,n02113624,toy_poodle,floppy,images/train/n02113624_1178.jpg
n02113624_1596.jpg,n02113624_1596,train,n02113624,toy_poodle,floppy,images/train/n02113624_1596.jpg
n02113624_1639.jpg,n02113624_1639,train,n02113624,toy_poodle,floppy,images/train/n02113624_1639.jpg
n02113624_166.jpg,n02113624_166,train,n02113624,toy_poodle,floppy,images/train/n02113624_166.jpg
n02113624_1879.jpg,n02113624_1879,train,n02113624,toy_poodle,floppy,images/train/n02113624_1879.jpg
n02113624_1929.jpg,n02113624_1929,train,n02113624,toy_poodle,floppy,images/train/n02113624_1929.jpg
n02113624_2224.jpg,n02113624_2224,train,n02113624,toy_poodle,floppy,images/train/n02113624_2224.jpg
n02113624_2258.jpg,n02113624_2258,train,n02113624,toy_poodle,floppy,images/train/n02113624_2258.jpg
n02113624_2270.jpg,n02113624_2270,train,n02113624,toy_poodle,floppy,images/train/n02113624_2270.jpg
n02113624_2508.jpg,n02113624_2508,train,n02113624,toy_poodle,floppy,images/train/n02113624_2508.jpg
n02113624_253.jpg,n02113624_253,train,n02113624,toy_poodle,floppy,images/train/n02113624_253.jpg
n02113624_2595.jpg,n02113624_2595,train,n02113624,toy_poodle,floppy,images/train/n02113624_2595.jpg
n02113624_2639.jpg,n02113624_2639,train,n02113624,toy_poodle,floppy,images/train/n02113624_2639.jpg
n02113624_265.jpg,n02113624_265,train,n02113624,toy_poodle,floppy,images/train/n02113624_265.jpg
n02113624_2785.jpg,n02113624_2785,train,n02113624,toy_poodle,floppy,images/train/n02113624_2785.jpg
n02113624_2816.jpg,n02113624_2816,train,n02113624,toy_poodle,floppy,images/train/n02113624_2816.jpg
n02113624_288.jpg,n02113624_288,train,n02113624,toy_poodle,floppy,images/train/n02113624_288.jpg
n02113624_2883.jpg,n02113624_2883,train,n02113624,toy_poodle,floppy,images/train/n02113624_2883.jpg
n02113624_300.jpg,n02113624_300,train,n02113624,toy_poodle,floppy,images/train/n02113624_300.jpg
n02113624_333.jpg,n02113624_333,train,n02113624,toy_poodle,floppy,images/train/n02113624_333.jpg
n02113624_3344.jpg,n02113624_3344,train,n02113624,toy_poodle,floppy,images/train/n02113624_3344.jpg
n02113624_3639.jpg,n02113624_3639,train,n02113624,toy_poodle,floppy,images/train/n02113624_3639.jpg
n02113624_3796.jpg,n02113624_3796,train,n02113624,toy_poodle,floppy,images/train/n02113624_3796.jpg
n02113624_4112.jpg,n02113624_4112,train,n02113624,toy_poodle,floppy,images/train/n02113624_4112.jpg
n02113624_429.jpg,n02113624_429,train,n02113624,toy_poodle,floppy,images/train/n02113624_429.jpg
n02113624_5278.jpg,n02113624_5278,train,n02113624,toy_poodle,floppy,images/train/n02113624_5278.jpg
n02113624_530.jpg,n02113624_530,train,n02113624,toy_poodle,floppy,images/train/n02113624_530.jpg
n02113624_5523.jpg,n02113624_5523,train,n02113624,toy_poodle,floppy,images/train/n02113624_5523.jpg
n02113624_5584.jpg,n02113624_5584,train,n02113624,toy_poodle,floppy,images/train/n02113624_5584.jpg
n02113624_5723.jpg,n02113624_5723,train,n02113624,toy_poodle,floppy,images/train/n02113624_5723.jpg
n02113624_6230.jpg,n02113624_6230,train,n02113624,toy_poodle,floppy,images/train/n02113624_6230.jpg
n02113624_629.jpg,n02113624_629,train,n02113624,toy_poodle,floppy,images/train/n02113624_629.jpg
n02113624_6921.jpg,n02113624_6921,train,n02113624,toy_poodle,floppy,images/train/n02113624_6921.jpg
n02113624_7504.jpg,n02113624_7504,train,n02113624,toy_poodle,floppy,images/train/n02113624_7504.jpg
n02113624_7888.jpg,n02113624_7888,train,n02113624,toy_poodle,floppy,images/train/n02113624_7888.jpg
n02113624_7964.jpg,n02113624_7964,train,n02113624,toy_poodle,floppy,images/train/n02113624_7964.jpg
n02113624_7986.jpg,n02113624_7986,train,n02113624,toy_poodle,floppy,images/train/n02113624_7986.jpg
n02113624_7997.jpg,n02113624_7997,train,n02113624,toy_poodle,floppy,images/train/n02113624_7997.jpg
n02113624_8444.jpg,n02113624_8444,train,n02113624,toy_poodle,floppy,images/train/n02113624_8444.jpg
n02113624_9105.jpg,n02113624_9105,train,n02113624,toy_poodle,floppy,images/train/n02113624_9105.jpg
n02113624_9229.jpg,n02113624_9229,train,n02113624,toy_poodle,floppy,images/train/n02113624_9229.jpg
n02113624_9550.jpg,n02113624_9550,train,n02113624,toy_poodle,floppy,images/train/n02113624_9550.jpg
n02113712_10525.jpg,n02113712_10525,train,n02113712,miniature_poodle,floppy,images/train/n02113712_10525.jpg
n02113712_1541.jpg,n02113712_1541,train,n02113712,miniature_poodle,floppy,images/train/n02113712_1541.jpg
n02113712_1558.jpg,n02113712_1558,train,n02113712,miniature_poodle,floppy,images/train/n02113712_1558.jpg
n02113712_1572.jpg,n02113712_1572,train,n02113712,miniature_poodle,floppy,images/train/n02113712_1572.jpg
n02113712_1748.jpg,n02113712_1748,train,n02113712,miniature_poodle,floppy,images/train/n02113712_1748.jpg
n02113712_1897.jpg,n02113712_1897,train,n02113712,miniature_poodle,floppy,images/train/n02113712_1897.jpg
n02113712_2021.jpg,n02113712_2021,train,n02113712,miniature_poodle,floppy,images/train/n02113712_2021.jpg
n02113712_2136.jpg,n02113712_2136,train,n02113712,miniature_poodle,floppy,images/train/n02113712_2136.jpg
n02113712_2379.jpg,n02113712_2379,train,n02113712,miniature_poodle,floppy,images/train/n02113712_2379.jpg
n02113712_2451.jpg,n02113712_2451,train,n02113712,miniature_poodle,floppy,images/train/n02113712_2451.jpg
n02113712_2596.jpg,n02113712_2596,train,n02113712,miniature_poodle,floppy,images/train/n02113712_2596.jpg
n02113712_2718.jpg,n02113712_2718,train,n02113712,miniature_poodle,floppy,images/train/n02113712_2718.jpg
n02113712_2784.jpg,n02113712_2784,train,n02113712,miniature_poodle,floppy,images/train/n02113712_2784.jpg
n02113712_291.jpg,n02113712_291,train,n02113712,miniature_poodle,floppy,images/train/n02113712_291.jpg
n02113712_3147.jpg,n02113712_3147,train,n02113712,miniature_poodle,floppy,images/train/n02113712_3147.jpg
n02113712_3161.jpg,n02113712_3161,train,n02113712,miniature_poodle,floppy,images/train/n02113712_3161.jpg
n02113712_3171.jpg,n02113712_3171,train,n02113712,miniature_poodle,floppy,images/train/n02113712_3171.jpg
n02113712_322.jpg,n02113712_322,train,n02113712,miniature_poodle,floppy,images/train/n02113712_322.jpg
n02113712_326.jpg,n02113712_326,train,n02113712,miniature_poodle,floppy,images/train/n02113712_326.jpg
n02113712_3272.jpg,n02113712_3272,train,n02113712,miniature_poodle,floppy,images/train/n02113712_3272.jpg
n02113712_348.jpg,n02113712_348,train,n02113712,miniature_poodle,floppy,images/train/n02113712_348.jpg
n02113712_4233.jpg,n02113712_4233,train,n02113712,miniature_poodle,floppy,images/train/n02113712_4233.jpg
n02113712_478.jpg,n02113712_478,train,n02113712,miniature_poodle,floppy,images/train/n02113712_478.jpg
n02113712_48.jpg,n02113712_48,train,n02113712,miniature_poodle,floppy,images/train/n02113712_48.jpg
n02113712_574.jpg,n02113712_574,train,n02113712,miniature_poodle,floppy,images/train/n02113712_574.jpg
n02113712_578.jpg,n02113712_578,train,n02113712,miniature_poodle,floppy,images/train/n02113712_578.jpg
n02113712_743.jpg,n02113712_743,train,n02113712,miniature_poodle,floppy,images/train/n02113712_743.jpg
n02113712_7666.jpg,n02113712_7666,train,n02113712,miniature_poodle,floppy,images/train/n02113712_7666.jpg
n02113712_7710.jpg,n02113712_7710,train,n02113712,miniature_poodle,floppy,images/train/n02113712_7710.jpg
n02113712_777.jpg,n02113712_777,train,n02113712,miniature_poodle,floppy,images/train/n02113712_777.jpg
n02113712_8655.jpg,n02113712_8655,train,n02113712,miniature_poodle,floppy,images/train/n02113712_8655.jpg
n02113712_8756.jpg,n02113712_8756,train,n02113712,miniature_poodle,floppy,images/train/n02113712_8756.jpg
n02113712_885.jpg,n02113712_885,train,n02113712,miniature_poodle,floppy,images/train/n02113712_885.jpg
n02113712_9013.jpg,n02113712_9013,train,n02113712,miniature_poodle,floppy,images/train/n02113712_9013.jpg
n02113799_1207.jpg,n02113799_1207,train,n02113799,standard_poodle,floppy,images/train/n02113799_1207.jpg
n02113799_1444.jpg,n02113799_1444,train,n02113799,standard_poodle,floppy,images/train/n02113799_1444.jpg
n02113799_1568.jpg,n02113799_1568,train,n02113799,standard_poodle,floppy,images/train/n02113799_1568.jpg
n02113799_1727.jpg,n02113799_1727,train,n02113799,standard_poodle,floppy,images/train/n02113799_1727.jpg
n02113799_1728.jpg,n02113799_1728,train,n02113799,standard_poodle,floppy,images/train/n02113799_1728.jpg
n02113799_1980.jpg,n02113799_1980,train,n02113799,standard_poodle,floppy,images/train/n02113799_1980.jpg
n02113799_204.jpg,n02113799_204,train,n02113799,standard_poodle,floppy,images/train/n02113799_204.jpg
n02113799_2043.jpg,n02113799_2043,train,n02113799,standard_poodle,floppy,images/train/n02113799_2043.jpg
n02113799_2325.jpg,n02113799_2325,train,n02113799,standard_poodle,floppy,images/train/n02113799_2325.jpg
n02113799_2600.jpg,n02113799_2600,train,n02113799,standard_poodle,floppy,images/train/n02113799_2600.jpg
n02113799_2729.jpg,n02113799_2729,train,n02113799,standard_poodle,floppy,images/train/n02113799_2729.jpg
n02113799_273.jpg,n02113799_273,train,n02113799,standard_poodle,floppy,images/train/n02113799_273.jpg
n02113799_2733.jpg,n02113799_2733,train,n02113799,standard_poodle,floppy,images/train/n02113799_2733.jpg
n02113799_2814.jpg,n02113799_2814,train,n02113799,standard_poodle,floppy,images/train/n02113799_2814.jpg
n02113799_300.jpg,n02113799_300,train,n02113799,standard_poodle,floppy,images/train/n02113799_300.jpg
n02113799_3055.jpg,n02113799_3055,train,n02113799,standard_poodle,floppy,images/train/n02113799_3055.jpg
n02113799_3278.jpg,n02113799_3278,train,n02113799,standard_poodle,floppy,images/train/n02113799_3278.jpg
n02113799_341.jpg,n02113799_341,train,n02113799,standard_poodle,floppy,images/train/n02113799_341.jpg
n02113799_4046.jpg,n02113799_4046,train,n02113799,standard_poodle,floppy,images/train/n02113799_4046.jpg
n02113799_4458.jpg,n02113799_4458,train,n02113799,standard_poodle,floppy,images/train/n02113799_4458.jpg
n02113799_447.jpg,n02113799_447,train,n02113799,standard_poodle,floppy,images/train/n02113799_447.jpg
n02113799_4499.jpg,n02113799_4499,train,n02113799,standard_poodle,floppy,images/train/n02113799_4499.jpg
n02113799_4642.jpg,n02113799_4642,train,n02113799,standard_poodle,floppy,images/train/n02113799_4642.jpg
n02113799_4740.jpg,n02113799_4740,train,n02113799,standard_poodle,floppy,images/train/n02113799_4740.jpg
n02113799_5023.jpg,n02113799_5023,train,n02113799,standard_poodle,floppy,images/train/n02113799_5023.jpg
n02113799_5267.jpg,n02113799_5267,train,n02113799,standard_poodle,floppy,images/train/n02113799_5267.jpg
n02113799_5372.jpg,n02113799_5372,train,n02113799,standard_poodle,floppy,images/train/n02113799_5372.jpg
n02113799_5514.jpg,n02113799_5514,train,n02113799,standard_poodle,floppy,images/train/n02113799_5514.jpg
n02113799_589.jpg,n02113799_589,train,n02113799,standard_poodle,floppy,images/train/n02113799_589.jpg
n02113799_5975.jpg,n02113799_5975,train,n02113799,standard_poodle,floppy,images/train/n02113799_5975.jpg
n02113799_5986.jpg,n02113799_5986,train,n02113799,standard_poodle,floppy,images/train/n02113799_5986.jpg
n02113799_6448.jpg,n02113799_6448,train,n02113799,standard_poodle,floppy,images/train/n02113799_6448.jpg
n02113799_6715.jpg,n02113799_6715,train,n02113799,standard_poodle,floppy,images/train/n02113799_6715.jpg
n02113799_6891.jpg,n02113799_6891,train,n02113799,standard_poodle,floppy,images/train/n02113799_6891.jpg
n02113799_6984.jpg,n02113799_6984,train,n02113799,standard_poodle,floppy,images/train/n02113799_6984.jpg
n02113799_7130.jpg,n02113799_7130,train,n02113799,standard_poodle,floppy,images/train/n02113799_7130.jpg
n02113799_7258.jpg,n02113799_7258,train,n02113799,standard_poodle,floppy,images/train/n02113799_7258.jpg
n02113799_7438.jpg,n02113799_7438,train,n02113799,standard_poodle,floppy,images/train/n02113799_7438.jpg
n02113799_7448.jpg,n02113799_7448,train,n02113799,standard_poodle,floppy,images/train/n02113799_7448.jpg
n02113978_1391.jpg,n02113978_1391,train,n02113978,Mexican_hairless,pointy,images/train/n02113978_1391.jpg
n02113978_1868.jpg,n02113978_1868,train,n02113978,Mexican_hairless,pointy,images/train/n02113978_1868.jpg
n02113978_1983.jpg,n02113978_1983,train,n02113978,Mexican_hairless,pointy,images/train/n02113978_1983.jpg
n02113978_206.jpg,n02113978_206,train,n02113978,Mexican_hairless,pointy,images/train/n02113978_206.jpg
n02113978_2128.jpg,n02113978_2128,train,n02113978,Mexican_hairless,pointy,images/train/n02113978_2128.jpg
n02113978_216.jpg,n02113978_216,train,n02113978,Mexican_hairless,pointy,images/train/n02113978_216.jpg
n02113978_2546.jpg,n02113978_2546,train,n02113978,Mexican_hairless,pointy,images/train/n02113978_2546.jpg
n02113978_2695.jpg,n02113978_2695,train,n02113978,Mexican_hairless,pointy,images/train/n02113978_2695.jpg
n02113978_3249.jpg,n02113978_3249,train,n02113978,Mexican_hairless,pointy,images/train/n02113978_3249.jpg
n02113978_3743.jpg,n02113978_3743,train,n02113978,Mexican_hairless,pointy,images/train/n02113978_3743.jpg
n02113978_3794.jpg,n02113978_3794,train,n02113978,Mexican_hairless,pointy,images/train/n02113978_3794.jpg
n02113978_3823.jpg,n02113978_3823,train,n02113978,Mexican_hairless,pointy,images/train/n02113978_3823.jpg
n02113978_3832.jpg,n02113978_3832,train,n02113978,Mexican_hairless,pointy,images/train/n02113978_3832.jpg
n02113978_3866.jpg,n02113978_3866,train,n02113978,Mexican_hairless,pointy,images/train/n02113978_3866.jpg
n02113978_468.jpg,n02113978_468,train,n02113978,Mexican_hairless,pointy,images/train/n02113978_468.jpg
n02115641_10286.jpg,n02115641_10286,train,n02115641,dingo,pointy,images/train/n02115641_10286.jpg
n02115641_10992.jpg,n02115641_10992,train,n02115641,dingo,pointy,images/train/n02115641_10992.jpg
n02115641_11668.jpg,n02115641_11668,train,n02115641,dingo,pointy,images/train/n02115641_11668.jpg
n02115641_1215.jpg,n02115641_1215,train,n02115641,dingo,pointy,images/train/n02115641_1215.jpg
n02115641_1228.jpg,n02115641_1228,train,n02115641,dingo,pointy,images/train/n02115641_1228.jpg
n02115641_1327.jpg,n02115641_1327,train,n02115641,dingo,pointy,images/train/n02115641_1327.jpg
n02115641_13565.jpg,n02115641_13565,train,n02115641,dingo,pointy,images/train/n02115641_13565.jpg
n02115641_136.jpg,n02115641_136,train,n02115641,dingo,pointy,images/train/n02115641_136.jpg
n02115641_14084.jpg,n02115641_14084,train,n02115641,dingo,pointy,images/train/n02115641_14084.jpg
n02115641_14495.jpg,n02115641_14495,train,n02115641,dingo,pointy,images/train/n02115641_14495.jpg
n02115641_1560.jpg,n02115641_1560,train,n02115641,dingo,pointy,images/train/n02115641_1560.jpg
n02115641_2041.jpg,n02115641_2041,train,n02115641,dingo,pointy,images/train/n02115641_2041.jpg
n02115641_2096.jpg,n02115641_2096,train,n02115641,dingo,pointy,images/train/n02115641_2096.jpg
n02115641_2636.jpg,n02115641_2636,train,n02115641,dingo,pointy,images/train/n02115641_2636.jpg
n02115641_4601.jpg,n02115641_4601,train,n02115641,dingo,pointy,images/train/n02115641_4601.jpg
n02115641_4674.jpg,n02115641_4674,train,n02115641,dingo,pointy,images/train/n02115641_4674.jpg
n02115641_4951.jpg,n02115641_4951,train,n02115641,dingo,pointy,images/train/n02115641_4951.jpg
n02115641_5033.jpg,n02115641_5033,train,n02115641,dingo,pointy,images/train/n02115641_5033.jpg
n02115641_504.jpg,n02115641_504,train,n02115641,dingo,pointy,images/train/n02115641_504.jpg
n02115641_5492.jpg,n02115641_5492,train,n02115641,dingo,pointy,images/train/n02115641_5492.jpg
n02115641_670.jpg,n02115641_670,train,n02115641,dingo,pointy,images/train/n02115641_670.jpg
n02115641_6974.jpg,n02115641_6974,train,n02115641,dingo,pointy,images/train/n02115641_6974.jpg
n02115641_7109.jpg,n02115641_7109,train,n02115641,dingo,pointy,images/train/n02115641_7109.jpg
n02115641_7181.jpg,n02115641_7181,train,n02115641,dingo,pointy,images/train/n02115641_7181.jpg
n02115641_7400.jpg,n02115641_7400,train,n02115641,dingo,pointy,images/train/n02115641_7400.jpg
n02115641_7549.jpg,n02115641_7549,train,n02115641,dingo,pointy,images/train/n02115641_7549.jpg
n02115641_8150.jpg,n02115641_8150,train,n02115641,dingo,pointy,images/train/n02115641_8150.jpg
n02115641_8168.jpg,n02115641_8168,train,n02115641,dingo,pointy,images/train/n02115641_8168.jpg
n02115641_8474.jpg,n02115641_8474,train,n02115641,dingo,pointy,images/train/n02115641_8474.jpg
n02115641_8492.jpg,n02115641_8492,train,n02115641,dingo,pointy,images/train/n02115641_8492.jpg
n02115913_1142.jpg,n02115913_1142,train,n02115913,dhole,pointy,images/train/n02115913_1142.jpg
n02115913_1233.jpg,n02115913_1233,train,n02115913,dhole,pointy,images/train/n02115913_1233.jpg
n02115913_1332.jpg,n02115913_1332,train,n02115913,dhole,pointy,images/train/n02115913_1332.jpg
n02115913_1449.jpg,n02115913_1449,train,n02115913,dhole,pointy,images/train/n02115913_1449.jpg
n02115913_1578.jpg,n02115913_1578,train,n02115913,dhole,pointy,images/train/n02115913_1578.jpg
n02115913_2014.jpg,n02115913_2014,train,n02115913,dhole,pointy,images/train/n02115913_2014.jpg
n02115913_2044.jpg,n02115913_2044,train,n02115913,dhole,pointy,images/train/n02115913_2044.jpg
n02115913_2542.jpg,n02115913_2542,train,n02115913,dhole,pointy,images/train/n02115913_2542.jpg
n02115913_2895.jpg,n02115913_2895,train,n02115913,dhole,pointy,images/train/n02115913_2895.jpg
n02115913_3270.jpg,n02115913_3270,train,n02115913,dhole,pointy,images/train/n02115913_3270.jpg
n02115913_3743.jpg,n02115913_3743,train,n02115913,dhole,pointy,images/train/n02115913_3743.jpg
n02115913_3998.jpg,n02115913_3998,train,n02115913,dhole,pointy,images/train/n02115913_3998.jpg
n02115913_4031.jpg,n02115913_4031,train,n02115913,dhole,pointy,images/train/n02115913_4031.jpg
n02115913_4047.jpg,n02115913_4047,train,n02115913,dhole,pointy,images/train/n02115913_4047.jpg
n02115913_423.jpg,n02115913_423,train,n02115913,dhole,pointy,images/train/n02115913_423.jpg
n02115913_4275.jpg,n02115913_4275,train,n02115913,dhole,pointy,images/train/n02115913_4275.jpg
n02115913_4308.jpg,n02115913_4308,train,n02115913,dhole,pointy,images/train/n02115913_4308.jpg
n02115913_4429.jpg,n02115913_4429,train,n02115913,dhole,pointy,images/train/n02115913_4429.jpg
n02115913_5392.jpg,n02115913_5392,train,n02115913,dhole,pointy,images/train/n02115913_5392.jpg
n02115913_750.jpg,n02115913_750,train,n02115913,dhole,pointy,images/train/n02115913_750.jpg
n02116738_10024.jpg,n02116738_10024,train,n02116738,African_hunting_dog,pointy,images/train/n02116738_10024.jpg
n02116738_10493.jpg,n02116738_10493,train,n02116738,African_hunting_dog,pointy,images/train/n02116738_10493.jpg
n02116738_2020.jpg,n02116738_2020,train,n02116738,African_hunting_dog,pointy,images/train/n02116738_2020.jpg
n02116738_2192.jpg,n02116738_2192,train,n02116738,African_hunting_dog,pointy,images/train/n02116738_2192.jpg
n02116738_2435.jpg,n02116738_2435,train,n02116738,African_hunting_dog,pointy,images/train/n02116738_2435.jpg
n02116738_2514.jpg,n02116738_2514,train,n02116738,African_hunting_dog,pointy,images/train/n02116738_2514.jpg
n02116738_3024.jpg,n02116738_3024,train,n02116738,African_hunting_dog,pointy,images/train/n02116738_3024.jpg
n02116738_4834.jpg,n02116738_4834,train,n02116738,African_hunting_dog,pointy,images/train/n02116738_4834.jpg
n02116738_5936.jpg,n02116738_5936,train,n02116738,African_hunting_dog,pointy,images/train/n02116738_5936.jpg
n02116738_6283.jpg,n02116738_6283,train,n02116738,African_hunting_dog,pointy,images/train/n02116738_6283.jpg
n02116738_634.jpg,n02116738_634,train,n02116738,African_hunting_dog,pointy,images/train/n02116738_634.jpg
n02116738_7105.jpg,n02116738_7105,train,n02116738,African_hunting_dog,pointy,images/train/n02116738_7105.jpg
n02116738_7988.jpg,n02116738_7988,train,n02116738,African_hunting_dog,pointy,images/train/n02116738_7988.jpg
n02116738_8489.jpg,n02116738_8489,train,n02116738,African_hunting_dog,pointy,images/train/n02116738_8489.jpg
n02116738_8512.jpg,n02116738_8512,train,n02116738,African_hunting_dog,pointy,images/train/n02116738_8512.jpg
n02116738_8719.jpg,n02116738_8719,train,n02116738,African_hunting_dog,pointy,images/train/n02116738_8719.jpg
n02116738_9762.jpg,n02116738_9762,train,n02116738,African_hunting_dog,pointy,images/train/n02116738_9762.jpg
n02116738_9769.jpg,n02116738_9769,train,n02116738,African_hunting_dog,pointy,images/train/n02116738_9769.jpg
n02085620_1073.jpg,n02085620_1073,test,n02085620,Chihuahua,pointy,images/test/n02085620_1073.jpg
n02085620_2887.jpg,n02085620_2887,test,n02085620,Chihuahua,pointy,images/test/n02085620_2887.jpg
n02085620_4266.jpg,n02085620_4266,test,n02085620,Chihuahua,pointy,images/test/n02085620_4266.jpg
n02085620_9654.jpg,n02085620_9654,test,n02085620,Chihuahua,pointy,images/test/n02085620_9654.jpg
n02085782_1724.jpg,n02085782_1724,test,n02085782,Japanese_spaniel,floppy,images/test/n02085782_1724.jpg
n02085782_3649.jpg,n02085782_3649,test,n02085782,Japanese_spaniel,floppy,images/test/n02085782_3649.jpg
n02085782_3855.jpg,n02085782_3855,test,n02085782,Japanese_spaniel,floppy,images/test/n02085782_3855.jpg
n02085782_665.jpg,n02085782_665,test,n02085782,Japanese_spaniel,floppy,images/test/n02085782_665.jpg
n02085936_37.jpg,n02085936_37,test,n02085936,Maltese_dog,floppy,images/test/n02085936_37.jpg
n02085936_4490.jpg,n02085936_4490,test,n02085936,Maltese_dog,floppy,images/test/n02085936_4490.jpg
n02085936_6405.jpg,n02085936_6405,test,n02085936,Maltese_dog,floppy,images/test/n02085936_6405.jpg
n02085936_6514.jpg,n02085936_6514,test,n02085936,Maltese_dog,floppy,images/test/n02085936_6514.jpg
n02086079_14929.jpg,n02086079_14929,test,n02086079,Pekinese,floppy,images/test/n02086079_14929.jpg
n02086079_4129.jpg,n02086079_4129,test,n02086079,Pekinese,floppy,images/test/n02086079_4129.jpg
n02086079_6467.jpg,n02086079_6467,test,n02086079,Pekinese,floppy,images/test/n02086079_6467.jpg
n02086079_884.jpg,n02086079_884,test,n02086079,Pekinese,floppy,images/test/n02086079_884.jpg
n02086240_1856.jpg,n02086240_1856,test,n02086240,Shih-Tzu,floppy,images/test/n02086240_1856.jpg
n02086240_3921.jpg,n02086240_3921,test,n02086240,Shih-Tzu,floppy,images/test/n02086240_3921.jpg
n02086240_7221.jpg,n02086240_7221,test,n02086240,Shih-Tzu,floppy,images/test/n02086240_7221.jpg
n02086240_9293.jpg,n02086240_9293,test,n02086240,Shih-Tzu,floppy,images/test/n02086240_9293.jpg
n02086646_1673.jpg,n02086646_1673,test,n02086646,Blenheim_spaniel,floppy,images/test/n02086646_1673.jpg
n02086646_280.jpg,n02086646_280,test,n02086646,Blenheim_spaniel,floppy,images/test/n02086646_280.jpg
n02086646_3670.jpg,n02086646_3670,test,n02086646,Blenheim_spaniel,floppy,images/test/n02086646_3670.jpg
n02086646_45.jpg,n02086646_45,test,n02086646,Blenheim_spaniel,floppy,images/test/n02086646_45.jpg
n02086910_3140.jpg,n02086910_3140,test,n02086910,papillon,pointy,images/test/n02086910_3140.jpg
n02086910_3338.jpg,n02086910_3338,test,n02086910,papillon,pointy,images/test/n02086910_3338.jpg
n02086910_4424.jpg,n02086910_4424,test,n02086910,papillon,pointy,images/test/n02086910_4424.jpg
n02086910_5560.jpg,n02086910_5560,test,n02086910,papillon,pointy,images/test/n02086910_5560.jpg
n02087046_2843.jpg,n02087046_2843,test,n02087046,toy_terrier,pointy,images/test/n02087046_2843.jpg
n02087046_5306.jpg,n02087046_5306,test,n02087046,toy_terrier,pointy,images/test/n02087046_5306.jpg
n02087046_5386.jpg,n02087046_5386,test,n02087046,toy_terrier,pointy,images/test/n02087046_5386.jpg
n02087046_6211.jpg,n02087046_6211,test,n02087046,toy_terrier,pointy,images/test/n02087046_6211.jpg
n02087394_10588.jpg,n02087394_10588,test,n02087394,Rhodesian_ridgeback,floppy,images/test/n02087394_10588.jpg
n02087394_1963.jpg,n02087394_1963,test,n02087394,Rhodesian_ridgeback,floppy,images/test/n02087394_1963.jpg
n02087394_3673.jpg,n02087394_3673,test,n02087394,Rhodesian_ridgeback,floppy,images/test/n02087394_3673.jpg
n02087394_381.jpg,n02087394_381,test,n02087394,Rhodesian_ridgeback,floppy,images/test/n02087394_381.jpg
n02088094_1003.jpg,n02088094_1003,test,n02088094,Afghan_hound,floppy,images/test/n02088094_1003.jpg
n02088094_115.jpg,n02088094_115,test,n02088094,Afghan_hound,floppy,images/test/n02088094_115.jpg
n02088094_1270.jpg,n02088094_1270,test,n02088094,Afghan_hound,floppy,images/test/n02088094_1270.jpg
n02088094_7894.jpg,n02088094_7894,test,n02088094,Afghan_hound,floppy,images/test/n02088094_7894.jpg
n02088238_10288.jpg,n02088238_10288,test,n02088238,basset,floppy,images/test/n02088238_10288.jpg
n02088238_13036.jpg,n02088238_13036,test,n02088238,basset,floppy,images/test/n02088238_13036.jpg
n02088238_658.jpg,n02088238_658,test,n02088238,basset,floppy,images/test/n02088238_658.jpg
n02088238_9015.jpg,n02088238_9015,test,n02088238,basset,floppy,images/test/n02088238_9015.jpg
n02088364_1128.jpg,n02088364_1128,test,n02088364,beagle,floppy,images/test/n02088364_1128.jpg
n02088364_13236.jpg,n02088364_13236,test,n02088364,beagle,floppy,images/test/n02088364_13236.jpg
n02088364_4281.jpg,n02088364_4281,test,n02088364,beagle,floppy,images/test/n02088364_4281.jpg
n02088364_7324.jpg,n02088364_7324,test,n02088364,beagle,floppy,images/test/n02088364_7324.jpg
n02088466_10904.jpg,n02088466_10904,test,n02088466,bloodhound,floppy,images/test/n02088466_10904.jpg
n02088466_2030.jpg,n02088466_2030,test,n02088466,bloodhound,floppy,images/test/n02088466_2030.jpg
n02088466_2862.jpg,n02088466_2862,test,n02088466,bloodhound,floppy,images/test/n02088466_2862.jpg
n02088466_7178.jpg,n02088466_7178,test,n02088466,bloodhound,floppy,images/test/n02088466_7178.jpg
n02088632_1376.jpg,n02088632_1376,test,n02088632,bluetick,floppy,images/test/n02088632_1376.jpg
n02088632_2321.jpg,n02088632_2321,test,n02088632,bluetick,floppy,images/test/n02088632_2321.jpg
n02088632_3545.jpg,n02088632_3545,test,n02088632,bluetick,floppy,images/test/n02088632_3545.jpg
n02088632_401.jpg,n02088632_401,test,n02088632,bluetick,floppy,images/test/n02088632_401.jpg
n02089078_1793.jpg,n02089078_1793,test,n02089078,black-and-tan_coonhound,floppy,images/test/n02089078_1793.jpg
n02089078_3182.jpg,n02089078_3182,test,n02089078,black-and-tan_coonhound,floppy,images/test/n02089078_3182.jpg
n02089078_3183.jpg,n02089078_3183,test,n02089078,black-and-tan_coonhound,floppy,images/test/n02089078_3183.jpg
n02089078_3648.jpg,n02089078_3648,test,n02089078,black-and-tan_coonhound,floppy,images/test/n02089078_3648.jpg
n02089867_1212.jpg,n02089867_1212,test,n02089867,Walker_hound,floppy,images/test/n02089867_1212.jpg
n02089867_2061.jpg,n02089867_2061,test,n02089867,Walker_hound,floppy,images/test/n02089867_2061.jpg
n02089867_2382.jpg,n02089867_2382,test,n02089867,Walker_hound,floppy,images/test/n02089867_2382.jpg
n02089867_24.jpg,n02089867_24,test,n02089867,Walker_hound,floppy,images/test/n02089867_24.jpg
n02089973_2017.jpg,n02089973_2017,test,n02089973,English_foxhound,floppy,images/test/n02089973_2017.jpg
n02089973_2093.jpg,n02089973_2093,test,n02089973,English_foxhound,floppy,images/test/n02089973_2093.jpg
n02089973_3454.jpg,n02089973_3454,test,n02089973,English_foxhound,floppy,images/test/n02089973_3454.jpg
n02089973_888.jpg,n02089973_888,test,n02089973,English_foxhound,floppy,images/test/n02089973_888.jpg
n02090379_1630.jpg,n02090379_1630,test,n02090379,redbone,floppy,images/test/n02090379_1630.jpg
n02090379_5063.jpg,n02090379_5063,test,n02090379,redbone,floppy,images/test/n02090379_5063.jpg
n02090379_5200.jpg,n02090379_5200,test,n02090379,redbone,floppy,images/test/n02090379_5200.jpg
n02090379_91.jpg,n02090379_91,test,n02090379,redbone,floppy,images/test/n02090379_91.jpg
n02090622_10281.jpg,n02090622_10281,test,n02090622,borzoi,half_floppy,images/test/n02090622_10281.jpg
n02090622_5885.jpg,n02090622_5885,test,n02090622,borzoi,half_floppy,images/test/n02090622_5885.jpg
n02090622_5956.jpg,n02090622_5956,test,n02090622,borzoi,half_floppy,images/test/n02090622_5956.jpg
n02090622_7799.jpg,n02090622_7799,test,n02090622,borzoi,half_floppy,images/test/n02090622_7799.jpg
n02090721_296.jpg,n02090721_296,test,n02090721,Irish_wolfhound,floppy,images/test/n02090721_296.jpg
n02090721_3667.jpg,n02090721_3667,test,n02090721,Irish_wolfhound,floppy,images/test/n02090721_3667.jpg
n02090721_3866.jpg,n02090721_3866,test,n02090721,Irish_wolfhound,floppy,images/test/n02090721_3866.jpg
n02090721_943.jpg,n02090721_943,test,n02090721,Irish_wolfhound,floppy,images/test/n02090721_943.jpg
n02091032_135.jpg,n02091032_135,test,n02091032,Italian_greyhound,half_floppy,images/test/n02091032_135.jpg
n02091032_1396.jpg,n02091032_1396,test,n02091032,Italian_greyhound,half_floppy,images/test/n02091032_1396.jpg
n02091032_2472.jpg,n02091032_2472,test,n02091032,Italian_greyhound,half_floppy,images/test/n02091032_2472.jpg
n02091032_6037.jpg,n02091032_6037,test,n02091032,Italian_greyhound,half_floppy,images/test/n02091032_6037.jpg
n02091134_3263.jpg,n02091134_3263,test,n02091134,whippet,half_floppy,images/test/n02091134_3263.jpg
n02091134_39.jpg,n02091134_39,test,n02091134,whippet,half_floppy,images/test/n02091134_39.jpg
n02091134_689.jpg,n02091134_689,test,n02091134,whippet,half_floppy,images/test/n02091134_689.jpg
n02091134_738.jpg,n02091134_738,test,n02091134,whippet,half_floppy,images/test/n02091134_738.jpg
n02091244_110.jpg,n02091244_110,test,n02091244,Ibizan_hound,pointy,images/test/n02091244_110.jpg
n02091244_289.jpg,n02091244_289,test,n02091244,Ibizan_hound,pointy,images/test/n02091244_289.jpg
n02091244_3157.jpg,n02091244_3157,test,n02091244,Ibizan_hound,pointy,images/test/n02091244_3157.jpg
n02091244_85.jpg,n02091244_85,test,n02091244,Ibizan_hound,pointy,images/test/n02091244_85.jpg
n02091467_4436.jpg,n02091467_4436,test,n02091467,Norwegian_elkhound,pointy,images/test/n02091467_4436.jpg
n02091467_4544.jpg,n02091467_4544,test,n02091467,Norwegian_elkhound,pointy,images/test/n02091467_4544.jpg
n02091467_473.jpg,n02091467_473,test,n02091467,Norwegian_elkhound,pointy,images/test/n02091467_473.jpg
n02091467_7151.jpg,n02091467_7151,test,n02091467,Norwegian_elkhound,pointy,images/test/n02091467_7151.jpg
n02091635_2377.jpg,n02091635_2377,test,n02091635,otterhound,floppy,images/test/n02091635_2377.jpg
n02091635_3479.jpg,n02091635_3479,test,n02091635,otterhound,floppy,images/test/n02091635_3479.jpg
n02091635_3586.jpg,n02091635_3586,test,n02091635,otterhound,floppy,images/test/n02091635_3586.jpg
n02091635_3916.jpg,n02091635_3916,test,n02091635,otterhound,floppy,images/test/n02091635_3916.jpg
n02091831_1387.jpg,n02091831_1387,test,n02091831,Saluki,floppy,images/test/n02091831_1387.jpg
n02091831_1400.jpg,n02091831_1400,test,n02091831,Saluki,floppy,images/test/n02091831_1400.jpg
n02091831_1565.jpg,n02091831_1565,test,n02091831,Saluki,floppy,images/test/n02091831_1565.jpg
n02091831_97.jpg,n02091831_97,test,n02091831,Saluki,floppy,images/test/n02091831_97.jpg
n02092002_11087.jpg,n02092002_11087,test,n02092002,Scottish_deerhound,floppy,images/test/n02092002_11087.jpg
n02092002_228.jpg,n02092002_228,test,n02092002,Scottish_deerhound,floppy,images/test/n02092002_228.jpg
n02092002_2372.jpg,n02092002_2372,test,n02092002,Scottish_deerhound,floppy,images/test/n02092002_2372.jpg
n02092002_700.jpg,n02092002_700,test,n02092002,Scottish_deerhound,floppy,images/test/n02092002_700.jpg
n02092339_1672.jpg,n02092339_1672,test,n02092339,Weimaraner,floppy,images/test/n02092339_1672.jpg
n02092339_2752.jpg,n02092339_2752,test,n02092339,Weimaraner,floppy,images/test/n02092339_2752.jpg
n02092339_3212.jpg,n02092339_3212,test,n02092339,Weimaraner,floppy,images/test/n02092339_3212.jpg
n02092339_75.jpg,n02092339_75,test,n02092339,Weimaraner,floppy,images/test/n02092339_75.jpg
n02093256_1272.jpg,n02093256_1272,test,n02093256,Staffordshire_bullterrier,half_floppy,images/test/n02093256_1272.jpg
n02093256_2748.jpg,n02093256_2748,test,n02093256,Staffordshire_bullterrier,half_floppy,images/test/n02093256_2748.jpg
n02093256_2780.jpg,n02093256_2780,test,n02093256,Staffordshire_bullterrier,half_floppy,images/test/n02093256_2780.jpg
n02093256_567.jpg,n02093256_567,test,n02093256,Staffordshire_bullterrier,half_floppy,images/test/n02093256_567.jpg
n02093428_10929.jpg,n02093428_10929,test,n02093428,American_Staffordshire_terrier,half_floppy,images/test/n02093428_10929.jpg
n02093428_3269.jpg,n02093428_3269,test,n02093428,American_Staffordshire_terrier,half_floppy,images/test/n02093428_3269.jpg
n02093428_3329.jpg,n02093428_3329,test,n02093428,American_Staffordshire_terrier,half_floppy,images/test/n02093428_3329.jpg
n02093428_7353.jpg,n02093428_7353,test,n02093428,American_Staffordshire_terrier,half_floppy,images/test/n02093428_7353.jpg
n02093647_291.jpg,n02093647_291,test,n02093647,Bedlington_terrier,floppy,images/test/n02093647_291.jpg
n02093647_3079.jpg,n02093647_3079,test,n02093647,Bedlington_terrier,floppy,images/test/n02093647_3079.jpg
n02093647_645.jpg,n02093647_645,test,n02093647,Bedlington_terrier,floppy,images/test/n02093647_645.jpg
n02093647_99.jpg,n02093647_99,test,n02093647,Bedlington_terrier,floppy,images/test/n02093647_99.jpg
n02093754_367.jpg,n02093754_367,test,n02093754,Border_terrier,floppy,images/test/n02093754_367.jpg
n02093754_5975.jpg,n02093754_5975,test,n02093754,Border_terrier,floppy,images/test/n02093754_5975.jpg
n02093754_687.jpg,n02093754_687,test,n02093754,Border_terrier,floppy,images/test/n02093754_687.jpg
n02093754_773.jpg,n02093754_773,test,n02093754,Border_terrier,floppy,images/test/n02093754_773.jpg
n02093859_2309.jpg,n02093859_2309,test,n02093859,Kerry_blue_terrier,half_floppy,images/test/n02093859_2309.jpg
n02093859_2966.jpg,n02093859_2966,test,n02093859,Kerry_blue_terrier,half_floppy,images/test/n02093859_2966.jpg
n02093859_3272.jpg,n02093859_3272,test,n02093859,Kerry_blue_terrier,half_floppy,images/test/n02093859_3272.jpg
n02093859_913.jpg,n02093859_913,test,n02093859,Kerry_blue_terrier,half_floppy,images/test/n02093859_913.jpg
n02093991_1142.jpg,n02093991_1142,test,n02093991,Irish_terrier,half_floppy,images/test/n02093991_1142.jpg
n02093991_3144.jpg,n02093991_3144,test,n02093991,Irish_terrier,half_floppy,images/test/n02093991_3144.jpg
n02093991_3330.jpg,n02093991_3330,test,n02093991,Irish_terrier,half_floppy,images/test/n02093991_3330.jpg
n02093991_3838.jpg,n02093991_3838,test,n02093991,Irish_terrier,half_floppy,images/test/n02093991_3838.jpg
n02094114_1173.jpg,n02094114_1173,test,n02094114,Norfolk_terrier,half_floppy,images/test/n02094114_1173.jpg
n02094114_1985.jpg,n02094114_1985,test,n02094114,Norfolk_terrier,half_floppy,images/test/n02094114_1985.jpg
n02094114_2206.jpg,n02094114_2206,test,n02094114,Norfolk_terrier,half_floppy,images/test/n02094114_2206.jpg
n02094114_99.jpg,n02094114_99,test,n02094114,Norfolk_terrier,half_floppy,images/test/n02094114_99.jpg
n02094258_1703.jpg,n02094258_1703,test,n02094258,Norwich_terrier,pointy,images/test/n02094258_1703.jpg
n02094258_2159.jpg,n02094258_2159,test,n02094258,Norwich_terrier,pointy,images/test/n02094258_2159.jpg
n02094258_2870.jpg,n02094258_2870,test,n02094258,Norwich_terrier,pointy,images/test/n02094258_2870.jpg
n02094258_322.jpg,n02094258_322,test,n02094258,Norwich_terrier,pointy,images/test/n02094258_322.jpg
n02094433_1312.jpg,n02094433_1312,test,n02094433,Yorkshire_terrier,pointy,images/test/n02094433_1312.jpg
n02094433_1490.jpg,n02094433_1490,test,n02094433,Yorkshire_terrier,pointy,images/test/n02094433_1490.jpg
n02094433_3560.jpg,n02094433_3560,test,n02094433,Yorkshire_terrier,pointy,images/test/n02094433_3560.jpg
n02094433_5500.jpg,n02094433_5500,test,n02094433,Yorkshire_terrier,pointy,images/test/n02094433_5500.jpg
n02095314_2310.jpg,n02095314_2310,test,n02095314,wire-haired_fox_terrier,half_floppy,images/test/n02095314_2310.jpg
n02095314_2754.jpg,n02095314_2754,test,n02095314,wire-haired_fox_terrier,half_floppy,images/test/n02095314_2754.jpg
n02095314_2904.jpg,n02095314_2904,test,n02095314,wire-haired_fox_terrier,half_floppy,images/test/n02095314_2904.jpg
n02095314_3472.jpg,n02095314_3472,test,n02095314,wire-haired_fox_terrier,half_floppy,images/test/n02095314_3472.jpg
n02095570_201.jpg,n02095570_201,test,n02095570,Lakeland_terrier,half_floppy,images/test/n02095570_201.jpg
n02095570_5880.jpg,n02095570_5880,test,n02095570,Lakeland_terrier,half_floppy,images/test/n02095570_5880.jpg
n02095570_774.jpg,n02095570_774,test,n02095570,Lakeland_terrier,half_floppy,images/test/n02095570_774.jpg
n02095570_918.jpg,n02095570_918,test,n02095570,Lakeland_terrier,half_floppy,images/test/n02095570_918.jpg
n02095889_1241.jpg,n02095889_1241,test,n02095889,Sealyham_terrier,floppy,images/test/n02095889_1241.jpg
n02095889_2319.jpg,n02095889_2319,test,n02095889,Sealyham_terrier,floppy,images/test/n02095889_2319.jpg
n02095889_41.jpg,n02095889_41,test,n02095889,Sealyham_terrier,floppy,images/test/n02095889_41.jpg
n02095889_588.jpg,n02095889_588,test,n02095889,Sealyham_terrier,floppy,images/test/n02095889_588.jpg
n02096051_441.jpg,n02096051_441,test,n02096051,Airedale,half_floppy,images/test/n02096051_441.jpg
n02096051_517.jpg,n02096051_517,test,n02096051,Airedale,half_floppy,images/test/n02096051_517.jpg
n02096051_5467.jpg,n02096051_5467,test,n02096051,Airedale,half_floppy,images/test/n02096051_5467.jpg
n02096051_7677.jpg,n02096051_7677,test,n02096051,Airedale,half_floppy,images/test/n02096051_7677.jpg
n02096177_11706.jpg,n02096177_11706,test,n02096177,cairn,pointy,images/test/n02096177_11706.jpg
n02096177_1434.jpg,n02096177_1434,test,n02096177,cairn,pointy,images/test/n02096177_1434.jpg
n02096177_3203.jpg,n02096177_3203,test,n02096177,cairn,pointy,images/test/n02096177_3203.jpg
n02096177_512.jpg,n02096177_512,test,n02096177,cairn,pointy,images/test/n02096177_512.jpg
n02096294_3642.jpg,n02096294_3642,test,n02096294,Australian_terrier,pointy,images/test/n02096294_3642.jpg
n02096294_4535.jpg,n02096294_4535,test,n02096294,Australian_terrier,pointy,images/test/n02096294_4535.jpg
n02096294_5449.jpg,n02096294_5449,test,n02096294,Australian_terrier,pointy,images/test/n02096294_5449.jpg
n02096294_8702.jpg,n02096294_8702,test,n02096294,Australian_terrier,pointy,images/test/n02096294_8702.jpg
n02096437_1135.jpg,n02096437_1135,test,n02096437,Dandie_Dinmont,floppy,images/test/n02096437_1135.jpg
n02096437_3776.jpg,n02096437_3776,test,n02096437,Dandie_Dinmont,floppy,images/test/n02096437_3776.jpg
n02096437_4318.jpg,n02096437_4318,test,n02096437,Dandie_Dinmont,floppy,images/test/n02096437_4318.jpg
n02096437_48.jpg,n02096437_48,test,n02096437,Dandie_Dinmont,floppy,images/test/n02096437_48.jpg
n02096585_12716.jpg,n02096585_12716,test,n02096585,Boston_bull,pointy,images/test/n02096585_12716.jpg
n02096585_2493.jpg,n02096585_2493,test,n02096585,Boston_bull,pointy,images/test/n02096585_2493.jpg
n02096585_311.jpg,n02096585_311,test,n02096585,Boston_bull,pointy,images/test/n02096585_311.jpg
n02096585_6766.jpg,n02096585_6766,test,n02096585,Boston_bull,pointy,images/test/n02096585_6766.jpg
n02097047_1921.jpg,n02097047_1921,test,n02097047,miniature_schnauzer,half_floppy,images/test/n02097047_1921.jpg
n02097047_3103.jpg,n02097047_3103,test,n02097047,miniature_schnauzer,half_floppy,images/test/n02097047_3103.jpg
n02097047_6188.jpg,n02097047_6188,test,n02097047,miniature_schnauzer,half_floppy,images/test/n02097047_6188.jpg
n02097047_6744.jpg,n02097047_6744,test,n02097047,miniature_schnauzer,half_floppy,images/test/n02097047_6744.jpg
n02097130_1358.jpg,n02097130_1358,test,n02097130,giant_schnauzer,half_floppy,images/test/n02097130_1358.jpg
n02097130_2904.jpg,n02097130_2904,test,n02097130,giant_schnauzer,half_floppy,images/test/n02097130_2904.jpg
n02097130_3082.jpg,n02097130_3082,test,n02097130,giant_schnauzer,half_floppy,images/test/n02097130_3082.jpg
n02097130_888.jpg,n02097130_888,test,n02097130,giant_schnauzer,half_floppy,images/test/n02097130_888.jpg
n02097209_1303.jpg,n02097209_1303,test,n02097209,standard_schnauzer,half_floppy,images/test/n02097209_1303.jpg
n02097209_3401.jpg,n02097209_3401,test,n02097209,standard_schnauzer,half_floppy,images/test/n02097209_3401.jpg
n02097209_3880.jpg,n02097209_3880,test,n02097209,standard_schnauzer,half_floppy,images/test/n02097209_3880.jpg
n02097209_4178.jpg,n02097209_4178,test,n02097209,standard_schnauzer,half_floppy,images/test/n02097209_4178.jpg
n02097298_2868.jpg,n02097298_2868,test,n02097298,Scotch_terrier,pointy,images/test/n02097298_2868.jpg
n02097298_6740.jpg,n02097298_6740,test,n02097298,Scotch_terrier,pointy,images/test/n02097298_6740.jpg
n02097298_7694.jpg,n02097298_7694,test,n02097298,Scotch_terrier,pointy,images/test/n02097298_7694.jpg
n02097298_9251.jpg,n02097298_9251,test,n02097298,Scotch_terrier,pointy,images/test/n02097298_9251.jpg
n02097474_120.jpg,n02097474_120,test,n02097474,Tibetan_terrier,floppy,images/test/n02097474_120.jpg
n02097474_1661.jpg,n02097474_1661,test,n02097474,Tibetan_terrier,floppy,images/test/n02097474_1661.jpg
n02097474_1963.jpg,n02097474_1963,test,n02097474,Tibetan_terrier,floppy,images/test/n02097474_1963.jpg
n02097474_7545.jpg,n02097474_7545,test,n02097474,Tibetan_terrier,floppy,images/test/n02097474_7545.jpg
n02097658_1270.jpg,n02097658_1270,test,n02097658,silky_terrier,pointy,images/test/n02097658_1270.jpg
n02097658_3345.jpg,n02097658_3345,test,n02097658,silky_terrier,pointy,images/test/n02097658_3345.jpg
n02097658_5548.jpg,n02097658_5548,test,n02097658,silky_terrier,pointy,images/test/n02097658_5548.jpg
n02097658_8323.jpg,n02097658_8323,test,n02097658,silky_terrier,pointy,images/test/n02097658_8323.jpg
n02098105_1578.jpg,n02098105_1578,test,n02098105,soft-coated_wheaten_terrier,half_floppy,images/test/n02098105_1578.jpg
n02098105_1627.jpg,n02098105_1627,test,n02098105,soft-coated_wheaten_terrier,half_floppy,images/test/n02098105_1627.jpg
n02098105_2474.jpg,n02098105_2474,test,n02098105,soft-coated_wheaten_terrier,half_floppy,images/test/n02098105_2474.jpg
n02098105_2477.jpg,n02098105_2477,test,n02098105,soft-coated_wheaten_terrier,half_floppy,images/test/n02098105_2477.jpg
n02098286_2743.jpg,n02098286_2743,test,n02098286,West_Highland_white_terrier,pointy,images/test/n02098286_2743.jpg
n02098286_302.jpg,n02098286_302,test,n02098286,West_Highland_white_terrier,pointy,images/test/n02098286_302.jpg
n02098286_4011.jpg,n02098286_4011,test,n02098286,West_Highland_white_terrier,pointy,images/test/n02098286_4011.jpg
n02098286_4250.jpg,n02098286_4250,test,n02098286,West_Highland_white_terrier,pointy,images/test/n02098286_4250.jpg
n02098413_1137.jpg,n02098413_1137,test,n02098413,Lhasa,floppy,images/test/n02098413_1137.jpg
n02098413_1522.jpg,n02098413_1522,test,n02098413,Lhasa,floppy,images/test/n02098413_1522.jpg
n02098413_20614.jpg,n02098413_20614,test,n02098413,Lhasa,floppy,images/test/n02098413_20614.jpg
n02098413_3899.jpg,n02098413_3899,test,n02098413,Lhasa,floppy,images/test/n02098413_3899.jpg
n02099267_3494.jpg,n02099267_3494,test,n02099267,flat-coated_retriever,floppy,images/test/n02099267_3494.jpg
n02099267_3605.jpg,n02099267_3605,test,n02099267,flat-coated_retriever,floppy,images/test/n02099267_3605.jpg
n02099267_3900.jpg,n02099267_3900,test,n02099267,flat-coated_retriever,floppy,images/test/n02099267_3900.jpg
n02099267_721.jpg,n02099267_721,test,n02099267,flat-coated_retriever,floppy,images/test/n02099267_721.jpg
n02099429_3026.jpg,n02099429_3026,test,n02099429,curly-coated_retriever,floppy,images/test/n02099429_3026.jpg
n02099429_398.jpg,n02099429_398,test,n02099429,curly-coated_retriever,floppy,images/test/n02099429_398.jpg
n02099429_814.jpg,n02099429_814,test,n02099429,curly-coated_retriever,floppy,images/test/n02099429_814.jpg
n02099429_817.jpg,n02099429_817,test,n02099429,curly-coated_retriever,floppy,images/test/n02099429_817.jpg
n02099601_142.jpg,n02099601_142,test,n02099601,golden_retriever,floppy,images/test/n02099601_142.jpg
n02099601_2029.jpg,n02099601_2029,test,n02099601,golden_retriever,floppy,images/test/n02099601_2029.jpg
n02099601_2688.jpg,n02099601_2688,test,n02099601,golden_retriever,floppy,images/test/n02099601_2688.jpg
n02099601_7304.jpg,n02099601_7304,test,n02099601,golden_retriever,floppy,images/test/n02099601_7304.jpg
n02099712_5008.jpg,n02099712_5008,test,n02099712,Labrador_retriever,floppy,images/test/n02099712_5008.jpg
n02099712_5689.jpg,n02099712_5689,test,n02099712,Labrador_retriever,floppy,images/test/n02099712_5689.jpg
n02099712_57.jpg,n02099712_57,test,n02099712,Labrador_retriever,floppy,images/test/n02099712_57.jpg
n02099712_854.jpg,n02099712_854,test,n02099712,Labrador_retriever,floppy,images/test/n02099712_854.jpg
n02099849_2836.jpg,n02099849_2836,test,n02099849,Chesapeake_Bay_retriever,floppy,images/test/n02099849_2836.jpg
n02099849_3315.jpg,n02099849_3315,test,n02099849,Chesapeake_Bay_retriever,floppy,images/test/n02099849_3315.jpg
n02099849_338.jpg,n02099849_338,test,n02099849,Chesapeake_Bay_retriever,floppy,images/test/n02099849_338.jpg
n02099849_4287.jpg,n02099849_4287,test,n02099849,Chesapeake_Bay_retriever,floppy,images/test/n02099849_4287.jpg
n02100236_2824.jpg,n02100236_2824,test,n02100236,German_short-haired_pointer,floppy,images/test/n02100236_2824.jpg
n02100236_4295.jpg,n02100236_4295,test,n02100236,German_short-haired_pointer,floppy,images/test/n02100236_4295.jpg
n02100236_4900.jpg,n02100236_4900,test,n02100236,German_short-haired_pointer,floppy,images/test/n02100236_4900.jpg
n02100236_5201.jpg,n02100236_5201,test,n02100236,German_short-haired_pointer,floppy,images/test/n02100236_5201.jpg
n02100583_1318.jpg,n02100583_1318,test,n02100583,vizsla,floppy,images/test/n02100583_1318.jpg
n02100583_3713.jpg,n02100583_3713,test,n02100583,vizsla,floppy,images/test/n02100583_3713.jpg
n02100583_6000.jpg,n02100583_6000,test,n02100583,vizsla,floppy,images/test/n02100583_6000.jpg
n02100583_6994.jpg,n02100583_6994,test,n02100583,vizsla,floppy,images/test/n02100583_6994.jpg
n02100735_3458.jpg,n02100735_3458,test,n02100735,English_setter,floppy,images/test/n02100735_3458.jpg
n02100735_5821.jpg,n02100735_5821,test,n02100735,English_setter,floppy,images/test/n02100735_5821.jpg
n02100735_7154.jpg,n02100735_7154,test,n02100735,English_setter,floppy,images/test/n02100735_7154.jpg
n02100735_9958.jpg,n02100735_9958,test,n02100735,English_setter,floppy,images/test/n02100735_9958.jpg
n02100877_2989.jpg,n02100877_2989,test,n02100877,Irish_setter,floppy,images/test/n02100877_2989.jpg
n02100877_3417.jpg,n02100877_3417,test,n02100877,Irish_setter,floppy,images/test/n02100877_3417.jpg
n02100877_602.jpg,n02100877_602,test,n02100877,Irish_setter,floppy,images/test/n02100877_602.jpg
n02100877_916.jpg,n02100877_916,test,n02100877,Irish_setter,floppy,images/test/n02100877_916.jpg
n02101006_4488.jpg,n02101006_4488,test,n02101006,Gordon_setter,floppy,images/test/n02101006_4488.jpg
n02101006_4757.jpg,n02101006_4757,test,n02101006,Gordon_setter,floppy,images/test/n02101006_4757.jpg
n02101006_677.jpg,n02101006_677,test,n02101006,Gordon_setter,floppy,images/test/n02101006_677.jpg
n02101006_8020.jpg,n02101006_8020,test,n02101006,Gordon_setter,floppy,images/test/n02101006_8020.jpg
n02101388_1965.jpg,n02101388_1965,test,n02101388,Brittany_spaniel,floppy,images/test/n02101388_1965.jpg
n02101388_2177.jpg,n02101388_2177,test,n02101388,Brittany_spaniel,floppy,images/test/n02101388_2177.jpg
n02101388_2429.jpg,n02101388_2429,test,n02101388,Brittany_spaniel,floppy,images/test/n02101388_2429.jpg
n02101388_2773.jpg,n02101388_2773,test,n02101388,Brittany_spaniel,floppy,images/test/n02101388_2773.jpg
n02101556_1991.jpg,n02101556_1991,test,n02101556,clumber,floppy,images/test/n02101556_1991.jpg
n02101556_4213.jpg,n02101556_4213,test,n02101556,clumber,floppy,images/test/n02101556_4213.jpg
n02101556_5448.jpg,n02101556_5448,test,n02101556,clumber,floppy,images/test/n02101556_5448.jpg
n02101556_6433.jpg,n02101556_6433,test,n02101556,clumber,floppy,images/test/n02101556_6433.jpg
n02102040_2986.jpg,n02102040_2986,test,n02102040,English_springer,floppy,images/test/n02102040_2986.jpg
n02102040_5754.jpg,n02102040_5754,test,n02102040,English_springer,floppy,images/test/n02102040_5754.jpg
n02102040_876.jpg,n02102040_876,test,n02102040,English_springer,floppy,images/test/n02102040_876.jpg
n02102040_97.jpg,n02102040_97,test,n02102040,English_springer,floppy,images/test/n02102040_97.jpg
n02102177_1471.jpg,n02102177_1471,test,n02102177,Welsh_springer_spaniel,floppy,images/test/n02102177_1471.jpg
n02102177_3917.jpg,n02102177_3917,test,n02102177,Welsh_springer_spaniel,floppy,images/test/n02102177_3917.jpg
n02102177_4232.jpg,n02102177_4232,test,n02102177,Welsh_springer_spaniel,floppy,images/test/n02102177_4232.jpg
n02102177_4332.jpg,n02102177_4332,test,n02102177,Welsh_springer_spaniel,floppy,images/test/n02102177_4332.jpg
n02102318_10261.jpg,n02102318_10261,test,n02102318,cocker_spaniel,floppy,images/test/n02102318_10261.jpg
n02102318_11228.jpg,n02102318_11228,test,n02102318,cocker_spaniel,floppy,images/test/n02102318_11228.jpg
n02102318_5855.jpg,n02102318_5855,test,n02102318,cocker_spaniel,floppy,images/test/n02102318_5855.jpg
n02102318_9425.jpg,n02102318_9425,test,n02102318,cocker_spaniel,floppy,images/test/n02102318_9425.jpg
n02102480_2875.jpg,n02102480_2875,test,n02102480,Sussex_spaniel,floppy,images/test/n02102480_2875.jpg
n02102480_4743.jpg,n02102480_4743,test,n02102480,Sussex_spaniel,floppy,images/test/n02102480_4743.jpg
n02102480_5440.jpg,n02102480_5440,test,n02102480,Sussex_spaniel,floppy,images/test/n02102480_5440.jpg
n02102480_5873.jpg,n02102480_5873,test,n02102480,Sussex_spaniel,floppy,images/test/n02102480_5873.jpg
n02102973_2449.jpg,n02102973_2449,test,n02102973,Irish_water_spaniel,floppy,images/test/n02102973_2449.jpg
n02102973_3461.jpg,n02102973_3461,test,n02102973,Irish_water_spaniel,floppy,images/test/n02102973_3461.jpg
n02102973_3646.jpg,n02102973_3646,test,n02102973,Irish_water_spaniel,floppy,images/test/n02102973_3646.jpg
n02102973_4253.jpg,n02102973_4253,test,n02102973,Irish_water_spaniel,floppy,images/test/n02102973_4253.jpg
n02104029_1510.jpg,n02104029_1510,test,n02104029,kuvasz,floppy,images/test/n02104029_1510.jpg
n02104029_1781.jpg,n02104029_1781,test,n02104029,kuvasz,floppy,images/test/n02104029_1781.jpg
n02104029_2417.jpg,n02104029_2417,test,n02104029,kuvasz,floppy,images/test/n02104029_2417.jpg
n02104029_690.jpg,n02104029_690,test,n02104029,kuvasz,floppy,images/test/n02104029_690.jpg
n02104365_3383.jpg,n02104365_3383,test,n02104365,schipperke,pointy,images/test/n02104365_3383.jpg
n02104365_7501.jpg,n02104365_7501,test,n02104365,schipperke,pointy,images/test/n02104365_7501.jpg
n02104365_8525.jpg,n02104365_8525,test,n02104365,schipperke,pointy,images/test/n02104365_8525.jpg
n02104365_999.jpg,n02104365_999,test,n02104365,schipperke,pointy,images/test/n02104365_999.jpg
n02105056_1018.jpg,n02105056_1018,test,n02105056,groenendael,pointy,images/test/n02105056_1018.jpg
n02105056_1067.jpg,n02105056_1067,test,n02105056,groenendael,pointy,images/test/n02105056_1067.jpg
n02105056_3538.jpg,n02105056_3538,test,n02105056,groenendael,pointy,images/test/n02105056_3538.jpg
n02105056_6824.jpg,n02105056_6824,test,n02105056,groenendael,pointy,images/test/n02105056_6824.jpg
n02105162_5328.jpg,n02105162_5328,test,n02105162,malinois,pointy,images/test/n02105162_5328.jpg
n02105162_5423.jpg,n02105162_5423,test,n02105162,malinois,pointy,images/test/n02105162_5423.jpg
n02105162_5548.jpg,n02105162_5548,test,n02105162,malinois,pointy,images/test/n02105162_5548.jpg
n02105162_6220.jpg,n02105162_6220,test,n02105162,malinois,pointy,images/test/n02105162_6220.jpg
n02105251_1676.jpg,n02105251_1676,test,n02105251,briard,floppy,images/test/n02105251_1676.jpg
n02105251_5175.jpg,n02105251_5175,test,n02105251,briard,floppy,images/test/n02105251_5175.jpg
n02105251_7127.jpg,n02105251_7127,test,n02105251,briard,floppy,images/test/n02105251_7127.jpg
n02105251_8552.jpg,n02105251_8552,test,n02105251,briard,floppy,images/test/n02105251_8552.jpg
n02105412_417.jpg,n02105412_417,test,n02105412,kelpie,pointy,images/test/n02105412_417.jpg
n02105412_6385.jpg,n02105412_6385,test,n02105412,kelpie,pointy,images/test/n02105412_6385.jpg
n02105412_6431.jpg,n02105412_6431,test,n02105412,kelpie,pointy,images/test/n02105412_6431.jpg
n02105412_7700.jpg,n02105412_7700,test,n02105412,kelpie,pointy,images/test/n02105412_7700.jpg
n02105505_1024.jpg,n02105505_1024,test,n02105505,komondor,floppy,images/test/n02105505_1024.jpg
n02105505_2570.jpg,n02105505_2570,test,n02105505,komondor,floppy,images/test/n02105505_2570.jpg
n02105505_4290.jpg,n02105505_4290,test,n02105505,komondor,floppy,images/test/n02105505_4290.jpg
n02105505_935.jpg,n02105505_935,test,n02105505,komondor,floppy,images/test/n02105505_935.jpg
n02105641_10048.jpg,n02105641_10048,test,n02105641,Old_English_sheepdog,floppy,images/test/n02105641_10048.jpg
n02105641_10672.jpg,n02105641_10672,test,n02105641,Old_English_sheepdog,floppy,images/test/n02105641_10672.jpg
n02105641_11628.jpg,n02105641_11628,test,n02105641,Old_English_sheepdog,floppy,images/test/n02105641_11628.jpg
n02105641_12610.jpg,n02105641_12610,test,n02105641,Old_English_sheepdog,floppy,images/test/n02105641_12610.jpg
n02105855_154.jpg,n02105855_154,test,n02105855,Shetland_sheepdog,half_floppy,images/test/n02105855_154.jpg
n02105855_2853.jpg,n02105855_2853,test,n02105855,Shetland_sheepdog,half_floppy,images/test/n02105855_2853.jpg
n02105855_3292.jpg,n02105855_3292,test,n02105855,Shetland_sheepdog,half_floppy,images/test/n02105855_3292.jpg
n02105855_9415.jpg,n02105855_9415,test,n02105855,Shetland_sheepdog,half_floppy,images/test/n02105855_9415.jpg
n02106030_15631.jpg,n02106030_15631,test,n02106030,collie,half_floppy,images/test/n02106030_15631.jpg
n02106030_5021.jpg,n02106030_5021,test,n02106030,collie,half_floppy,images/test/n02106030_5021.jpg
n02106030_5310.jpg,n02106030_5310,test,n02106030,collie,half_floppy,images/test/n02106030_5310.jpg
n02106030_8697.jpg,n02106030_8697,test,n02106030,collie,half_floppy,images/test/n02106030_8697.jpg
n02106166_324.jpg,n02106166_324,test,n02106166,Border_collie,half_floppy,images/test/n02106166_324.jpg
n02106166_402.jpg,n02106166_402,test,n02106166,Border_collie,half_floppy,images/test/n02106166_402.jpg
n02106166_4107.jpg,n02106166_4107,test,n02106166,Border_collie,half_floppy,images/test/n02106166_4107.jpg
n02106166_5818.jpg,n02106166_5818,test,n02106166,Border_collie,half_floppy,images/test/n02106166_5818.jpg
n02106382_276.jpg,n02106382_276,test,n02106382,Bouvier_des_Flandres,half_floppy,images/test/n02106382_276.jpg
n02106382_3692.jpg,n02106382_3692,test,n02106382,Bouvier_des_Flandres,half_floppy,images/test/n02106382_3692.jpg
n02106382_4177.jpg,n02106382_4177,test,n02106382,Bouvier_des_Flandres,half_floppy,images/test/n02106382_4177.jpg
n02106382_709.jpg,n02106382_709,test,n02106382,Bouvier_des_Flandres,half_floppy,images/test/n02106382_709.jpg
n02106550_11728.jpg,n02106550_11728,test,n02106550,Rottweiler,floppy,images/test/n02106550_11728.jpg
n02106550_3969.jpg,n02106550_3969,test,n02106550,Rottweiler,floppy,images/test/n02106550_3969.jpg
n02106550_3993.jpg,n02106550_3993,test,n02106550,Rottweiler,floppy,images/test/n02106550_3993.jpg
n02106550_8652.jpg,n02106550_8652,test,n02106550,Rottweiler,floppy,images/test/n02106550_8652.jpg
n02106662_104.jpg,n02106662_104,test,n02106662,German_shepherd,pointy,images/test/n02106662_104.jpg
n02106662_17446.jpg,n02106662_17446,test,n02106662,German_shepherd,pointy,images/test/n02106662_17446.jpg
n02106662_26549.jpg,n02106662_26549,test,n02106662,German_shepherd,pointy,images/test/n02106662_26549.jpg
n02106662_3431.jpg,n02106662_3431,test,n02106662,German_shepherd,pointy,images/test/n02106662_3431.jpg
n02107142_14813.jpg,n02107142_14813,test,n02107142,Doberman,pointy,images/test/n02107142_14813.jpg
n02107142_15936.jpg,n02107142_15936,test,n02107142,Doberman,pointy,images/test/n02107142_15936.jpg
n02107142_17899.jpg,n02107142_17899,test,n02107142,Doberman,pointy,images/test/n02107142_17899.jpg
n02107142_7703.jpg,n02107142_7703,test,n02107142,Doberman,pointy,images/test/n02107142_7703.jpg
n02107312_1590.jpg,n02107312_1590,test,n02107312,miniature_pinscher,pointy,images/test/n02107312_1590.jpg
n02107312_496.jpg,n02107312_496,test,n02107312,miniature_pinscher,pointy,images/test/n02107312_496.jpg
n02107312_5792.jpg,n02107312_5792,test,n02107312,miniature_pinscher,pointy,images/test/n02107312_5792.jpg
n02107312_6275.jpg,n02107312_6275,test,n02107312,miniature_pinscher,pointy,images/test/n02107312_6275.jpg
n02107574_1132.jpg,n02107574_1132,test,n02107574,Greater_Swiss_Mountain_dog,floppy,images/test/n02107574_1132.jpg
n02107574_2283.jpg,n02107574_2283,test,n02107574,Greater_Swiss_Mountain_dog,floppy,images/test/n02107574_2283.jpg
n02107574_426.jpg,n02107574_426,test,n02107574,Greater_Swiss_Mountain_dog,floppy,images/test/n02107574_426.jpg
n02107574_750.jpg,n02107574_750,test,n02107574,Greater_Swiss_Mountain_dog,floppy,images/test/n02107574_750.jpg
n02107683_1429.jpg,n02107683_1429,test,n02107683,Bernese_mountain_dog,floppy,images/test/n02107683_1429.jpg
n02107683_275.jpg,n02107683_275,test,n02107683,Bernese_mountain_dog,floppy,images/test/n02107683_275.jpg
n02107683_2881.jpg,n02107683_2881,test,n02107683,Bernese_mountain_dog,floppy,images/test/n02107683_2881.jpg
n02107683_357.jpg,n02107683_357,test,n02107683,Bernese_mountain_dog,floppy,images/test/n02107683_357.jpg
n02107908_1777.jpg,n02107908_1777,test,n02107908,Appenzeller,floppy,images/test/n02107908_1777.jpg
n02107908_4304.jpg,n02107908_4304,test,n02107908,Appenzeller,floppy,images/test/n02107908_4304.jpg
n02107908_5534.jpg,n02107908_5534,test,n02107908,Appenzeller,floppy,images/test/n02107908_5534.jpg
n02107908_691.jpg,n02107908_691,test,n02107908,Appenzeller,floppy,images/test/n02107908_691.jpg
n02108000_2028.jpg,n02108000_2028,test,n02108000,EntleBucher,floppy,images/test/n02108000_2028.jpg
n02108000_2064.jpg,n02108000_2064,test,n02108000,EntleBucher,floppy,images/test/n02108000_2064.jpg
n02108000_2420.jpg,n02108000_2420,test,n02108000,EntleBucher,floppy,images/test/n02108000_2420.jpg
n02108000_987.jpg,n02108000_987,test,n02108000,EntleBucher,floppy,images/test/n02108000_987.jpg
n02108089_13738.jpg,n02108089_13738,test,n02108089,boxer,half_floppy,images/test/n02108089_13738.jpg
n02108089_3557.jpg,n02108089_3557,test,n02108089,boxer,half_floppy,images/test/n02108089_3557.jpg
n02108089_395.jpg,n02108089_395,test,n02108089,boxer,half_floppy,images/test/n02108089_395.jpg
n02108089_7431.jpg,n02108089_7431,test,n02108089,boxer,half_floppy,images/test/n02108089_7431.jpg
n02108422_3379.jpg,n02108422_3379,test,n02108422,bull_mastiff,floppy,images/test/n02108422_3379.jpg
n02108422_4039.jpg,n02108422_4039,test,n02108422,bull_mastiff,floppy,images/test/n02108422_4039.jpg
n02108422_5106.jpg,n02108422_5106,test,n02108422,bull_mastiff,floppy,images/test/n02108422_5106.jpg
n02108422_5234.jpg,n02108422_5234,test,n02108422,bull_mastiff,floppy,images/test/n02108422_5234.jpg
n02108551_1240.jpg,n02108551_1240,test,n02108551,Tibetan_mastiff,floppy,images/test/n02108551_1240.jpg
n02108551_1553.jpg,n02108551_1553,test,n02108551,Tibetan_mastiff,floppy,images/test/n02108551_1553.jpg
n02108551_211.jpg,n02108551_211,test,n02108551,Tibetan_mastiff,floppy,images/test/n02108551_211.jpg
n02108551_4392.jpg,n02108551_4392,test,n02108551,Tibetan_mastiff,floppy,images/test/n02108551_4392.jpg
n02108915_1465.jpg,n02108915_1465,test,n02108915,French_bulldog,pointy,images/test/n02108915_1465.jpg
n02108915_3140.jpg,n02108915_3140,test,n02108915,French_bulldog,pointy,images/test/n02108915_3140.jpg
n02108915_341.jpg,n02108915_341,test,n02108915,French_bulldog,pointy,images/test/n02108915_341.jpg
n02108915_653.jpg,n02108915_653,test,n02108915,French_bulldog,pointy,images/test/n02108915_653.jpg
n02109047_1284.jpg,n02109047_1284,test,n02109047,Great_Dane,floppy,images/test/n02109047_1284.jpg
n02109047_13730.jpg,n02109047_13730,test,n02109047,Great_Dane,floppy,images/test/n02109047_13730.jpg
n02109047_20770.jpg,n02109047_20770,test,n02109047,Great_Dane,floppy,images/test/n02109047_20770.jpg
n02109047_9604.jpg,n02109047_9604,test,n02109047,Great_Dane,floppy,images/test/n02109047_9604.jpg
n02109525_13794.jpg,n02109525_13794,test,n02109525,Saint_Bernard,floppy,images/test/n02109525_13794.jpg
n02109525_15506.jpg,n02109525_15506,test,n02109525,Saint_Bernard,floppy,images/test/n02109525_15506.jpg
n02109525_17182.jpg,n02109525_17182,test,n02109525,Saint_Bernard,floppy,images/test/n02109525_17182.jpg
n02109525_823.jpg,n02109525_823,test,n02109525,Saint_Bernard,floppy,images/test/n02109525_823.jpg
n02109961_11634.jpg,n02109961_11634,test,n02109961,Eskimo_dog,pointy,images/test/n02109961_11634.jpg
n02109961_2608.jpg,n02109961_2608,test,n02109961,Eskimo_dog,pointy,images/test/n02109961_2608.jpg
n02109961_2675.jpg,n02109961_2675,test,n02109961,Eskimo_dog,pointy,images/test/n02109961_2675.jpg
n02109961_391.jpg,n02109961_391,test,n02109961,Eskimo_dog,pointy,images/test/n02109961_391.jpg
n02110063_16713.jpg,n02110063_16713,test,n02110063,malamute,pointy,images/test/n02110063_16713.jpg
n02110063_6391.jpg,n02110063_6391,test,n02110063,malamute,pointy,images/test/n02110063_6391.jpg
n02110063_9360.jpg,n02110063_9360,test,n02110063,malamute,pointy,images/test/n02110063_9360.jpg
n02110063_938.jpg,n02110063_938,test,n02110063,malamute,pointy,images/test/n02110063_938.jpg
n02110185_12498.jpg,n02110185_12498,test,n02110185,Siberian_husky,pointy,images/test/n02110185_12498.jpg
n02110185_2593.jpg,n02110185_2593,test,n02110185,Siberian_husky,pointy,images/test/n02110185_2593.jpg
n02110185_7044.jpg,n02110185_7044,test,n02110185,Siberian_husky,pointy,images/test/n02110185_7044.jpg
n02110185_712.jpg,n02110185_712,test,n02110185,Siberian_husky,pointy,images/test/n02110185_712.jpg
n02110627_10859.jpg,n02110627_10859,test,n02110627,affenpinscher,half_floppy,images/test/n02110627_10859.jpg
n02110627_11283.jpg,n02110627_11283,test,n02110627,affenpinscher,half_floppy,images/test/n02110627_11283.jpg
n02110627_1559.jpg,n02110627_1559,test,n02110627,affenpinscher,half_floppy,images/test/n02110627_1559.jpg
n02110627_6796.jpg,n02110627_6796,test,n02110627,affenpinscher,half_floppy,images/test/n02110627_6796.jpg
n02110806_1396.jpg,n02110806_1396,test,n02110806,basenji,pointy,images/test/n02110806_1396.jpg
n02110806_2006.jpg,n02110806_2006,test,n02110806,basenji,pointy,images/test/n02110806_2006.jpg
n02110806_3489.jpg,n02110806_3489,test,n02110806,basenji,pointy,images/test/n02110806_3489.jpg
n02110806_3974.jpg,n02110806_3974,test,n02110806,basenji,pointy,images/test/n02110806_3974.jpg
n02110958_12149.jpg,n02110958_12149,test,n02110958,pug,half_floppy,images/test/n02110958_12149.jpg
n02110958_14563.jpg,n02110958_14563,test,n02110958,pug,half_floppy,images/test/n02110958_14563.jpg
n02110958_609.jpg,n02110958_609,test,n02110958,pug,half_floppy,images/test/n02110958_609.jpg
n02110958_8583.jpg,n02110958_8583,test,n02110958,pug,half_floppy,images/test/n02110958_8583.jpg
n02111129_164.jpg,n02111129_164,test,n02111129,Leonberg,floppy,images/test/n02111129_164.jpg
n02111129_2974.jpg,n02111129_2974,test,n02111129,Leonberg,floppy,images/test/n02111129_2974.jpg
n02111129_367.jpg,n02111129_367,test,n02111129,Leonberg,floppy,images/test/n02111129_367.jpg
n02111129_4801.jpg,n02111129_4801,test,n02111129,Leonberg,floppy,images/test/n02111129_4801.jpg
n02111277_2261.jpg,n02111277_2261,test,n02111277,Newfoundland,floppy,images/test/n02111277_2261.jpg
n02111277_5879.jpg,n02111277_5879,test,n02111277,Newfoundland,floppy,images/test/n02111277_5879.jpg
n02111277_7062.jpg,n02111277_7062,test,n02111277,Newfoundland,floppy,images/test/n02111277_7062.jpg
n02111277_8579.jpg,n02111277_8579,test,n02111277,Newfoundland,floppy,images/test/n02111277_8579.jpg
n02111500_17.jpg,n02111500_17,test,n02111500,Great_Pyrenees,floppy,images/test/n02111500_17.jpg
n02111500_395.jpg,n02111500_395,test,n02111500,Great_Pyrenees,floppy,images/test/n02111500_395.jpg
n02111500_7983.jpg,n02111500_7983,test,n02111500,Great_Pyrenees,floppy,images/test/n02111500_7983.jpg
n02111500_8209.jpg,n02111500_8209,test,n02111500,Great_Pyrenees,floppy,images/test/n02111500_8209.jpg
n02111889_15376.jpg,n02111889_15376,test,n02111889,Samoyed,pointy,images/test/n02111889_15376.jpg
n02111889_4470.jpg,n02111889_4470,test,n02111889,Samoyed,pointy,images/test/n02111889_4470.jpg
n02111889_5602.jpg,n02111889_5602,test,n02111889,Samoyed,pointy,images/test/n02111889_5602.jpg
n02111889_6566.jpg,n02111889_6566,test,n02111889,Samoyed,pointy,images/test/n02111889_6566.jpg
n02112018_2288.jpg,n02112018_2288,test,n02112018,Pomeranian,pointy,images/test/n02112018_2288.jpg
n02112018_2590.jpg,n02112018_2590,test,n02112018,Pomeranian,pointy,images/test/n02112018_2590.jpg
n02112018_4813.jpg,n02112018_4813,test,n02112018,Pomeranian,pointy,images/test/n02112018_4813.jpg
n02112018_514.jpg,n02112018_514,test,n02112018,Pomeranian,pointy,images/test/n02112018_514.jpg
n02112137_10792.jpg,n02112137_10792,test,n02112137,chow,pointy,images/test/n02112137_10792.jpg
n02112137_1795.jpg,n02112137_1795,test,n02112137,chow,pointy,images/test/n02112137_1795.jpg
n02112137_7616.jpg,n02112137_7616,test,n02112137,chow,pointy,images/test/n02112137_7616.jpg
n02112137_8492.jpg,n02112137_8492,test,n02112137,chow,pointy,images/test/n02112137_8492.jpg
n02112350_10100.jpg,n02112350_10100,test,n02112350,keeshond,pointy,images/test/n02112350_10100.jpg
n02112350_7253.jpg,n02112350_7253,test,n02112350,keeshond,pointy,images/test/n02112350_7253.jpg
n02112350_8631.jpg,n02112350_8631,test,n02112350,keeshond,pointy,images/test/n02112350_8631.jpg
n02112350_9232.jpg,n02112350_9232,test,n02112350,keeshond,pointy,images/test/n02112350_9232.jpg
n02112706_1237.jpg,n02112706_1237,test,n02112706,Brabancon_griffon,half_floppy,images/test/n02112706_1237.jpg
n02112706_1899.jpg,n02112706_1899,test,n02112706,Brabancon_griffon,half_floppy,images/test/n02112706_1899.jpg
n02112706_1995.jpg,n02112706_1995,test,n02112706,Brabancon_griffon,half_floppy,images/test/n02112706_1995.jpg
n02112706_2155.jpg,n02112706_2155,test,n02112706,Brabancon_griffon,half_floppy,images/test/n02112706_2155.jpg
n02113023_2842.jpg,n02113023_2842,test,n02113023,Pembroke,pointy,images/test/n02113023_2842.jpg
n02113023_5050.jpg,n02113023_5050,test,n02113023,Pembroke,pointy,images/test/n02113023_5050.jpg
n02113023_631.jpg,n02113023_631,test,n02113023,Pembroke,pointy,images/test/n02113023_631.jpg
n02113023_9839.jpg,n02113023_9839,test,n02113023,Pembroke,pointy,images/test/n02113023_9839.jpg
n02113186_13272.jpg,n02113186_13272,test,n02113186,Cardigan,pointy,images/test/n02113186_13272.jpg
n02113186_314.jpg,n02113186_314,test,n02113186,Cardigan,pointy,images/test/n02113186_314.jpg
n02113186_4480.jpg,n02113186_4480,test,n02113186,Cardigan,pointy,images/test/n02113186_4480.jpg
n02113186_748.jpg,n02113186_748,test,n02113186,Cardigan,pointy,images/test/n02113186_748.jpg
n02113624_1220.jpg,n02113624_1220,test,n02113624,toy_poodle,floppy,images/test/n02113624_1220.jpg
n02113624_367.jpg,n02113624_367,test,n02113624,toy_poodle,floppy,images/test/n02113624_367.jpg
n02113624_5659.jpg,n02113624_5659,test,n02113624,toy_poodle,floppy,images/test/n02113624_5659.jpg
n02113624_8936.jpg,n02113624_8936,test,n02113624,toy_poodle,floppy,images/test/n02113624_8936.jpg
n02113712_1088.jpg,n02113712_1088,test,n02113712,miniature_poodle,floppy,images/test/n02113712_1088.jpg
n02113712_1331.jpg,n02113712_1331,test,n02113712,miniature_poodle,floppy,images/test/n02113712_1331.jpg
n02113712_459.jpg,n02113712_459,test,n02113712,miniature_poodle,floppy,images/test/n02113712_459.jpg
n02113712_8595.jpg,n02113712_8595,test,n02113712,miniature_poodle,floppy,images/test/n02113712_8595.jpg
n02113799_2333.jpg,n02113799_2333,test,n02113799,standard_poodle,floppy,images/test/n02113799_2333.jpg
n02113799_336.jpg,n02113799_336,test,n02113799,standard_poodle,floppy,images/test/n02113799_336.jpg
n02113799_639.jpg,n02113799_639,test,n02113799,standard_poodle,floppy,images/test/n02113799_639.jpg
n02113799_6819.jpg,n02113799_6819,test,n02113799,standard_poodle,floppy,images/test/n02113799_6819.jpg
n02113978_1478.jpg,n02113978_1478,test,n02113978,Mexican_hairless,pointy,images/test/n02113978_1478.jpg
n02113978_1956.jpg,n02113978_1956,test,n02113978,Mexican_hairless,pointy,images/test/n02113978_1956.jpg
n02113978_2145.jpg,n02113978_2145,test,n02113978,Mexican_hairless,pointy,images/test/n02113978_2145.jpg
n02113978_3220.jpg,n02113978_3220,test,n02113978,Mexican_hairless,pointy,images/test/n02113978_3220.jpg
n02115641_12544.jpg,n02115641_12544,test,n02115641,dingo,pointy,images/test/n02115641_12544.jpg
n02115641_12836.jpg,n02115641_12836,test,n02115641,dingo,pointy,images/test/n02115641_12836.jpg
n02115641_13450.jpg,n02115641_13450,test,n02115641,dingo,pointy,images/test/n02115641_13450.jpg
n02115641_1380.jpg,n02115641_1380,test,n02115641,dingo,pointy,images/test/n02115641_1380.jpg
n02115913_2480.jpg,n02115913_2480,test,n02115913,dhole,pointy,images/test/n02115913_2480.jpg
n02115913_38.jpg,n02115913_38,test,n02115913,dhole,pointy,images/test/n02115913_38.jpg
n02115913_593.jpg,n02115913_593,test,n02115913,dhole,pointy,images/test/n02115913_593.jpg
n02115913_678.jpg,n02115913_678,test,n02115913,dhole,pointy,images/test/n02115913_678.jpg
n02116738_2757.jpg,n02116738_2757,test,n02116738,African_hunting_dog,pointy,images/test/n02116738_2757.jpg
n02116738_6563.jpg,n02116738_6563,test,n02116738,African_hunting_dog,pointy,images/test/n02116738_6563.jpg
n02116738_684.jpg,n02116738_684,test,n02116738,African_hunting_dog,pointy,images/test/n02116738_684.jpg
n02116738_9829.jpg,n02116738_9829,test,n02116738,African_hunting_dog,pointy,images/test/n02116738_9829.jpg
